Workbook

Sheet Leadership
B1: Level | C1: Element エレメント | D1: No | E1: Question 質問 | F1: Answered by 回答者 | G1: How to check 確認方法 | J1: Judgement Criteria 判断基準 | K1: Judgement 判断 | L1: Reason 判断理由
G2: Interview | H2: On-site observation | I2: Document check | J2: Note: Global target number of TMs who are interviewed is 10% and more in the site. Minimum number is 3 TMs in case 10% of all TMs is less than 3. 注記：インタビューする技能員の人数は、全従業員の10%以上をグローバル目標とする。なお10％が3人未満となる場合は、3人を目標とする。
B3: Ad-hoc | C3: Prioritization 優先付け | D3: 1 | E3: Have safety procedures been evaluated to ensure they are compliant with OH&S regulations? 安全手順は、安全衛生法令に準拠するよう、評価されていますか？ | F3: Site manager 事業所長 | G3: レ | J3: The respondent can explain how safety procedures have been evaluated to ensure they are compliant with OH&S regulations. 回答者は、安全手順が労働安全衛生規則に準拠するよう、どのように評価されているか説明できる。
C4: Decisions 意思決定 | D4: 2 | E4: Have you monitored the H&S and DP regulations* which may be applicable for your site and checked that these regulations have been taken place in your sites? (e.g. trainings, mobile equipment, chemicals, flammable materials) 事業所に適用される労働安全衛生・防災関連法令の要求事項を把握し、法要件を順守していますか？（例: 資格・教育、動力車、化学物質管理、可燃物管理） | F4: Site manager 事業所長 | H4: レ | I4: レ | J4: The H&S and DP regulations are listed up and actions in the site are determined. Besides, the site is compliant with these regulations. 労働安全衛生・防災関連法令の要件および事業所で取るべき対応が明確になっている。また、現場確認すると法要件が順守されていることを確認できる。
C5: Support 支援 | D5: 3 | E5: Does your site manager consider safety a priority and address safety at the morning assembly, roll-call, etc.? 事業所長は、安全を第一優先と考え、朝礼や点呼の際に安全に関する話をしていますか？ | F5: Teammate 技能員 | G5: レ | J5: All respondents can show examples that the site manager addresses at the morning assembly, roll call, etc. 回答者全員が、事業所長が点呼・朝礼などで話した安全に関する話の具体例をあげることができた。
B7: Reactive | C7: Support 支援 | D7: 4 | E7: What does site leadership (e.g. site manager and supervisor) do when a serious incident (lost-time-injury, fire accident, etc.) occurs? 重大インシデント（休業災害・出火事故等）発生時、管理監督者（事業所長、作業主任）はどのような対応をとりますか？ | F7: Teammate 技能員 | G7: レ | J7: All respondents stated that site leadership (e.g. site manager and supervisor) was involved in the root cause analysis process when a serious incident (lost-time-injury, fire accident, etc.) occurred 回答者全員が、重大インシデント（休業災害・出火事故等）発生時、管理監督者（事業所長、作業主任）が原因分析プロセス（例:JS分析）に参加対応していると述べた。
C8: Prioritization 優先付け | D8: 5 | E8: Does site manager review lagging OH&S KPIs (e.g. number of incidents, frequency, severity) at least monthly? 事業所長は、結果系KPI(災害・出火事故件数、度数率、強度率等)をフォローし、見直ししていますか？ | F8: Site manager 事業所長 | G8: レ | J8: Site leadership follows safety lagging OH&S KPIs, and give directions to review the safety program if necessary. 事業所長は、結果系KPIをフォローし、必要に応じて安全施策の見直しを指示している。
C9: Prioritization 優先付け | D9: 6 | E9: Are the root causes of incidents categorized and then tracked? 災害の原因は、分類（要因分析）され、追跡（フォロー）されていますか？ | F9: Site manager or if available, site safety 事業所長もしくは拠点安全担当 | I9: レ | J9: The cause of incident in the most recent year has been determined and the countermeasures are followed-up by the termination. 直近１年間の災害(労働災害・業務上疾病・ヒヤリ)の原因が特定され、対策完了までフォローされている。
C10: Decisions 意思決定 | D10: 7 | E10: Are safety initiatives being implemented to improve safety? Is there any document to show that? 安全性向上のために、リーダーシップが発揮されていますか？それを示す書類がありますか？ | F10: Site manager or if available, site safety 事業所長もしくは拠点安全担当 | G10: レ | I10: レ | J10: Site leadership can show a plan to improve safety activities in the site and explain that the plan is implemented. 事業所長は自事業所の安全活動改善計画を提示でき、その計画が実行されていることを説明できる。
B12: Standardized | C12: Support 支援 | D12: 8 | E12: Does Site leaders actively provide feedback to teammates and promote safety whilst on tours? 管理監督者（事業所長および作業主任）は、巡回時、積極的に技能員へフィードバックを行い、安全を推進していますか？ | F12: Site manager and Supervisor 事業所長および作業主任 | G12: レ | J12: The respondents can show an example that they provide feedbacks to teammates to ensure adherence to safety rules, such as procedures, standards, etc. 回答者は、手順、規格などの安全ルールが遵守されるように巡回等の現場確認を行い、技能員へフィードバックをした具体例をあげることができる。
C13: Support 支援 | D13: 9 | E13: What is your responsibility for safety? 安全に関するあなたの責任や義務は何ですか？ | F13: Teammate 技能員 | G13: レ | J13: All respondents can explain their own responsibilities for safety. (e.g. participation of safety activity, etc.) 回答者全員が、安全に関する自身の責任や義務（例：安全活動への参加等）を説明できる。
C14: Decisions 意思決定 | D14: 10 | E14: Do you know how important teammates' involvement in safety is? Besides, do you explain the importance to teammates and involve them in safety activities? あなたは、安全（活動）に従業員を参加させることの重要性を理解していますか？また、その重要性を従業員に説明し、従業員を安全活動に参加させていますか？ | F14: Site manager 事業所長 | G14: レ | J14: Site manager could both explain why teammate involvement in safety management is important and can provide examples of actions taken to promote this and the results of those actions. 事業所長は、安全管理への従業員の参加対応が重要である理由を説明し、その促進活動の例と結果を示すことができる。
C15: Decisions 意思決定 | D15: 11 | E15: Is there a H&S meeting with representation from teammates, leadership and site H&S (if available)? Does leadership give directions to solve issues? 技能員と管理者（事業所長、作業主任等）が出席する安全衛生会議が開催されていますか？事業所長は課題解決のための指示をしていますか？ | F15: Site manager 事業所長 | I15: レ | J15: The meeting minute indicates that the meetings are held at planned intervals and the participants discuss the improvement of safety on site. 会議議事録より、計画された間隔で会議が開催され、出席者が現場の安全性向上について議論していることが確認できる。
C16: Prioritization 優先付け | D16: 12 | E16: Are there repercussions/consequences for teammates that do not follow the Safety Rules and Procedures? 安全ルール違反をした従業員に対し、影響/結果（罰則）はありますか？ | F16: Site manager 事業所長 | I16: レ | J16: Site manager can show disciplinary procedure or documented examples (e.g. consequence matrix) of carrying out disciplinary action, etc. 事業所長は、罰則手順書や罰則事例を提示することができる。
B18: Proactive | C18: Prioritization 優先付け | D18: 13 | E18: Does site manager follow and review "Leading indicators" in their safety result tracking? 事業所長は、安全関連の指標について、先行指標（プロセスKPI）をフォローし、見直ししていますか？ | F18: Site manager 事業所長 | G18: レ | J18: Site leadership follow not only lagging indicator(e.g. # of injuries), but also leading indicators, and give directions to review and/or improve safety programs if necessary. 事業所長は、結果系KPI（災害件数等）だけでなく、先行指標(プロセスKPI）をフォローし、必要に応じて施策の見直し・改善を指示している。
C19: Decisions 意思決定 | D19: 14 | E19: Can you show examples of implemented safety measures based on teammate feedback? 現場の意見を踏まえた上で安全の課題を認識し、その対応や改善に取り組んでいますか？ | F19: Site manager or if available, site safety 事業所長もしくは拠点安全担当 | G19: レ | I19: レ | J19: The respondents can show an example of ongoing safety project with allocated budgets. 回答者は、予算が割り当てられ、現在取り組んでいる安全プロジェクトの具体例を示すことができる。
C20: Prioritization 優先付け | D20: 15 | E20: When creating the annual (or more) safety implementation plan, do you consider the KPI result/progress in previous year? 年次安全衛生実施計画を作る際に、前年度のKPI達成度合いを評価し、翌年度の実施項目や目標を立てていますか？ | F20: Site manager or if available, site safety 事業所長もしくは拠点安全担当 | G20: レ | I20: レ | J20: The respondent can explain an example that was changed from annual planning for previous year and its reason. 前年度から変更した実施項目や目標値と、変更した理由を説明できる。
C21: Support 支援 | D21: 16 | E21: Do you recognize good safety behaviors of teammates and give them rewards? あなたは、技能員の優れた安全行動を認知し、彼らを表彰していますか? | F21: Site manager 事業所長 | G21: レ | J21: Site manager can explain an example of this kind of reward in the most recent year. 事業所長はが、直近1年間の表彰事例を説明することができる。
C22: Support 支援 | D22: 17 | E22: Does management have a mid-term plan including Safety and DP items and their necessary resources to improve safety on site? 管理者は、安全防災項目と必要予算が含まれる中期計画を作成しているか？ | F22: Site manager 事業所長 | I22: レ | J22: The plan clarifies the Safety and/or DP items and their presumed recourses to implement. 中期計画(MBP)は、SBUやBSB本社ガイドラインを考慮し安全防災の項目も折り込み、予算化されている。
B24: Excellence | C24: Decisions 意思決定 | D24: 18 | E24: Have you gathered best practices on safety activity from GBS/SBU, and implement them in the site? GBS/SBUから展開された安全活動の好事例を事業所へ適用し、推進していますか？ | F24: Site manager or if available, site safety 事業所長もしくは拠点安全担当 | G24: レ | J24: The respondents can give examples of industry best practices, where they came from and how they are being implemented on site. 回答者は、業界のベストプラクティスの例、その出所、現場における導入方法を示すことができる。
C25: Support 支援 | D25: 19 | E25: Is there an external/cross site safety meeting? If so, does safety manager share H&S issues or best practices? 他事業所、もしくは社外との安全会議があり、課題や好事例を共有しているか？ | F25: Site manager or if available, site safety 事業所長もしくは拠点安全担当 | I25: レ | J25: Meeting minute indicate that the respondent contributes to discussion in the safety meeting. (e.g. Site managers meeting in SBU, meeting in the local safety association, etc.) 会議議事録より回答者が安全会議(例:SBU内の事業所長会議、地域の安全協力会等)で議論に参加している（安全衛生の改善に向けた困りごと・問題・課題の提起、ベストプラクティスの共有等）ことが確認できる。
C26: Support 支援 | D26: 20 | E26: Do you feel comfortable stopping work if you feel there is a risk of injury? あなたは、災害リスクに直面した際、作業を停止することを、よいことだと感じていますか？ | F26: Teammate 技能員 | G26: レ | J26: All respondents confirm that they feel safety is essential. They are comfortable stopping work when they feel their safety is compromised. 回答者全員、安全が絶対不可欠であると述べた。安全が損なわれると思ったときには、躊躇なく作業を停止できる。
C27: Prioritization 優先付け | D27: 21 | E27: Do you motivate teammates to find and implement new best practices relevant to safety in other BS sites? あなたは、所属員に対し、安全に関するベストプラクティスの収集や実行を推進していますか？ | F27: Site manager 事業所長 | G27: レ | J27: Site manager can explain how he/she motivate teammates to find best practices and how he/she allocate resources to implement them. (e.g. Teammates join in safety meeting where other site's members are present) 事業所長は、所属員に対してベストプラクティスを模索する動機付けの方法、および導入するためのリソースを割り当てる方法を説明できる。 (例. 他事業所との安全会議に所属員も参加する、他事業所へ安全調査に行く等)
C28: Prioritization 優先付け | D28: 22 | E28: Does the site management team benchmark Safety and DP trends in logistics industry / other external companies and consider incorporation into site targets/activities? 物流業界や社外の安全防災動向を収集し、自事業所の活動への取り入れを検討していますか？ | F28: Site manager or if available, site safety 事業所長もしくは拠点安全担当 | G28: レ | J28: The respondent can give example of Safety and DP trends which the management team referred. 回答者は、収集した業界や社外の動向事例を説明することができる。
C31: *Best practice includes information gathered from other sites or external companies. The items which were already standardized are excluded. (E.g. Engineering/recurrence prevention measures defined in the international standard or SBU standard)
C32: *ベストプラクティスには、事業所や他社から入手した好事例が含まれる。但し、既に標準化/規格化/要領化された内容を除く。（例：国際規格やSBU規格に規定されている設備対策・類災対策）
C33: *Incidents: lost-time-injury, fire accident, occupational disease, near-miss, etc. インシデント：災害・火災・業務上疾病・ヒヤリ 等

Sheet TM Engagement
B1: Level | C1: Element エレメント | D1: No | E1: Question 質問 | F1: Answered by 回答者 | G1: How to check 確認方法 | J1: Judgement Criteria 判断基準 | K1: Judgement 判断 | L1: Reason 判断理由
G2: Interview | H2: On-site observation | I2: Document check | J2: Note: Global target number of TMs who are interviewed is 10% and more in the site. Minimum target number is 3 in case 10% of all TMs is <3. 注記：インタビューする技能員の人数は、全従業員の10%以上をグローバル目標とする。なお10％が3人未満となる場合は、3人を目標とする。
B3: Ad-hoc | C3: Capability 能力 | D3: 1 | E3: What are H&S risks relevant to your work? What makes you recognize them? あなたの仕事に関連のある安全衛生リスクは何ですか？そのリスクはどのように教わりましたか？ | F3: Teammate 技能員 | G3: レ | J3: All respondents are trained to recognize the H&S risks applicable in the site. 回答者全員が、自職場の安全衛生関連のリスクを教育訓練で教えられている。
C4: Action 行動 | D4: 2 | E4: What would be considered a priority: complete the operation plan or follow safety procedures? あなたは、作業を計画通り完了させることと安全手順を守ることのどちらが優先されるべきだと考えますか？ | F4: Teammate 技能員 | G4: レ | J4: All respondents know that safety is considered more important than operation. 回答者全員が、作業よりも安全を優先するという意識を持っている。
C5: Capability 能力 | D5: 3 | E5: Are you aware of your personal impact on safety? How do you contribute to improve safety? あなたは、安全に対する自身の影響力を認識していますか？どのように安全向上に貢献していますか？ | F5: Site manager 事業所長 | G5: レ | J5: Site manager stated that they have an impact on teammate safety. They can show an example of their contribution for safety. (e.g. They patrol on site, prioritize safety measures, allocate budget, etc.) 事業所長は、自身が従業員の安全に影響を及ぼすことを認識していると述べ、どのように貢献しているか具体例を説明できる。（例：巡回による安全状況確認、安全対策の優先順位付け、予算割り当て等）
C6: Knowledge 知識 | D6: 4 | E6: What requirement, based on safety regulations do you explain to teammate? 安全に関する法的要求に関して、あなたはどういった内容を技能員に説明していますか？ | F6: Supervisor 作業主任 | G6: レ | J6: The respondent can show an example that they explain safety requirements based on regulation to teammates. 回答者は、安全に関する法的要求事項を技能員へ説明した具体例をあげることができる。
B8: Reactive | C8: Capability 能力 | D8: 5 | E8: Do teammates know how to report incidents? 技能員はインシデント（災害、ヒヤリ等）発生時の報告方法を知っていますか？ | F8: Teammate 技能員 | G8: レ | I8: レ | J8: All respondents can explain how to report when incident happen. A review of the incident records from the last month show that teammates have been reporting incidents and near misses. 回答者全員がインシデント発生時の報告方法を知っている。前月のインシデント記録を検証すると、インシデントやニアミスを従業員が報告していることがわかる。
C9: Action 行動 | D9: 6 | E9: What actions do you take during your operations to prevent reoccurrence of an incident which occurred in your site? 自事業所で発生した災害の再発防止のため、どのような対策を日々実践していますか？ | F9: Teammate 技能員 | G9: レ | J9: All respondents can explain the actions required to prevent the reoccurrence of incident that occurred in their site. They stated that they are involved in the required actions. 回答者全員が、自倉庫で発生した災害の再発防止対策が何か説明することができ、それを実践していると回答した。
C10: Knowledge 知識 | D10: 7 | E10: What incidents and the countermeasures at your site did you receive from managements recently? 最近、事業所長または作業主任から連絡を受けた、自職場のインシデント（災害、ヒヤリ等）とその対策は何ですか？ | F10: Teammate 技能員 | G10: レ | I10: レ | J10: All respondents are informed of recent safety incidents in their site and countermeasures. Their statements match incident records. 回答者全員が、自職場で最近発生した安全インシデント（災害、ヒヤリ等）と対策の連絡を受けている。その回答は、インシデント記録と一致する。
B12: Standardized | C12: Capability 能力 | D12: 8 | E12: What are the most important safety rules in your site/job and why? あなたの職場や作業で最も重要な安全ルールは何ですか？それはなぜですか。 | F12: Teammate 技能員 | G12: レ | J12: All respondents can explain their site/job safety rules and why they are important. 回答者全員が、自分の職場や業務の安全ルールとその重要性を説明できる。
C13: Knowledge 知識 | D13: 9 | E13: Are you regularly trained about your site/job safety rules? あなたは、自分の職場や作業に関する安全ルールについて、定期的に教育を受けていますか？ | F13: Teammate 技能員 | G13: レ | J13: All respondents agreed that they are regularly reminded and trained of their site/job safety rules. 回答者全員が、自分の職場や業務の安全ルールについて定期的に周知・教育されていると回答した。
C14: Action 行動 | D14: 10 | E14: Are the site/job safety rules being followed? 職場や作業における安全ルールは順守されているか？ | F14: Tour 現場確認 | H14: レ | J14: On-site observation indicates that teammates follow their site/job safety rules. 現場確認の結果、技能員が自職場や自業務の安全ルールを守っていた。
B16: Proactive | C16: Capability 能力 | D16: 11 | E16: Do you understand the greatest potential risks in your work, and how they are controlled? あなたは、自分の業務で最も危険なリスクとその管理方法（対策）を理解していますか？ | F16: Teammate 技能員 | G16: レ | J16: All respondents can explain the greatest potential risks in their work and controls to mitigate these risks. 回答者全員が、自分の業務で最も危険なリスクとそのリスク低減措置について説明できる。
C17: Knowledge 知識 | D17: 12 | E17: Have you taken training on residual risks in your work? How are you trained? あなたは、自分の業務の残留リスクについて教育を受けましたか？どのように教育されましたか？ | F17: Teammate 技能員 | G17: レ | J17: All respondents stated that they took the training on residual risks based on the work standard. 回答者全員が、残留リスクについて作業標準ベースに教育を受けていると述べた。
C18: Action 行動 | D18: 13 | E18: Have teammates proposed improvements of H&S risks and risk mitigation measures at the creations or revisions of work standards, training materials, etc? 技能員は、作業標準や教育資料等を作成、改訂する際、安全リスクや低減策の改善提案をしていますか？ | F18: Site manager or if available, site safety 事業所長もしくは拠点安全担当 | I18: レ | J18: Materials indicate that teammates propose improvements of H&S risks and risk mitigation measures at the creations or revisions of work standards, training materials, etc. 文書確認にて、作業標準や教育資料等を作成、改訂する際、技能員が、安全リスクや低減策の改善提案をしていることが示される。
B20: Excellent | C20: Knowledge 知識 | D20: 14 | E20: Are there opportunities to share H&S risks and countermeasures of other sites at the safety meeting in your site? 自事業所の安全会議など、他事業所の安全リスク/対策を共有する場がありますか？ | F20: Teammate 技能員 | I20: レ | J20: Meeting material or minute indicate that H&S risks and countermeasures of other sites have been shared at the safety meeting in your site. 会議資料や議事録より、自事業所の安全会議等で、他事業所の安全リスク/対策について共有されていることが確認できる。
C21: Capability 能力 | D21: 15 | E21: How do you encourage communication between sites to share best-practices and lessons-learned? あなたは、どのように事業所間でベストプラクティスや教訓を共有するためのコミュニケーションを推奨していますか？ | F21: Site manager or if available, site safety 事業所長もしくは拠点安全担当 | G21: レ | J21: The respondent can explain how to share H&S risks and control to mitigate these risks between sites. (e.g. Teammates introduce their safety activities to other site teammates.) 回答者は、安全衛生リスクとリスク低減措置について事業所間でどのように共有するか説明できた。(例. 他事業所との安全交流会で、所属員が自事業所の安全活動を紹介している。)
C22: Action 行動 | D22: 16 | E22: What response would you expect from your colleague when you act unsafe? What will you do if you find unsafe behavior of your colleague? あなたが不安全行動をした場合、あなたの同僚はどのような反応をすると思いますか？もし同僚の不安全行動を見つけたら、あなたはどうしますか？ | F22: Teammate 技能員 | G22: レ | J22: All respondents stated that unsafe behavior is unacceptable and anyone acting unsafe will be corrected by their peers. 回答者全員が、不安全行動は容認できないと述べ、不安全行動をとる者は同僚によって指摘されると述べた。
C25: *Best practice includes information gathered from other sites or external companies. The items which were already standardized are excluded. (E.g. Engineering/recurrence prevention measures defined in the international standard or SBU standard)
C26: *ベストプラクティスには、事業所や他社から入手した好事例が含まれる。但し、既に標準化/規格化/要領化された内容を除く。（例：国際規格やSBU規格に規定されている設備対策・類災対策）

Sheet Organization
B1: Level | C1: Element エレメント | D1: No | E1: Question 質問 | F1: Answered by 回答者 | G1: How to check 確認方法 | J1: Judgement Criteria 判断基準 | K1: Judgement 判断 | L1: Reason 判断理由
G2: Interview | H2: On-site observation | I2: Document check | J2: Note: Global target number of TMs who are interviewed is 10% and more in the site. Minimum target number is 3 in case 10% of all TMs is <3. 注記：インタビューする技能員の人数は、全従業員の10%以上をグローバル目標とする。なお10％が3人未満となる場合は、3人を目標とする。
B3: Ad-hoc | C3: Information 情報 | D3: 1 | E3: Is the legally required H&S training given to all teammates? 法令で要求される安全衛生教育は、全ての従業員に実施されていますか？ | F3: Site manager or if available, site safety 事業所長もしくは拠点安全担当 | I3: レ | J3: Compliance evaluation and training records in the most recent year indicate that H&S training required by regulation has been provided to all teammates. 直近１年間の法令遵守状況評価と教育訓練記録から、法令に定められた安全衛生関連の教育訓練が全従業員に実施されていることが示される。
C4: Communication コミュニケーション | D4: 2 | E4: Do teammates communicate injuries/near-misses/defects to managers, and does management follow up them until close? 管理者は、災害/ヒヤリ/不具合情報を技能員から入手し、対策完了までフォローアップ（追加の確認等）していますか？ | F4: Supervisor 作業主任 | G4: レ | J4: All respondents can show items recently reported to him/her and the examples of follow-ups associated with the reports. 作業主任は、最近報告された内容とそのフォローアップ活動の例を示すことができる。
C5: Communication コミュニケーション | D5: 3 | E5: Are H&S/DP rules communicated to teammates when updated/changed/newly created. 安全衛生や防災に関するルールは、新設/改訂があった際に従業員へ周知されていますか？ | F5: Site manager or if available, site safety 事業所長もしくは拠点安全担当 | I5: レ | J5: Notifications board, document record etc show that updated/created H&S/DP rules are communicated to teammates. 掲示板や教育記録を見ると、新設/改訂のあった安全衛生や防災に関するルール内容が従業員へ周知されていた。
C6: Participation 参加 | D6: 4 | E6: Does management have defined roles and responsibilities for safety activities? 管理者は、自職場の安全活動の担当者の役割を明確にし、任命していますか？ | F6: Site manager 事業所長 | G6: レ | J6: The site manager can explain their roles and responsibilities on safety activity in their teams. 事業所長は、自職場の安全活動における役割と責任を説明できる。
B8: Reactive | C8: Information 情報 | D8: 5 | E8: Are incident investigations carried out by qualified people? 災害調査は、知識・能力をもった者が実施していますか？ | F8: Site manager or if available, site safety 事業所長もしくは拠点安全担当 | I8: レ | J8: A review of the last incident (injury, disease/illness, near-miss) record show that the incident was investigated by qualified people (managements or site safety), and the identified causes were added to the risk tracking. 直近のインシデント（災害・業務上疾病・ヒヤリ）記録より、インシデントが知識・能力を有した者（管理監督者や拠点安全担当）によって調査され、特定された原因はリスク登録簿に追加されていた。
C9: Communication コミュニケーション | D9: 6 | E9: Do you know what safety initiatives are on going on site and how they are performing? 管理者は、現場で実行されている安全の取り組みと、その効果を把握していますか？ | F9: Site manager 事業所長 | G9: レ | J9: All respondents could describe the most recent H&S initiatives (key projects or activities) to improve H&S management on site, and knew if the results were positive or negative. 事業所長は、現場の安全衛生管理改善を目的とした直近の安全衛生の取り組みを説明でき、結果の良し悪しを知っていた。
C10: Participation 参加 | D10: 7 | E10: Is there collaboration between Logistics safety dept. and site management to address recurring incidents? 再発防止において、物流安全機能部署と事業所長は連携していますか？ | F10: Site manager 事業所長 | I10: レ | J10: A review of the last incident (injury, disease/illness, near-miss) record show evidence that site management and Logistic safety dept. collaborate to prevent reoccurrence of the accident by addressing the causation. 直近のインシデント(災害・業務上疾病・ヒヤリ)記録より、管理者と物流安全機能部署が協力して、事故の因果関係を調査し、再発防止に取り組んでいることが確認できる。
C11: Participation 参加 | D11: 8 | E11: Do safety training sessions for newcomers reference relevant frequent incidents and severe risks? *Frequent incident means that same incident is re-occurring 新人・転入者向けの安全教育において、よく発生するインシデント(災害・業務上疾病・ヒヤリ)と重大リスクが言及されていますか？ | F11: Site manager or if available, site safety 事業所長もしくは拠点安全担当 | I11: レ | J11: The safety training material for newcomers includes frequent incidents, severe risks and their controls. 新人・転入者向けの安全教育資料に、よく発生するインシデント(災害・業務上疾病・ヒヤリ)、重大リスク、その管理項目（対策）が含まれている。
B13: Standardized | C13: Information 情報 | D13: 9 | E13: Are safety rule's effectiveness being evaluated by the H&S (if available), teammates and their site leaders? 管理監督者や技能員によって、安全ルールの有効性が評価されていますか？ | F13: Site manager or if available, site safety 事業所長もしくは拠点安全担当 | G13: レ | J13: The site manager or site safety (if available) could describe how the H&S rule's effectiveness is evaluated, who is involved in the evaluation process and how the processes are improved after evaluation. 事業所長は、誰がどのように安全ルールの有効性を評価し、評価後はどのように改善されるか説明できる。
C14: Communication コミュニケーション | D14: 10 | E14: When a safety issue would occur, who would you report to? 安全上の課題が発生した場合、あなたは誰に報告しますか？ | F14: Teammate 技能員 | G14: レ | J14: All respondents stated that they would report specific safety issues to their site leadership (e.g. site manager and supervisor) . 回答者全員が、安全関連の特定の課題を管理監督者（事業所長、作業主任等）に報告すると回答した。
C15: Communication コミュニケーション | D15: 11 | E15: What is a content of system and a scope for "management of change"? 4M変更管理の仕組みの内容と対象を説明してください。 | F15: Supervisors 作業主任 | G15: レ | J15: All supervisors could explain system and scope of management of change (4M changes). 作業主任全員が、４M変更管理の仕組み・対象について説明できた。
C16: Participation 参加 | D16: 12 | E16: Are safety processes updated and improved frequently using findings from the review? 安全面に関する作業標準は頻繁に見直され、見直し結果をもとに改善されていますか？ | F16: Site manager or if available, site safety 事業所長もしくは拠点安全担当 | I16: レ | J16: Document history of H&S procedures and standards from the last year showed that safety processes had been updated to address newly identified risks and controls based on review. 安全衛生関連の手順書や標準書の前年以降の改訂履歴より、新たなリスクや課題について、安全手順が審議を得て改訂されたことが確認された。
B18: Proactive | C18: Communication コミュニケーション | D18: 13 | E18: Do you communicate with OH&S expert about upcoming changes on site when there are any concerns on Safety? あなたは、職場の予定された変更に関して安全衛生上の懸念がある場合、安全衛生の専門家(物流安全機能や工場安全機能、社外等)と話し合っていますか？ | F18: Site manager 事業所長 | G18: レ | J18: The respondent could show an example that he/she discuss the injury/illness/fire risks associated with upcoming changes to work processes with internal/external safety expert. 回答者は、作業場のレイアウトや作業方法などの変更時に、安全衛生・防災面について社内または社外専門機能と討議した事例を説明できた。
C19: Information 情報 | D19: 14 | E19: Do work/job specific trainings highlight safety risks and processes associated with that work/job? 技能訓練時、作業標準書の安全の急所や回避方法を教えていますか？ | F19: Supervisor 作業主任 | I19: レ | J19: Safety instructions and safety training are included in the work/job specific training materials. 作業訓練資料に、安全関連の指示事項と安全教育訓練項目が含まれている。
C20: Participation 参加 | D20: 15 | E20: Have you involved TMs in periodical review on safety action plans? 安全実施計画のレビュー(成り行き確認)に技能員を参加させていますか？ | F20: Site manager or if available, site safety 事業所長もしくは拠点安全担当 | I20: レ | J20: A review of the safety action plans (ex. meeting minutes, RA, etc.) from the most recent safety projects (safety programs or safety activities) show that teammates were involved and consulted. 直近の安全プロジェクト（安全会議やRA等の安全に関する取り組み）における安全関連の活動計画を検証すると、技能員の参加対応と協議があったことが示された。
C21: Communication コミュニケーション | D21: 16 | E21: What was the feedback from management on your hazard report? あなたが危険状況を報告した際、管理者からどのようなフィードバックをもらいましたか？ | F21: Teammate 技能員 | G21: レ | J21: All respondents stated that management had taken specific actions to address hazards they reported, and these actions have been communicated to them. 回答者全員が、自分たちが報告した危険状況に対して、管理者が特定の対応措置を実施し、その件について自分たちに報告があったと述べた。
B23: Excellence | C23: Participation 参加 | D23: 17 | E23: Do teammates comply with safety rules and improve risks actively being conscious of safety for not only their selves, but also teammates. ? 技能員は、自分だけでなく他者の安全を意識し、安全の標準・ルールを守り、リスク改善を積極的に行っていますか？ | F23: Teammate 技能員 | G23: レ | H23: レ | J23: Observation in genba showed that teammates are actively conscious of their safety and the safety of others. Activities for improvement were conducted in CFT being conscious of safety for not only their selves, but also teammates. 作業現場を視察すると、技能員が自身の安全と他者の安全を積極的に意識していることが示された。改善活動は、自分だけでなく他者の安全を意識し、小集団・CFTで実施されている
C24: Participation 参加 | D24: 18 | E24: Do you engage with *external parties to obtain and exchange knowledge on safety? *External includes other company, SBU, other BS sites あなたは、外部の関係者と安全に関する知識の習得や情報交換をしていますか？ *外部には他社、SBU、他事業所を含む | F24: Site manager 事業所長 | G24: レ | J24: The site manager could explain an example that they voluntarily discussed safety with managers from other sites or external parties to improve safety knowledge. 事業所長は、安全関連の知識を向上するため、自発的に他の現場や外部の管理者と安全について討議した具体例を説明できた。
C25: Information 情報 | D25: 19 | E25: Is risk assessment taken when planning new projects/work sessions? 新たなプロジェクト/作業の計画段階において、RAが実施されていますか？ | F25: Site manager 事業所長 | G25: レ | I25: レ | J25: The site manager said that risk assessment is always done in the early planning stages for upcoming projects/work sessions and could show the recent RA result . 事業所長が、新しいプロジェクトや作業の初期計画段階でリスク評価を常に実施していると述べ、直近のRA結果を提示することができた。
C26: Communication コミュニケーション | D26: 20 | E26: Do you receive feedback from third party on effectiveness of safety management system to imorove it? 第三者（例.社外認証機関、SBU安全、BSB上位職者）による倉庫巡回やフィードバックを受け、改善に取り組んでいるか？ | F26: Site manager or if available, site safety 事業所長もしくは拠点安全担当 | G26: レ | J26: Regarding the safety management system in the sites, the respondent can explain evaluation results by third party (external, SBU Safety or Logistic Top management), feedback, and the actions. 回答者は、事業所の安全衛生マネジメントに対する第三者評価結果、フィードバック、およびその対応を説明できる。
K27: =IF(COUNTIF(K23:K26, "No"),"No","Yes") -> Yes
C29: *Incidents: lost-time-injury, fire accident, occupational disease, near-miss, etc. インシデント：災害・火災・業務上疾病・ヒヤリ 等

Sheet System
B1: Level | C1: System システム | D1: Element エレメント | E1: No | F1: Question 質問 | G1: Answered by 回答者 | H1: How to check 確認方法 | K1: Judgement Criteria 判断基準 | L1: Judgement 判断 | M1: Reason 判断理由
H2: Interview | I2: On-site observation | J2: Document check | K2: Note: Global target number of TMs who are interviewed is 10% and more in the site. Minimum target number is 3 in case 10% of all TMs is <3. 注記：インタビューする技能員の人数は、全従業員の10%以上をグローバル目標とする。なお10％が3人未満となる場合は、3人を目標とする。
B3: Ad-hoc | C3: Training and Education 教育訓練 | D3: Integration 関連付け | E3: 1 | F3: Have teammates been trained on the safety mission statement and high risk activity? *High-risk activity: Activity which are risk category III&IV. E.g. Work at height, heavy object handling, mobile equipment, caught by machine, tire inflation, etc. 従業員は、安全宣言および高リスク作業（5大リスク・重ポテ作業）について、教育を受けているか？ *高リスク作業：リスクカテゴリーIII&IVに該当するもの。例：高所作業、重量物、動力車、挟まれ・巻き込まれリスクのある作業、空気充填 等 | G3: Site manager or if available, site safety 事業所長もしくは拠点安全担当 | J3: レ | K3: Training records show all teammates on site have been given training on the Safety Mission Statement. Training records show that required employees have received training for high risk activities. 全ての従業員が安全宣言の教育を受けた記録がある。必要な従業員が高リスク作業に関する教育を受けた記録がある。
C4: Training and Education 教育訓練 | D4: Design 設計 | E4: 2 | F4: Are you aware of the regulations concerning safety training? あなたは、安全教育に関する法令要求を理解していますか？ | G4: Site manager 事業所長 | H4: レ | K4: The reapondent can explain the regulations concerning safety training. 回答者は、安全教育に関する法令要求を説明できる。
C5: Emergency Planning 緊急事態計画 | D5: Change & Emergency planning 変更管理 & 緊急事態準備 | E5: 3 | F5: Are the roles & responsibilities of emergency organization defined in the emergency response policy/procedure that complies with legal & local regulations? 法令要求を満足する緊急時対応手順があり、手順には対応組織と責任が明確化されているか？ | G5: Site manager or if available, site safety 事業所長もしくは拠点安全担当 | J5: レ | K5: The site emergency response policy/procedure has clarified the roles & responsibilities of each emerfency responders and been checked by the safety team to ensure the compliance with legal & local regulation. 事業所の緊急時対応手順は、緊急時対応者の役割と責任が含まれ、物流安全機能による法規面の確認を得ている。
C6: Communication コミュニケーション | D6: Integration 関連付け | E6: 4 | F6: When implementation of regular OH&S communication and OH&S training, does the site manager use the language where the teammates are familiar? 法令で要求される安全衛生の情報伝達や教育では、従業員の使用言語を用いているか？ | G6: Site manager or if available, site safety 事業所長もしくは拠点安全担当 | J6: レ | K6: There is no difference between the language used by teammates and the language used in the sampled communication record or training material. (or Multiple forms are used and language differences are accounted for.) 従業員の使用言語と、情報伝達や教育で用いたれる言語との齟齬がない。 (または、従業員にあわせて複数の言語で実施されている)
C7: LOTO Standard LOTO標準 | D7: Integration 関連付け | E7: 5 | F7: Do you conduct the LOTO training to the teammates who perform servicing or maintenance tasks, and distribute the Lock-out & Tag-out devices? 対象従業員に対し、LOTOの教育と、ロックアウト器具及びLOTO札の配布を行っていますか？ | G7: Site manager or if available, site safety 事業所長もしくは拠点安全担当 | I7: レ | J7: レ | K7: Training record indicates that the teammates who perform servicing or maintenance tasks have been trained on LOTO. On-site observation indicate that service and maintenance teammates who need LOTO have locks and tags. LOTO対象者へのLOTO教育した記録がある。また、現場確認にて、LOTO対象者がキーとタグを持っていることが確認できる。
C8: Safety Rules 安全ルール | D8: Integration 関連付け | E8: 6 | F8: Do tyou know the safety rules that are required to be followed? (8 common safety rules, mobile equipment rules, crane & hoist rules and tire inflation rules applying to his/her job position) あなたは、順守しなければならない安全ルールを知っていますか？(共通8ルール＋動力車+クレーン+空気充填) | G8: Teammate 技能員 | H8: レ | K8: All respondents know the applicable All Bridgestone Safety Rules in their job positions. 回答者全員が、自職場に適用されるブリヂストン共通安全ルールを知っている。
C9: Work at Height 高所作業 | D9: Integration 関連付け | E9: 7 | F9: Have you communicated Work at height requirements to teammates performing Work at height? 高所作業の要求事項は、高所作業を行う作業者に周知されていますか？ | G9: Supervisor 作業主任 | J9: レ | K9: There is the training and/or communication record for teammates performing Work at height. 高所作業を行う作業者への教育記録コミュニケーション記録（テスト記録）がある。
C10: Mobile Equipment 動力車 | D10: Integration 関連付け | E10: 8 | F10: Have you communicated requirements on mobile equipment to the drivers? 動力車の運転に関する要求事項は、動力車使用者に周知されていますか？ | G10: Supervisor 作業主任 | J10: レ | K10: There is the training and/or communication record for mobile equipment drivers. 動力車使用者への教育記録コミュニケーション記録（テスト記録）がある。
C11: 3S | D11: Integration 関連付け | E11: 9 | F11: Has the need for 3S(Select & remove, Sort, Keep clean) in the work area been communicated? 作業場における3S(整理・整頓・清掃）の必要性は、周知されているか？ | G11: Supervisor 作業主任 | J11: レ | K11: There is evidence that the need of 3S has been communicated to teammates. 3Sの必要性を従業員へ周知した記録がある。
C12: 3S | D12: Integration 関連付け | E12: 10 | F12: Are 3S visual standards displayed in work area? 3Sビジュアル標準は現場に表示されていますか？ | G12: Tour 現場確認 | I12: レ | K12: 3S Documents are displayed in work areas. 3S標準は現場に掲示されている。
C13: Crane and Hoist クレーン・ホイスト | D13: Integration 関連付け | E13: 11 | F13: How do you identify and ensure compliance to crane and hoist relevant safety legislation ? クレーン・ホイストの安全法令について、どのような方法で特定・順守確認を行っていますか？ | G13: Site manager or if available, site safety 事業所長もしくは拠点安全担当 | H13: レ | K13: The respondent can explain the regulations and give at least one method for ensuring compliance. 回答者は、法令要求を説明できる。また、それを保証する方法を少なくとも１つ提示できる。
C14: Crane and Hoist クレーン・ホイスト | D14: Integration 関連付け | E14: 12 | F14: Is there an established crane and hoist safety standard that complies with legal requirements? 作成されているクレーン・ホイスト標準は、法令要求を順守していますか？ | G14: Site manager or if available, site safety 事業所長もしくは拠点安全担当 | J14: レ | K14: There is a crane and hoist safety standard that highlights the legal requirements. クレーン・ホイストの標準は、法令要求を含んでいる。
C15: KY | D15: Integration 関連付け | E15: 13 | F15: Have the the process and the importance of KY been communicated to the teammates? KYの手順（4ラウンドKYT）と重要性は従業員へ周知されているか？ | G15: Supervisor 作業主任 | J15: レ | K15: There is evidence of a defined KY process that been communicated with teammates. 規定されたKYの手順を従業員へ周知した記録がある。
C16: Tire Inflation Operation タイヤ空気充填作業 | D16: Integration 関連付け | E16: 14 | F16: Has the tire inflation standard been communicated to the teammates? タイヤ空気充填作業標準は、作業者に周知されているか？ | G16: Teammate 技能員 | H16: レ | K16: The respondent can explain the key points which need to pay attention to in the tire inflation process. 回答者は、タイヤ空気充填作業における作業の急所(注意の必要な箇所)を説明できる。
C17: Contractor management 協力会社の安全管理 | D17: Integration 関連付け | E17: 15 | F17: Do you certify if contractor employees who perform unload/load the tires have required skills? (e.g. mobile equipment) 工事/作業を行う協力会社の従業員は、工事/作業に必要な能力・法的資格(例：クレーン・ホイスト）を有していることをどのように確認していますか？ | G17: Site manager or if available, site safety 事業所長もしくは拠点安全担当 | J17: レ | K17: There is evidence to certify that contractor employees who perform unload/load the tires have required skills. (e.g. mobile equipment) BSが、協力会社の従業員が工事/作業に必要な能力・法的資格(例：クレーン・ホイスト）を有していることを確認していることを示す書類がある。
C18: Large Tire Manual Handling Operation 大型タイヤハンドリング作業 | D18: Integration 関連付け | E18: 16 | F18: Are large tire manual handling operations identified and justified? Is there a procedure for each of these operations? 大型タイヤのハンドリング作業は特定されており、これらの各作業の標準はあるか？ | G18: Site manager or if available, site safety 事業所長もしくは拠点安全担当 | J18: レ | K18: Operations requiring manual handling of large tires are properly identified and justified. A working procedure exists for each. 大型タイヤの手動ハンドリングを必要とする作業は、適切に識別されており、各作業の作業標準が準備されている。
C19: Large Tire Manual Handling Operation 大型タイヤハンドリング作業 | D19: Integration 関連付け | E19: 17 | F19: Has the Large Tire Manual Handling Operation procedure been communicated to the relevant people? 大型タイヤハンドリング作業の標準は、関係者へコミュニケーション（周知）されているか？ | G19: Supervisor 作業主任 | J19: レ | K19: Training records show that all relevant people within the site have been given training on the Large Tire Manual Handling Operations procedure. 事業所内の全ての関係者が大型タイヤの手動ハンドリング作業手順に関する教育を受けたことを教育記録から確認できる。
C20: Integrated risk assessment リスクアセスメント | D20: Integration 関連付け | E20: 18 | F20: Have the OH&S and Fire risks in the site evaluated? 安全防災リスク評価を実施していますか？ | G20: Site manager or if available, site safety 事業所長もしくは拠点安全担当 | J20: レ | K20: There is evidence that OH&S and/or Fire risks in the site are evaluated. 事業所内の安全防災リスクを評価した記録がある。
C21: Integrated incidents management 災害対応・類災防止 | D21: Integration 関連付け | E21: 19 | F21: To whom do you report when incidents are identified? 労災や発火発煙事故、ヒヤリがあった場合、誰に報告しますか？ | G21: Teammate 技能員 | H21: レ | K21: The respondents can explain the person to whom they have to report. 回答者は、災害やヒヤリ情報を誰に報告すべきか回答できる。
C22: Integrated incidents management 災害対応・類災防止 | D22: Integration 関連付け | E22: 20 | F22: Are the incidents that occurred at other sites (BS group or external) communicated? 他事業所で起こった労働災害や発火発煙事故について、発生都度説明を受けていますか？ | G22: Teammate 技能員 | H22: レ | K22: The respondents can show an example of incident that occurred at other site 回答者は、他事業所で起きた災害事例を説明できる。
B24: Reactive | C24: Training and Education 教育訓練 | D24: Integration 関連付け | E24: 21 | F24: Have role specific trainings been identified and are given to the necessary people? 職種毎に教育が特定され、必要な人に教育されているか？ | G24: Supervisors 作業主任 | J24: レ | K24: There are knowledge/skill matrix table for each occupation/role, necessary training is described, and the implementation or plan of training can be confirmed. 各職種ごとの知識・技能要件表があり、必要な教育が記載されており、教育の実施または計画が確認できる。
C25: Training and Education 教育訓練 | D25: Design 設計 | E25: 22 | F25: Are the needs and the content of trainings reviewed and improved after an accident occurs? 災害発生後、教育の必要性や内容が見直し、改善されているか？ | G25: Supervisors 作業主任 | J25: レ | K25: Training documents indicate that training was reviewed after an accident. 災害後に教育内容や方法が見直された事例が、書面で確認できる。
C26: Emergency Planning 緊急事態計画 | D26: Change & Emergency planning 変更管理 & 緊急事態準備 | E26: 23 | F26: Do emergency drills periodically take place? 緊急時対応訓練は、定期的に実施されているか？ | G26: Site manager or if available, site safety 事業所長もしくは拠点安全担当 | J26: レ | K26: There is evidence of an emergency drill performed within the last 12 months. 過去1年間に実施した緊急事態訓練の実施記録がある。
C27: Emergency Planning 緊急事態計画 | D27: Change & Emergency planning 変更管理 & 緊急事態準備 | E27: 24 | F27: Are the emergency procedures reviewed and updated based on the results of drills or actual emergencies? 緊急時対応手順は、実際に発生した緊急時対応または訓練結果を踏まえ、見直しが行われているか？ | G27: Site manager or if available, site safety 事業所長もしくは拠点安全担当 | H27: レ | J27: レ | K27: The emergency response procedure was updated based on the review on the drills or performance of actual emergencies. 緊急時対応手順は、訓練結果や緊急時対応結果にもとづき見直しされている。
C28: Communication コミュニケーション | D28: Integration 関連付け | E28: 25 | F28: Are the causes of accidents/incidents communicated to teammates? 災害・事故の原因は従業員に周知されているか？ | G28: Teammate 技能員 | H28: レ | K28: The respondent indicates that the causes of incidents are communicated to him/her and how these information are communicated. 回答者は、災害の原因と、それが周知された場面を説明できる。
C29: LOTO Standard LOTO標準 | D29: Design 設計 | E29: 26 | F29: Is the LOTO standard reviewed after incidents, audits or opportunity areas have been identified? LOTO標準は、災害、監査、特定された（改善の）機会の後、見直しされていますか？ | G29: Site manager or if available, site safety 事業所長もしくは拠点安全担当 | H29: レ | J29: レ | K29: The respondent can show an example that LOTO standard (site standard, ECP, work standard, etc.) is reviewed in response to incidents, audit findings, authority guidance and concerns raised by teammates. The respondence agrees with the revision history of LOTO standard. 回答者は、災害・監査結果・行政指導・従業員からの困り事に基づき、LOTO標準（事業所の標準・ECP・作業標準等）が見直しされた事例を説明できる。その回答は、標準改訂履歴と一致する。
C30: Safety Rules 安全ルール | D30: Design 設計 | E30: 27 | F30: Is the effectiveness of the Site Safety Rules reviewed after incidents, audits or opportunity areas have been identified? 事業所の安全ルールの有効性は、災害、監査、特定された（改善の）機会の後、見直されていますか？ | G30: Site manager or if available, site safety 事業所長もしくは拠点安全担当 | H30: レ | K30: The respondent can show an example that Site Safety Rules are reviewed and improved. 回答者は、安全ルールが見直された、もしくは改善された事例を説明できる。
C31: Work at Height 高所作業 | D31: Design 設計 | E31: 28 | F31: What are the countermeasures against a incident involving work at height which occurred in your site in last 1 year? 過去1年間に自事業場で発生した高所作業関連の労働災害や事故に対する再発防止策は何ですか？ | G31: Teammate 技能員 | H31: レ | K31: All respondents can explain sampled countermeasures against the incident involving work at height which occurred in the site. 回答者全員が、過去1年間に自事業場で起きた高所作業の労働災害や事故の再発防止策を説明できる。
C32: Mobile Equipment 動力車 | D32: Design 設計 | E32: 29 | F32: What are the countermeasures against a incident involving mobile equipment which occurred in your site in last 1 year? 過去1年間に自事業場で発生した動力車関連の労働災害や事故に対する再発防止策は何ですか？ | G32: Teammate 技能員 | H32: レ | K32: All respondents can explain sampled countermeasures against the incident involving mobile equipment which occurred in the site. 回答者全員が、過去1年間に自事業場で起きた動力車関連の労働災害や事故の再発防止策を説明できる。
C33: 3S | D33: Integration 関連付け | E33: 30 | F33: Have 3S leaders been assigned from shop floor workers and have 3S self check by 3S leaders been periodically performed? 3Sリーダーを選任し、3Sリーダーによるセルフチェックは定期的に実施されていますか？ | G33: Site manager 事業所長 | H33: レ | K33: 3S leaders has been assigned and there is evidence of 3S self check performed by the 3S leaders. 3Sリーダーが選任され、セルフチェックを行った記録がある。
C34: Crane and Hoist クレーン・ホイスト | D34: Integration 関連付け | E34: 31 | F34: Is there a list of licensed crane operators? クレーンの有資格者リストはありますか？ | G34: Site manager or if available, site safety 事業所長 | J34: レ | K34: There is an official list of licensed crane operators that highlights the expiry dates of their licenses. クレーンの有資格者、および資格の期限に関し、正式なリストがある。
C35: Crane and Hoist クレーン・ホイスト | D35: Integration 関連付け | E35: 32 | F35: What are the countermeasures against a hoist & crane incident which occurred in your site in last 1 year? 過去1年間に自事業場で発生したクレーン関連の労働災害や事故に対する再発防止策は何ですか？ | G35: Teammate 技能員 | H35: レ | K35: All respondents can explain sampled countermeasures against hoist & crane incident which occurred in the site. 回答者全員が、過去1年間に自事業場で起きたクレーン関連の労働災害や事故の再発防止策を説明できる。
C36: KY | D36: Integration 関連付け | E36: 33 | F36: Have a KY leader and KY representatives been appointed? KY実行責任者とKY推進リーダーは、任命されていますか？ | G36: Site manager 事業所長 | H36: レ | K36: There are an officially appointed KY leader and KY representatives on site. 事業所で正式に任命されたKY実行責任者とKY推進リーダーがいる。
C37: Tire Inflation Operation タイヤ空気充填作業 | D37: Integration 関連付け | E37: 34 | F37: Is there a clearly marked area specifically for tire inflation? タイヤ空気充填の作業エリアは、明示されていますか？ | G37: Tour 現場確認 | I37: レ | K37: There is a clearly marked tire inflation area. 明確に明示されたタイヤ空気充填作業場がある。
C38: Tire Inflation Operation タイヤ空気充填作業 | D38: Integration 関連付け | E38: 35 | F38: Is basic safety equipment available in the inflation area? タイヤ空気充填の作業エリアにおいて、安全ゲージなどの災害防止措置は使える状態ですか？ | G38: Tour 現場確認 | I38: レ | K38: All the required safety equipment as stated in the Tire Inflation Operation procedure is in the inflation area. タイヤ空気充填作業手順に規定されている必要な安全装備は、充填作業場に用意されている。
C39: Contractor management 協力会社の安全管理 | D39: Integration 関連付け | E39: 36 | F39: Are pre-work meetings conducted prior to the start of work, are risks identified and risk mitigation measures/administrative controls defined. 作業の開始前に事前打ち合わせを実施し、リスクの顕在化およびその対応/リスク低減対策を決めていますか？ | G39: Site manager 事業所長 | J39: レ | K39: There is evidence that pre-work meetings are conducted prior to the start of work, risks are identified and risk mitigation measures/administrative controls are defined. 作業の開始前に事前打ち合わせを実施し、リスクの顕在化およびその対応/リスク低減対策を決めている記録がある。
C40: Large Tire Manual Handling Operation 大型タイヤハンドリング作業 | D40: Integration 関連付け | E40: 37 | F40: Is the large tire manual handling operation procedure reviewed in response to incidents? 災害・ヒヤリの発生に対して、大型タイヤ手動ハンドリング標準のレビュー（見直し）を行っているか？ | G40: Site manager or if available, site safety 事業所長もしくは拠点安全担当 | J40: レ | K40: The revision history of the large tire manual handling operations procedure indicate that it was reviewed based on a reported incident 大型タイヤの手動ハンドリング標準書の改訂履歴より、報告された災害・ヒヤリに基づいて、標準書が見直されていることが確認できる。
C41: Integrated risk assessment リスクアセスメント | D41: Integration 関連付け | E41: 38 | F41: Does the risk evaluation address the foreseeable hazards related to machine? 設備起因のリスクについて評価していますか？ | G41: Site manager or if available, site safety 事業所長もしくは拠点安全担当 | J41: レ | K41: There is evidence that machines risks in the site are evaluated. 設備RAを実施した記録がある。
C42: Integrated risk assessment リスクアセスメント | D42: Integration 関連付け | E42: 39 | F42: Do you have implementation plan for risk control measures against risk category III and IV? カテゴリーIII&IVに対するリスク低減対策の実施計画がありますか？ | G42: Site manager or if available, site safety 事業所長もしくは拠点安全担当 | J42: レ | K42: There is the implementation plan of risk control on risk category III & IV. カテゴリーIII&IVに対するリスク低減対策の実施計画がある。
C43: Integrated incidents management 災害対応・類災防止 | D43: Integration 関連付け | E43: 40 | F43: Are countermeasures determined when incidents* occurred? 労災や発火発煙事故、ヒヤリがあった場合、再発防止策が取り決められていますか？ | G43: Site manager or if available, site safety 事業所長もしくは拠点安全担当 | J43: レ | K43: There is evidence of an incident report with determined countermeasures. 対策事項が報告書に記載されている。
C44: Integrated incidents management 災害対応・類災防止 | D44: Integration 関連付け | E44: 41 | F44: Are investigation conducted when you receive SBU recurrence prevention request ? SBU類災防止依頼文書にもとづく調査を実施していますか？ | G44: Site manager or if available, site safety 事業所長もしくは拠点安全担当 | J44: レ | K44: There is evidence of investigation results on site based on reurrence prevention request 自事業所で行った調査結果を示すことができる。
B46: Standardized | C46: Training and Education 教育訓練 | D46: Change & Emergency planning 変更管理 & 緊急事態準備 | E46: 42 | F46: Are trainings reviewed and adjusted when safety rules and controls that involve that specific subject matter change? 安全ルール・安全管理に変更が生じた場合は、教育の見直し・変更が行われているか？ | G46: Site manager or if available, site safety 事業所長もしくは拠点安全担当 | J46: レ | K46: Revision history of treaining documents indicate that training have been adjusted based on relevant safety control changes. 教育文書の改訂履歴より、安全管理の変更に伴い、教育内容や方法が見直されたことが確認できる。
C47: Emergency Planning 緊急事態計画 | D47: Integration 関連付け | E47: 43 | F47: Do emergency response plans which have clear rules and guidelines address each potential scenarios? 予想されるシナリオに応じて、緊急時対応計画が作成されているか？ | G47: Site manager or if available, site safety 事業所長もしくは拠点安全担当 | J47: レ | K47: Multiple potential scenarios are identified and each responses have been defined with clear rules and guidelines. 想定されるシナリオ毎(例、労災、火災、地震、台風/洪水)に、緊急時対応手順が定められている。
C48: Communication コミュニケーション | D48: Integration 関連付け | E48: 44 | F48: Are site safety rules communicated to workers in a clear and structured manner? 事業所の安全ルールは、明確かつ標準化された方法で、作業者に周知されているか？ | G48: Teammate 技能員 | H48: レ | K48: The sampled teammates all say that they are well informed and can explain how the information communicated contributes to their safety. 技能員は、情報が十分周知され、周知された情報がどのように自身の安全確保につながっているか、説明できる。
C49: LOTO Standard LOTO標準 | D49: Integration 関連付け | E49: 45 | F49: Is the LOTO system being used and applied by teammates performing maintenance tasks? LOTOは、運用されているか？また、保全作業において、実行されているか？ | G49: Tour 現場確認 | I49: レ | K49: LOTO standard (site standard, ECP, work standard, etc.) was followed by all teammates observed performing maintenance/operation tasks that required LOTO. In case that LOTO operation cannot be observed on site, confirm site tour records, etc. LOTOが必要な作業・保全において、確認した全ての技能員はLOTO標準（事業所の標準・ECP・作業標準等）を順守していた。 現場確認できない場合は、巡回記録等により確認する。
C50: LOTO Standard LOTO標準 | D50: Integration 関連付け | E50: 46 | F50: Is priodical monitoring on LOTO activity performed to verify that LOTO are properly implemented when required? LOTO対象作業時に適切にLOTOが実施されていることを確認するため、作業モニタリングを定期的に実施していますか？ | G50: Supervisors 作業主任 | J50: レ | K50: The respondent can show any sampled evidence where check results are filled out. LOTO対象作業でLOTOをルール通りしているかチェックした記録（チェックシート等）が確認できる。
C51: Safety Rules 安全ルール | D51: Integration 関連付け | E51: 47 | F51: Are the applicable BS common safety rules followed by the teammates? あなたは、自分の職場/作業に適用される安全ルールと重要な安全ポイントを十分に理解していますか？ | G51: Teammate 技能員 | H51: レ | K51: All respondents can demonstrate knowledge of the Safety Rules and explain key points on safety in the work standard. 回答者全員が、安全ルールを理解し、作業標準内での安全に関するポイントを説明することができる。
C52: Work at Height 高所作業 | D52: Integration 関連付け | E52: 48 | F52: Are Work at height controls being used and applied by teammates performing tasks that require Work at height? 高所作業の管理は、運用されているか？また、高所作業において、実行されているか？ | G52: Tour 現場確認 | I52: レ | K52: On-site observaion indicate that all observed teammates show good application of Work at height safety rules. In case that Work at height operation cannot be observed on site, confirm site tour records, etc. 現場観察した技能員全員が、高所作業の安全ルールを順守している。現場で作業を確認できない場合、巡回記録等により確認する。
C53: Mobile Equipment 動力車 | D53: Integration 関連付け | E53: 49 | F53: Do all drivers follow the rules and procedures for mobile equipment? 動力車使用者は、動力車に関するルール・手順を順守しているか？ | G53: Tour 現場確認 | I53: レ | K53: On-site observaion indicate that all observed teammates show good application of mobile equipment safety rules. In case that forklift operation cannot be observed on site, confirm site tour records, etc. 現場観察した技能員全員が、動力車の安全ルールを順守している。現場で作業を確認できない場合、巡回記録等により確認する。
C54: 3S | D54: Integration 関連付け | E54: 50 | F54: Are all unnecessary objects being removed or planned to be removed from the work area ? 全ての不要物は、作業場から排除されている、もしくは廃棄が予定されていますか？ | G54: Tour 現場確認 | I54: レ | K54: All inspected work areas were cleaned (no debris on floor, no spillages) as defined in the 3S visual standard, and there were no unnecessary objects or plans to remove unnecessary objects. 確認したすべての作業場は、3Sビジュアル標準で規定されたように清掃され（床に破片や屑がない）、不要物が置かれていないない、または廃棄予定日が定められている。
C55: 3S | D55: Integration 関連付け | E55: 51 | F55: Are necessary equipment/tools being put in clearly marked and fixed positions? 必要なものは、明示された決められた場所に置かれているか？ | G55: Tour 現場確認 | I55: レ | K55: All necessary items are stored in their clearly marked space/position. 必要な全てのものは、明確に表示された場所/位置に置かれている。
C56: Crane and Hoist クレーン・ホイスト | D56: Integration 関連付け | E56: 52 | F56: Do crane operators follow the rules and standards concerning cranes and hoist operations? クレーン操作者は、クレーン・ホイストのルール・標準を順守していますか？ | G56: Tour 現場確認 | I56: レ | K56: All crane operators work according to the crane and hoist safety rules stated in the crane and hoist procedure (Operator and others were kept away from hoisted loads, there was a work leader that gave hand signals, hoisted load's stability was checked with a lift of a few inches, etc.). In case that hoist and crane operation cannot be observed on site, confirm site tour records, etc. クレーン操作者全員が、クレーン・ホイスト標準で規定された安全ルールに従い、作業している（吊り荷の下から外れ、第三者も遠ざける、合図を行う作業指揮者、吊り上げ後の地切りなど）。 現場で作業を確認できない場合、職長巡回やモニタリング等での順守記録を確認する。
C57: KY | D57: Integration 関連付け | E57: 53 | F57: Does everyone on site participate in KYT? 事業所において、全員がKYT（活動）に参加していますか？ | G57: Site manager or if available, site safety 事業所長もしくは拠点安全担当 | J57: レ | K57: KYT records indicate that all teammates and temporary staff have participated in KYT within the last 3 months. KYT記録により、過去3か月間、全従業員と派遣社員がKYTに参加していることが確認できる。
C58: KY | D58: Design 設計 | E58: 54 | F58: Are the results from KY used to develop new safety rules or adjust old rules or improvement of safety measures for hazards((risk mitigation/administrative measures)? KY（活動）の結果は、新しいルールの策定や既存ルールの見直しや危険源への対策の是正(リスク低減/管理策)につながっていますか？ | G58: Site manager or if available, site safety 事業所長もしくは拠点安全担当 | H58: レ | K58: The respondent can provide evidence of a improvement of safety measures for hazards or a safety rule that was recently changed because of the KY system's recommendations. 回答者は、KY活動（の推奨）を通じて変更された安全ルールや危険源対策の是正事例を提示することができる。
C59: Tire Inflation Operation タイヤ空気充填作業 | D59: Integration 関連付け | E59: 55 | F59: Do workers in the tire inflation area follow the safety rules concerning tire inflation? タイヤ空気充填作業場の作業者は、タイヤ空気充填に関わる安全ルールを順守していますか？ | G59: Tour 現場確認 | I59: レ | K59: All observed operators work in accordance to the Tire Inflation procedure's safety rules. In case that tire inflation operation cannot be observed on site, confirm site tour records, etc. 確認した全ての技能員は、タイヤ空気充填作業の安全ルールを順守し、作業している。該当作業確認できない場合は、巡回記録等により確認
C60: Contractor management 協力会社の安全管理 | D60: Integration 関連付け | E60: 56 | F60: Do all contractor employees receive contractor H&S orientation/training prior to the start of the work? 協力会社の全従業員へ、作業開始前に安全教育/オリエンテーションを行っていますか？ | G60: Site manager or if available, site safety 事業所長もしくは拠点安全担当 | J60: レ | K60: There are records that all contractors received H&S orientation/training from BS prior to the work. BSが、協力会社の全従業員へ、作業開始前に安全教育/オリエンテーションを行った記録がある。
C61: Contractor management 協力会社の安全管理 | D61: Change & Emergency planning 変更管理 & 緊急事態準備 | E61: 57 | F61: Does the material of contractor H&S orientation/training includes emergency procedures, introduction to the Safety Mission Statement and Safety fundamental Activities? 協力会社への安全教育/オリエンテーションには、緊急時の手順および安全宣言・共通規定項目が含まれていますか？ | G61: Site manager or if available, site safety 事業所長もしくは拠点安全担当 | J61: レ | K61: The material of contractor H&S orientation/training includes emergency procedures, introduction to the Safety Mission Statement and Safety fundamental Activities. 協力会社への安全教育/オリエンテーションには、緊急時の手順および安全宣言・共通規定項目が含まれていることを確認できる。
C62: Large Tire Manual Handling Operation 大型タイヤハンドリング作業 | D62: Integration 関連付け | E62: 58 | F62: Is the procedure followed accordingly by teammates when manually handling large tires? 大型タイヤを手動ハンドリングする際に従業員は標準を順守しているか？ | G62: Tour 現場確認 | I62: レ | K62: All observed teammates who execute large tire manual handling comply with its procedure. In case the operation cannot be observed on site during SMA, confirm site tour records, etc. 回答者は、大型タイヤの手動ハンドリングを行う際に従うべき安全ルールを遵守し、作業している。現場で作業を確認できない場合、巡回記録等により確認する。
C63: Integrated risk assessment リスクアセスメント | D63: Integration 関連付け | E63: 59 | F63: Does the risk evaluation address the foreseeable hazards related to chemical and ergonomics? 化学物質および筋骨格系障害リスクを評価していますか？ | G63: Site manager or if available, site safety 事業所長もしくは拠点安全担当 | J63: レ | K63: There is evidence that checmical & ergonomics risks in the site are evaluated. 化学物質RAとエルゴノミクスRAを実施した記録がある。
C64: Integrated risk assessment リスクアセスメント | D64: Integration 関連付け | E64: 60 | F64: Are all risks of category III and IV in the risk register covered by administrative or technical controls? 登録されたリスクカテゴリーIII&IVの残留リスクに対し、ハード対策もしくはソフト対策が実施されていますか？ | G64: Site manager or if available, site safety 事業所長もしくは拠点安全担当 | I64: レ | J64: レ | K64: A review of sampled risk assessment record shows that the majority of risks are covered by administrative and engineering controls. リスクカテゴリーIII&IVの残留リスクに対し、ハード対策およびソフト対策が実行されていることが確認できた。
C65: Integrated incidents management 災害対応・類災防止 | D65: Integration 関連付け | E65: 61 | F65: Is root cause analysis implemented when incidents* occurred? 災害発生時、原因分析を実施していますか？(労災/出火事故連絡兼報告ガイドの対象事案とする) | G65: Site manager 事業所長 | J65: レ | K65: There is evidence of an incident report with root cause analysis. JS分析表がある。
C66: Integrated incidents management 災害対応・類災防止 | D66: Integration 関連付け | E66: 62 | F66: Have countermeasures been implemented for incidents*? 災害に対して対策を実施しているか？ | G66: Site manager or if available, site safety 事業所長もしくは拠点安全担当 | I66: レ | J66: レ | K66: Countermeasures are being implemented on site following incidents reports 計画された対策が実行されていること確認できる。
C67: Integrated incidents management 災害対応・類災防止 | D67: Integration 関連付け | E67: 63 | F67: Do you have implementation plan to take countermeasures for identified risks after investigation based on recurrence prevention request? 類災展開文書にもとづく調査で見つかった不具合に対し、是正計画を立てているか？ | G67: Site manager or if available, site safety 事業所長もしくは拠点安全担当 | J67: レ | K67: There is evidenve of implementation plan to take countermeasures for similar incident preventions. 類災展開にもとづく是正計画表が作成されている。
B69: Proactive | C69: Training and Education 教育訓練 | D69: Integration 関連付け | E69: 64 | F69: When new hazards are identified, are training material revised and communicated to teammates? 新しいリスクが特定された場合、教育資料は見直され、技能員へ教育されていますか？ | G69: Site manager or if available, site safety 事業所長もしくは拠点安全担当 | J69: レ | K69: Training material and training records indicate that new identified risks are added to the training material and communicated to teammates. 教育資料と教育記録から、新たに特定されたリスクは教育資料に反映され、技能員へ教育されていることが確認できる。
C70: Emergency Planning 緊急事態計画 | D70: Change & Emergency planning 変更管理 & 緊急事態準備 | E70: 65 | F70: Have the drills been conducted by every shifts and cover each identified potential scenarios? それぞれの予想されるシナリオに対し、各班で訓練を実施しているか？ | G70: Site manager or if available, site safety 事業所長もしくは拠点安全担当 | H70: レ | K70: Drills on every identified potential scenarios have been performed in each shifts. 想定されるシナリオ毎に、各班で訓練が実施されている。
C71: Communication コミュニケーション | D71: Integration 関連付け | E71: 66 | F71: Does management inform workers of newly found hazards and risks in a timely manner? 管理者は、作業者に新たに顕在化した危険源およびリスクを、タイムリーに周知しているか？ | G71: Site manager 事業所長 | H71: レ | K71: The respondent is able to provide at least one recent example of top-down communication on hazards and risks. 回答者は、危険源およびリスクに関するトップダウンのコミュニケーション事例を少なくとも１つ提示できる。
C72: Communication コミュニケーション | D72: Integration 関連付け | E72: 67 | F72: Do teammates communicate hazards and risks to their supervisors as soon as they identify them? 作業者は、危険源およびリスクを特定した場合、速やかに監督者へ報告しているか？ | G72: Teammate 技能員 | H72: レ | K72: The respondent is able to provide at least one recent example of bottom-up communication on hazards and risks. 回答者は、危険源およびリスクに関するボトムアップのコミュニケーション事例を少なくとも１つ提示できる。
C73: LOTO Standard LOTO標準 | D73: Integration 関連付け | E73: 68 | F73: Are ECPs (Energy Control Procedures) prepared for all applicable machinery? Do they include all applicable energy sources (electrical, mechanical, pneumatic, etc.)? LOTO対象の全ての設備に対し、ECP(動力源遮断手順書)を作成していますか？ECPには対象となるエネルギー源（電気、機械、空圧等）が含まれていますか？ | G73: Site manager or if available, site safety 事業所長もしくは拠点安全担当 | J73: レ | K73: ECP includes all applicable energy source (electrical, mechanical, pneumatic, etc.) has been prepared for all applicable machinery. LOTO対象の全ての設備に対し、対象となるエネルギー源（電気、機械（惰性運転・自重落下等）、空圧等）に対するECPが作成されている。
C74: Safety Rules 安全ルール | D74: Integration 関連付け | E74: 69 | F74: Have you ever engaged to manage and evaluate the risks involved in their work? あなたは、自職場のリスク管理やリスク評価に参加したことがありますか？ | G74: Teammate 技能員 | H74: レ | K74: Therespondent can show an example that they collaboratd with management to evaluate risks in the work area. 回答者は、職場のリスクを評価するため、管理者と協力した事例を説明できる。
C75: Safety Rules 安全ルール | D75: Design 設計 | E75: 70 | F75: Are safety rules developed/adjusted after these evaluations take place? 上記評価後、*安全ルールは策定/見直されていますか？ | G75: Site manager or if available, site safety 事業所長もしくは拠点安全担当 | H75: レ | K75: The respondent can give an example that safety rules were updated after risk evaluation with teammates. 回答者は、技能員とのリスク評価後に安全ルールが改訂された事例を提示できる。
C76: Safety Rules 安全ルール | D76: Design 設計 | E76: 71 | F76: Is feedback from teammates considered to improve safety rules? 作業者からのフィードバックは、安全ルールや作業標準等の改善に活用されていますか？ | G76: Supervisors 作業主任 | H76: レ | K76: The respondent can show an example that thier feedback was used to revise the Safety Rules. （Examples of FB: Teammates require to change safety rule due to difficulties of the compliance with the required safety rules during tasks/services, etc.) 回答者は、技能員のフィードバックが安全ルール見直しに活用された事例を提示することができる。（フィードバック例：ルール通りの作業が困難なのでルールの変更が必要 等）
C77: Work at Height 高所作業 | D77: Design 設計 | E77: 72 | F77: Are Work at height controls reviewed and improved after new risks are identified? 新たなリスクが特定された後、高所作業の管理は見直され、改善されていますか？ | G77: Site manager or if available, site safety 事業所長もしくは拠点安全担当 | H77: レ | K77: The respondent can explain the recent identified risks and their follow-up actions. 回答者は、直近で新たに特定されたリスクとその対応事例を説明できる。
C78: Mobile Equipment 動力車 | D78: Design 設計 | E78: 73 | F78: Are Mobile Equipment controls reviewed and iproved after new risks are identified? 新たなリスクが特定された後、動力車作業の管理は見直され、改善されていますか？ | G78: Site manager or if available, site safety 事業所長もしくは拠点安全担当 | H78: レ | K78: The respondent can explain the recent identified risks and their follow-up actions. 回答者は、直近で新たに特定されたリスクとその対応事例を説明できる。
C79: Mobile Equipment 動力車 | D79: Design 設計 | E79: 74 | F79: Is feedback from drivers considered when adapting the mobile equipment standard? 動力車標準の適用時、動力車使用者からのフィードバックは、考慮されているか？ | G79: Supervisors 作業主任 | H79: レ | K79: The respondent can show an example that thier feedback is used to revise the rule or procedure for mobile equipment. （Examples of FB: Teammates require changes due to difficulties of the compliance with the safety standards for mobile equipment, etc.) 回答者は、技能員のフィードバックが動力車のルールや作業標準の見直しに活用された事例を提示することができる。 （フィードバック例：ルール通りの作業が困難なのでルールの変更が必要 等）
C80: 3S | D80: Integration 関連付け | E80: 75 | F80: Do teammates proceed with 3S activity for the improvement of 3S level? 技能員は、3Sレベルアップに向けた改善活動を実際に進めていますか？ | G80: Teammate 技能員 | I80: レ | J80: レ | K80: On-site observation indicated that 3S activity for the improvement of 3S level has been proceeded. or 3S documents indicated that improvement of 3S level can be confirmed or 3S level is over 4. 現場観察から、3Sレベルアップに向けた改善が進められていることが確認できる。または、３S文書から、３Sレベルの改善や3Sレベル評価結果が4点以上であることが確認できる。
C81: Crane and Hoist クレーン・ホイスト | D81: Integration 関連付け | E81: 76 | F81: Do crane operators provide feedback (safety perspective) to their peers inside and outside of their site? クレーン操作者は、事業所内外の同僚にフィードバック（安全に関する操作ポイント等の情報共有等）していますか？ | G81: Teammate 技能員 | H81: レ | K81: Crane operators observe each other and provide feedback. Or Information on how to operate crane safely has been shared. クレーン操作者は、相互に確認(相互モニタリング)し、フィードバックしている。または、他事業所のクレーン操作に関する情報が共有されている。
C82: KY | D82: Integration 関連付け | E82: 77 | F82: Is KYT conducted periodically in accordance with SBU or/and site standard by everyone on site? KYTは、全員に、SBU/現場の標準で決められた頻度で実施されていますか？ | G82: Site manager or if available, site safety 事業所長もしくは拠点安全担当 | J82: レ | K82: KYT records indicate that KYT is completed periodically in accordance with SBU and/or site standard by everyone on site. KYT記録によると、SBU/現場の標準で決められた頻度で、全員に実施されている。
C83: KY | D83: Integration 関連付け | E83: 78 | F83: Is the KYT activity evaluated and opportunity for improvement discussed with the site manager annually? 毎年、KYTの活動内容は、評価され、改善の機会を事業所長と議論されていますか？ | G83: Site manager or if available, site safety 事業所長もしくは拠点安全担当 | H83: レ | K83: The respondent can explain the evaluation result of KYT activity and improvement discussed with the site manager last time. 回答者は、前回のKYT 活動の評価結果と、事業所長で議論した改善内容と説明できる。
C84: Tire Inflation Operation タイヤ空気充填作業 | D84: Integration 関連付け | E84: 79 | F84: Do the workers know how to effectively mitigate the risks in the tire inflation process? 作業者は、タイヤ空気充填作業における効果的なリスク低減方法を理解しているか？ | G84: Teammate 技能員 | J84: レ | K84: Sampled teammates can all give some examples of how the H&S risks in the tire inflation area are mitigated. 技能員のサンプルチェックにおいて、タイヤ空気充填作業場における、安全衛生リスクの低減方法を提示できる。
C85: Contractor management 協力会社の安全管理 | D85: Integration 関連付け | E85: 80 | F85: Does BS perform safety patrols of contractor's work area, and confirm that risk mitigation measures/administrative controls defined at the pre-work meeting are conducted? BSは協力会社の作業エリアの安全パトロールを行い、事前打ち合わせで決めたリスク低減対策・管理が行われていることを確認していますか？ | G85: Site manager or if available, site safety 事業所長もしくは拠点安全担当 | J85: レ | K85: There is evidence that BS teammates perform safety patrols of contractor's work area, and confirm that risk mitigation measures/administrative controls defined at the pre-work meeting are conducted. BSが協力会社の作業エリアの安全パトロールを行い、事前打ち合わせで決めたリスク低減対策・管理が行われていることを確認していることを示す書類がある。
C86: Large Tire Manual Handling Operation 大型タイヤハンドリング作業 | D86: Integration 関連付け | E86: 81 | F86: Is the procedure reviewed when new activities are introduced on the site or when teammates offer relevant feedback? 現場の新規作業が発生した際、または、従業員から関連するフィードバックの提供があった際、標準が見直しされているか？ | G86: Site manager or if available, site safety 事業所長 | J86: レ | K86: The revision history of the large tire manual handling operations procedure indicate that it was reviewed based on new activities introduced or teammates feedback 大型タイヤの手動ハンドリング標準書の改訂履歴より、従業員からのフィードバック又は導入された新規作業に基づいて、標準書が見直されていることが確認できる。
C87: Large Tire Manual Handling Operation 大型タイヤハンドリング作業 | D87: Integration 関連付け | E87: 82 | F87: Are teammates re-trained in the large tire manual handling operations procedure when required (e.g. returning from absence, changes in procedure) 従業員は、必要に応じて、大型タイヤ手動ハンドリング標準の再教育を受けていますか？（例：休職からの復帰時、手順変更時） | G87: Site manager or if available, site safety 事業所長 | J87: レ | K87: Training records show that teammates are re-trained in the large tire manual handling operations procedure when required (e.g. returning from absence, changes in procedure) 教育記録より、必要に応じて、大型タイヤの手動ハンドリング標準の再教育が行われていることが確認できる。（例：休職からの復帰時、手順変更時）
C88: Integrated risk assessment リスクアセスメント | D88: Integration 関連付け | E88: 83 | F88: Have risk assessment periodically reviewed to verify that hazards are definitely identified and risks are properly evaluated? 危険源の洗い出し結果やリスク評価結果は定期的に見直しされているか。 | G88: Site manager or if available, site safety 事業所長もしくは拠点安全担当 | J88: レ | K88: The respondent can show an example of risk assessment documents which are periodically updated. 定期見直しにより更新されたRA帳票を確認することができた。
C89: Integrated incidents management 災害対応・類災防止 | D89: Integration 関連付け | E89: 84 | F89: Are risk control measurements being executed to similar tasks, machines or processes following a reported incident*? 災害と類似した作業、設備、プロセスに対してリスク低減対策が実施されているか？ | G89: Site manager or if available, site safety 事業所長もしくは拠点安全担当 | H89: レ | J89: レ | K89: The respondent can show an evidence that periodical review is conducted to verify effectiveness of the implemented countermasures. 類似作業や設備等にヨコテンした事例を確認できる。
C90: Integrated incidents management 災害対応・類災防止 | D90: Integration 関連付け | E90: 85 | F90: Have countermeasures been implemented based on implementation plan for recurrence prevention? 類災防止のための実行計画にもとづき、対策が実施されていますか？ | G90: Site manager or if available, site safety 事業所長もしくは拠点安全担当 | I90: レ | J90: レ | K90: Countermeasures are being implemented on site following recurrence prevention requests 計画された類災防止対策が実行されていること確認できる。
B92: Excellence | C92: Training and Education 教育訓練 | D92: Design 設計 | E92: 86 | F92: Are trainings updated with industry best practices? 業界のベストプラクティスをもとに、教育内容や方法が更新されているか？ | G92: Site manager or if available, site safety 事業所長もしくは拠点安全担当 | H92: レ | K92: The respondent can show an example of trainings being updated with industry best practices. 回答者は、業界のベストプラクティスにより、教育内容や方法を更新した事例を説明できる。
C93: Training and Education 教育訓練 | D93: Integration 関連付け | E93: 87 | F93: Is the effectiveness of a training reviewed based on pre and post training assessments? Is the training improved based on the assessment result? 教育の有効性は、教育実施前後の評価に基づき、確認されているか？その評価結果に基づき、教育内容や方法は改善されているか？ | G93: Site manager or if available, site safety 事業所長もしくは拠点安全担当 | H93: レ | J93: レ | K93: There is evidence of pre and post training assessments. The respondent can show an example of the improvement based on the assessment results. 教育前後の評価記録がある。回答者は、その評価結果に基づいた改善事例を説明できる。
C94: Emergency Planning 緊急事態計画 | D94: Change & Emergency planning 変更管理 & 緊急事態準備 | E94: 88 | F94: Are best practices in other sites incorporated into the procedure for emergency? 緊急事態の対応手順について、他事業所の好事例を取り入れたり工夫をしているか? | G94: Site manager or if available, site safety 事業所長もしくは拠点安全担当 | H94: レ | K94: The respondent can show an example that the best practices in other sites are incorporated into the site procedure for emergency. or There is a evidence of the comparison with other sites. 回答者は、緊急事態の対応手順について、他事業所の好事例を取り入れたり工夫した事例を説明できる。または、他事業所と比較した結果がある。
C95: Communication コミュニケーション | D95: Integration 関連付け | E95: 89 | F95: Do you communicate improvements with your TMs to evaluate the effectiveness against unsafe conditions or near misses that TMs have reported? 気がかり・困り事であがった不具合情報の改善内容は、技能員本人へフィードバックしていますか？ | G95: Site manager or if available, site safety 事業所長もしくは拠点安全担当 | J95: レ | K95: The respondent can show an example of record that improvements against unsafe conditions or near misses TM reported are communicated. 気がかり困り事で上がった不具合の処置内容を技能員が確認した記録がある。
C96: LOTO Standard LOTO標準 | D96: Design 設計 | E96: 90 | F96: Have you gathered best practices on LOTO from other sites/industry, and considered to incorporate them into the site procedure? 他事業所/業界のLOTOに関する好事例を入手し、自拠点へ落とし込みを検討しているか？ | G96: Logistics Safety dept. or site manager 物流安全機能部署 もしくは事業所長 | H96: レ | K96: The respondent can show an example that the best practices on LOTO have been gathered from other sites, and it has been incorporated into the site procedure. or There is a evidence of the comparison with other sites. 回答者は、他事業所のLOTOに関する好事例を入手し、自拠点へ落とし込みした事例を説明できる。または、他事業所と比較した結果がある。
C97: Safety Rules 安全ルール | D97: Design 設計 | E97: 91 | F97: Have you gathered best practices on safety rules(e.g. work standards) from other sites/industry, and considered to incorporate them into the site procedure? 他事業所/業界の安全ルールや作業標準等に関する好事例を入手し、自拠点へ落とし込みを検討していますか？ | G97: Logistics Safety dept. or site manager 物流安全機能部署 もしくは事業所長 | H97: レ | K97: The respondent can show an example that the respondent can show an example that the best practices on Safety rules have been gathered from other sites/industry, and it has been incorporated into the site procedure. Or There is a evidence of the comparison with other sites. 回答者は、他事業所/業界の安全ルール（作業標準等）に関する好事例を入手し、自拠点へ落とし込みした事例を説明できる。または、他事業所と比較した結果がある。
C98: Work at Height 高所作業 | D98: Design 設計 | E98: 92 | F98: Have you gathered best practices on safety rules(e.g. work standards) from other sites/industry, and considered to incorporate them into the site procedure? 他事業所/業界の高所作業に関する好事例を入手し、自拠点へ落とし込みを検討しているか？ | G98: Logistics Safety dept. or site manager 物流安全機能部署 もしくは事業所長 | H98: レ | K98: The respondent can show an example that the best practices on Work at height have been gathered from other sites/industry, and it has been incorporated into the site procedure. or There is a evidence of the comparison with other plants. 回答者は、他事業所/業界の高所作業に関する好事例を入手し、自拠点へ落とし込みした事例を説明できる。または、他事業所と比較した結果がある。
C99: Mobile Equipment 動力車 | D99: Design 設計 | E99: 93 | F99: Have you gathered best practices on mobile equipment from other sites/industry, and considered to incorporate them into the site procedure? 他事業所/業界の動力車に関する好事例を入手し、自拠点へ落とし込みを検討しているか？ | G99: Logistics Safety dept. or site manager 物流安全機能部署 もしくは事業所長 | H99: レ | K99: The respondent can show an example that the best practices on mobile equipment have been gathered from other sites/industry, and it has been incorporated into the site procedure. or There is a evidence of the comparison with other plants. 回答者は、他事業所/業界の動力車に関する好事例を入手し、自拠点へ落とし込みした事例を説明できる。または、他事業所と比較した結果がある。
C100: 3S | D100: Design 設計 | E100: 94 | F100: Have you gathered best practices on 3S from other sites/industry, and considered to incorporate them into the site procedure? 他事業所/業界の3Sに関する好事例を入手し、自拠点へ落とし込みを検討していますか？ | G100: Logistics Safety dept. or site manager 物流安全機能部署 もしくは事業所長 | H100: レ | K100: The respondent can show an example that the best practices on 3S have been gathered from other sites/industry, and it has been incorporated into the site procedure. or There is a evidence of the comparison with other sites. 回答者は、他事業所/業界の3Sに関する好事例を入手し、自拠点へ落とし込みした事例を説明できる。または、他事業所と比較した結果がある。
C101: Crane and Hoist クレーン・ホイスト | D101: Design 設計 | E101: 95 | F101: Have you gathered best practices on crane and hoist from other sites/external companies, and considered to incorporate them into the site procedure? 他事業所/他社からクレーン・ホイスト運用に関する好事例を入手し、自拠点へ落とし込みを検討していますか？ | G101: Logistics Safety dept. or site manager 物流安全機能部署 もしくは事業所長 | H101: レ | K101: The respondent can show an example that the best practices on crane and hoist have been gathered from other sites/industry, and it has been incorporated into the site procedure. or There is a evidence of the comparison with other sites. 回答者は、他事業所/業界のクレーン・ホイスト運用に関する好事例を入手し、自拠点へ落とし込みした事例を説明できる。または、他事業所と比較した結果がある。
C102: KY | D102: Design 設計 | E102: 96 | F102: Have you gathered best practices and/or risks found in other sites during KY, and considered to incorporate them into site procedure? 他事業所のKYで見つかったリスクの内容や、改善の好事例を入手し、自拠点への落とし込みを検討していますか？ | G102: Site manager or if available, site safety 事業所長もしくは拠点安全担当 | H102: レ | K102: The respondent can show an example that the best practices and/or risks found in other sites during KY have been gathered, and it has been incorporated into the site procedure. or There is a evidence of the comparison with other ites. 他事業所のKYで見つかったリスクの内容、改善の好事例を入手し、自拠点へ落とし込みし事例を説明できる。または、他事業所と比較した結果がある。
C103: Tire Inflation Operation タイヤ空気充填作業 | D103: Design 設計 | E103: 97 | F103: Have you gathered best practices on tire inflation from other sites/industry, and considered to incorporate them into the site procedure? 他事業所/業界の空気充填に関する好事例を入手し、自拠点へ落とし込みを検討しているか？ | G103: Logistics Safety dept. or site manager 物流安全機能部署 もしくは事業所長 | H103: レ | K103: The respondent can show an example that the best practices on tire inflation have been gathered from other sites/industry, and it has been incorporated into the site procedure. or There is a evidence of the comparison with other sites. 回答者は、他事業所/業界の空気充填作業に関する好事例を入手し、自拠点へ落とし込みしていた事例を説明できる。または、他事業所と比較した結果がある。
C104: Contractor management 協力会社の安全管理 | D104: Design 設計 | E104: 98 | F104: Have you gathered best practices on contractor management from other sites/external companies, and considered to incorporate them into the site procedure? (E.g. Daily JSA, using the external consultant for selecting contractors, etc.) 他事業所/他社から協力会社の安全管理に関する好事例(例:日々のRA、業者選定において社外コンサルを活用 等）を入手し、自拠点へ落とし込みを検討していますか？ | G104: Logistics Safety dept. or site manager 物流安全機能部署 もしくは事業所長 | H104: レ | K104: The respondent can show an example that the best practices on contractor management have been gathered from other plants/industry, and it has been incorporated into the site procedure. or There is a evidence of the comparison with other sites. 回答者は、他事業所/業界の協力会社の安全管理に関する好事例を入手し、自拠点へ落とし込みした事例を説明できる。または、他事業所と比較した結果がある。
...

Sheet (Ref.)Dashboard
C3: G-SMS Maturity Assessment / 安全成熟度
C4: Site: | H4: G-SMS Maturity Assessment / 安全成熟度
C5: Date:
C6: Assessor/評価者:
C7: Assessment type/評価種類: | F7: Validation assessment 妥当性評価
C9: Summary Result of Safety Maturity Assessment 安全成熟度評価結果 サマリー
C11: Maturity Levels | F11: Safety Maturity Outcome / 安全成熟度 結果
F12: =(F16+L16)/2 -> 0 | G12: =IF(F12=0,"N/A",IF(F12<2,"Ad-Hoc",IF(F12<3,"Reactive",IF(F12<4,"Standardized",IF(F12<5,"Proactive",IF(F12=5,"Excellence","N/A")))))) -> N/A
C13: 1 | D13: Ad-hoc
C15: 2 | D15: Reactive | F15: Safety Awareness ﾘｰﾀﾞｰ/一人ひとりの安全意識 | L15: System Implementation 安全ﾏﾈｼﾞﾒﾝﾄｼｽﾃﾑの運用度
F16: =(I20+F20)/2 -> 0 | G16: =IF(F16=0,"N/A",IF(F16<2,"Ad-Hoc",IF(F16<3,"Reactive",IF(F16<4,"Standardized",IF(F16<5,"Proactive",IF(F16=5,"Excellence","N/A")))))) -> N/A | L16: =(L20+O20)/2 -> 0 | M16: =IF(L16=0,"N/A",IF(L16<2,"Ad-Hoc",IF(L16<3,"Reactive",IF(L16<4,"Standardized",IF(L16<5,"Proactive",IF(L16=5,"Excellence","N/A")))))) -> N/A
C17: 3 | D17: Standardized
C19: 4 | D19: Proactive | F19: Leadership ﾘｰﾀﾞｰｼｯﾌﾟ | I19: Teammate Engagement 一人ひとり | L19: Organization 組織 | O19: System システム
F20: =MIN(F24:F26) -> 0 | G20: =IF(F20=0,"N/A",IF(F20<2,"Ad-Hoc",IF(F20<3,"Reactive",IF(F20<4,"Standardized",IF(F20<5,"Proactive",IF(F20=5,"Excellence","N/A")))))) -> N/A | I20: =MIN(I24:I26) -> 0 | J20: =IF(I20=0,"N/A",IF(I20<2,"Ad-Hoc",IF(I20<3,"Reactive",IF(I20<4,"Standardized",IF(I20<5,"Proactive",IF(I20=5,"Excellence","N/A")))))) -> N/A | L20: =MIN(L24:L26) -> 0 | M20: =IF(L20=0,"N/A",IF(L20<2,"Ad-Hoc",IF(L20<3,"Reactive",IF(L20<4,"Standardized",IF(L20<5,"Proactive",IF(L20=5,"Excellence","N/A")))))) -> N/A | O20: =MIN(O24:O26) -> 0 | P20: =IF(O20=0,"N/A",IF(O20<2,"Ad-Hoc",IF(O20<3,"Reactive",IF(O20<4,"Standardized",IF(O20<5,"Proactive",IF(O20=5,"Excellence","N/A")))))) -> N/A
C21: 5 | D21: Excellence
F23: Leadership Elements | I23: Teammate Engagement Elements | L23: Organization Elements | O23: System Elements
F24: ='Calculation sheet'!B29 -> - | G24: Prioritization 優先付け | I24: ='Calculation sheet'!B25 -> - | J24: Action 行動 | L24: ='Calculation sheet'!B21 -> - | M24: Participation 参画 | O24: ='Calculation sheet'!B17 -> - | P24: Design 設計
F25: ='Calculation sheet'!B30 -> - | G25: Decisions 意思決定 | I25: ='Calculation sheet'!B26 -> - | J25: Capability 能力 | L25: ='Calculation sheet'!B22 -> - | M25: Information 情報 | O25: ='Calculation sheet'!B18 -> - | P25: Integration 関連付け
F26: ='Calculation sheet'!B31 -> - | G26: Support 支援 | I26: ='Calculation sheet'!B27 -> - | J26: Knowledge 知識 | L26: ='Calculation sheet'!B23 -> - | M26: Communication コミュニケーション | O26: ='Calculation sheet'!B19 -> - | P26: Change & emergency planning 変更管理 & 緊急事態準備
C28: Output Visualization 成熟度の見える化
C30: Output Visualization 安全成熟度 | L30: Individual Process Results 規格の順守状況
F33: =F20 -> 0 | I33: =O20 -> 0
F44: =I20 -> 0 | I44: =L20 -> 0
C47: 4 Pillars | E47: Maturity level | G47: Strength 長所 | J47: Opportunity for Improvement 改善機会 | M47: Action items 実施事項 | P47: Due date 納期
C48: Leadership リーダーシップ | E48: =F20 -> 0
C49: Teammate Engagement 一人ひとり | E49: =I20 -> 0
C50: Organization 組織 | E50: =L20 -> 0
C51: System システム | E51: =O20 -> 0

Sheet Calculation sheet
A1: Checklist options | D1: Assessment types
A2: Yes | D2: Self-assessment セルフアセスメント
A3: No | D3: Validation assessment 妥当性評価
A5: Maturity levels
A6: Excellence | B6: 5 | C6: Excellence
A7: Proactive | B7: 4 | C7: Proactive
A8: Standardised | B8: 3 | C8: Standardised
A9: Reactive | B9: 2 | C9: Reactive
A10: Passive | B10: 1 | C10: Passive
C15: Ad-hoc | F15: Reactive | I15: Standardized | L15: Proactive | O15: Excellent | R15: Total | S15: filled out
B16: Score | C16: Yes | D16: No | E16: Other | F16: Yes | G16: No | H16: Other | I16: Yes | J16: No | K16: Other | L16: Yes | M16: No | N16: Other | O16: Yes | P16: No | Q16: Other | R16: questions | S16: questions | T16: <System>
A17: Design | B17: {=_xlfn.IFS(S17="to be done","-",D17+G17>0,1,J17>0,2,I17=0,_xlfn.IFS(M17>0,2,L17=0,_xlfn.IFS(P17>0,2,I17>0,3,O17=0,4,P17=0,5)),L17=0,_xlfn.IFS(M17>0,3,O17=0,3,P17>0,3),M17>0,3,P17>0,4,O17>0,5,O17=0,4)} -> - | C17: =COUNTIFS(System!$D$3:$D$22,T17,System!$L$3:$L$22,C$16) -> 0 | D17: =COUNTIFS(System!$D$3:$D$22,T17,System!$L$3:$L$22,D$16) -> 0 | E17: =COUNTIFS(System!$D$3:$D$22,T17,System!$L$3:$L$22,"N/A")+COUNTIFS(System!$D$3:$D$22,T17,System!$L$3:$L$22,"Not rolled out yet") -> 0 | F17: =COUNTIFS(System!$D$24:$D$44,T17,System!$L$24:$L$44,F$16) -> 0 | G17: =COUNTIFS(System!$D$24:$D$44,T17,System!$L$24:$L$44,G$16) -> 0 | H17: =COUNTIFS(System!$D$24:$D$44,T17,System!$L$24:$L$44,"N/A")+COUNTIFS(System!$D$24:$D$44,T17,System!$L$24:$L$44,"Not rolled out yet") -> 0 | I17: =COUNTIFS(System!$D$46:$D$67,T17,System!$L$46:$L$67,I$16) -> 0 | J17: =COUNTIFS(System!$D$46:$D$67,T17,System!$L$46:$L$67,J$16) -> 0 | K17: =COUNTIFS(System!$D$46:$D$67,T17,System!$L$46:$L$67,"N/A")+COUNTIFS(System!$D$46:$D$67,T17,System!$L$46:$L$67,"Not rolled out yet") -> 0 | L17: =COUNTIFS(System!$D$69:$D$90,T17,System!$L$69:$L$90,L$16) -> 0 | M17: =COUNTIFS(System!$D$69:$D$90,T17,System!$L$69:$L$90,M$16) -> 0 | N17: =COUNTIFS(System!$D$69:$D$90,T17,System!$L$69:$L$90,"N/A")+COUNTIFS(System!$D$69:$D$90,T17,System!$L$69:$L$90,"Not rolled out yet") -> 0 | O17: =COUNTIFS(System!$D$92:$D$107,T17,System!$L$92:$L$107,O$16) -> 0 | P17: =COUNTIFS(System!$D$92:$D$107,T17,System!$L$92:$L$107,P$16) -> 0 | Q17: =COUNTIFS(System!$D$92:$D$107,T17,System!$L$92:$L$107,"N/A")+COUNTIFS(System!$D$92:$D$107,T17,System!$L$92:$L$107,"Not rolled out yet") -> 0 | R17: =COUNTIF(System!$D$3:$D$107,T17) -> 23 | S17: =IF(SUM(C17:Q17)=R17,"done","to be done") -> to be done | T17: Design 設計
A18: Integration | B18: {=_xlfn.IFS(S18="to be done","-",D18+G18>0,1,J18>0,2,I18=0,_xlfn.IFS(M18>0,2,L18=0,_xlfn.IFS(P18>0,2,I18>0,3,O18=0,4,P18=0,5)),L18=0,_xlfn.IFS(M18>0,3,O18=0,3,P18>0,3),M18>0,3,P18>0,4,O18>0,5,O18=0,4)} -> - | C18: =COUNTIFS(System!$D$3:$D$22,T18,System!$L$3:$L$22,C$16) -> 0 | D18: =COUNTIFS(System!$D$3:$D$22,T18,System!$L$3:$L$22,D$16) -> 0 | E18: =COUNTIFS(System!$D$3:$D$22,T18,System!$L$3:$L$22,"N/A")+COUNTIFS(System!$D$3:$D$22,T18,System!$L$3:$L$22,"Not rolled out yet") -> 0 | F18: =COUNTIFS(System!$D$24:$D$44,T18,System!$L$24:$L$44,F$16) -> 0 | G18: =COUNTIFS(System!$D$24:$D$44,T18,System!$L$24:$L$44,G$16) -> 0 | H18: =COUNTIFS(System!$D$24:$D$44,T18,System!$L$24:$L$44,"N/A")+COUNTIFS(System!$D$24:$D$44,T18,System!$L$24:$L$44,"Not rolled out yet") -> 0 | I18: =COUNTIFS(System!$D$46:$D$67,T18,System!$L$46:$L$67,I$16) -> 0 | J18: =COUNTIFS(System!$D$46:$D$67,T18,System!$L$46:$L$67,J$16) -> 0 | K18: =COUNTIFS(System!$D$46:$D$67,T18,System!$L$46:$L$67,"N/A")+COUNTIFS(System!$D$46:$D$67,T18,System!$L$46:$L$67,"Not rolled out yet") -> 0 | L18: =COUNTIFS(System!$D$69:$D$90,T18,System!$L$69:$L$90,L$16) -> 0 | M18: =COUNTIFS(System!$D$69:$D$90,T18,System!$L$69:$L$90,M$16) -> 0 | N18: =COUNTIFS(System!$D$69:$D$90,T18,System!$L$69:$L$90,"N/A")+COUNTIFS(System!$D$69:$D$90,T18,System!$L$69:$L$90,"Not rolled out yet") -> 0 | O18: =COUNTIFS(System!$D$92:$D$107,T18,System!$L$92:$L$107,O$16) -> 0 | P18: =COUNTIFS(System!$D$92:$D$107,T18,System!$L$92:$L$107,P$16) -> 0 | Q18: =COUNTIFS(System!$D$92:$D$107,T18,System!$L$92:$L$107,"N/A")+COUNTIFS(System!$D$92:$D$107,T18,System!$L$92:$L$107,"Not rolled out yet") -> 0 | R18: =COUNTIF(System!$D$3:$D$107,T18) -> 71 | S18: =IF(SUM(C18:Q18)=R18,"done","to be done") -> to be done | T18: Integration 関連付け
A19: Change & Emergency | B19: {=_xlfn.IFS(S19="to be done","-",D19+G19>0,1,J19>0,2,I19=0,_xlfn.IFS(M19>0,2,L19=0,_xlfn.IFS(P19>0,2,I19>0,3,O19=0,4,P19=0,5)),L19=0,_xlfn.IFS(M19>0,3,O19=0,3,P19>0,3),M19>0,3,P19>0,4,O19>0,5,O19=0,4)} -> - | C19: =COUNTIFS(System!$D$3:$D$22,T19,System!$L$3:$L$22,C$16) -> 0 | D19: =COUNTIFS(System!$D$3:$D$22,T19,System!$L$3:$L$22,D$16) -> 0 | E19: =COUNTIFS(System!$D$3:$D$22,T19,System!$L$3:$L$22,"N/A")+COUNTIFS(System!$D$3:$D$22,T19,System!$L$3:$L$22,"Not rolled out yet") -> 0 | F19: =COUNTIFS(System!$D$24:$D$44,T19,System!$L$24:$L$44,F$16) -> 0 | G19: =COUNTIFS(System!$D$24:$D$44,T19,System!$L$24:$L$44,G$16) -> 0 | H19: =COUNTIFS(System!$D$24:$D$44,T19,System!$L$24:$L$44,"N/A")+COUNTIFS(System!$D$24:$D$44,T19,System!$L$24:$L$44,"Not rolled out yet") -> 0 | I19: =COUNTIFS(System!$D$46:$D$67,T19,System!$L$46:$L$67,I$16) -> 0 | J19: =COUNTIFS(System!$D$46:$D$67,T19,System!$L$46:$L$67,J$16) -> 0 | K19: =COUNTIFS(System!$D$46:$D$67,T19,System!$L$46:$L$67,"N/A")+COUNTIFS(System!$D$46:$D$67,T19,System!$L$46:$L$67,"Not rolled out yet") -> 0 | L19: =COUNTIFS(System!$D$69:$D$90,T19,System!$L$69:$L$90,L$16) -> 0 | M19: =COUNTIFS(System!$D$69:$D$90,T19,System!$L$69:$L$90,M$16) -> 0 | N19: =COUNTIFS(System!$D$69:$D$90,T19,System!$L$69:$L$90,"N/A")+COUNTIFS(System!$D$69:$D$90,T19,System!$L$69:$L$90,"Not rolled out yet") -> 0 | O19: =COUNTIFS(System!$D$92:$D$107,T19,System!$L$92:$L$107,O$16) -> 0 | P19: =COUNTIFS(System!$D$92:$D$107,T19,System!$L$92:$L$107,P$16) -> 0 | Q19: =COUNTIFS(System!$D$92:$D$107,T19,System!$L$92:$L$107,"N/A")+COUNTIFS(System!$D$92:$D$107,T19,System!$L$92:$L$107,"Not rolled out yet") -> 0 | R19: =COUNTIF(System!$D$3:$D$107,T19) -> 7 | S19: =IF(SUM(C19:Q19)=R19,"done","to be done") -> to be done | T19: Change & Emergency planning 変更管理 & 緊急事態準備
T20: <Organization>
A21: Participation | B21: {=_xlfn.IFS(S21="to be done","-",D21+G21>0,1,J21>0,2,I21=0,_xlfn.IFS(M21>0,2,L21=0,_xlfn.IFS(P21>0,2,I21>0,3,O21=0,4,P21=0,5)),L21=0,_xlfn.IFS(M21>0,3,O21=0,3,P21>0,3),M21>0,3,P21>0,4,O21>0,5,O21=0,4)} -> - | C21: =COUNTIFS(Organization!$C$3:$C$6,T21,Organization!$K$3:$K$6,C$16) -> 0 | D21: =COUNTIFS(Organization!$C$3:$C$6,T21,Organization!$K$3:$K$6,D$16) -> 0 | E21: =COUNTIFS(Organization!$C$3:$C$6,T21,Organization!$K$3:$K$6,"N/A")+COUNTIFS(Organization!$C$3:$C$6,T21,Organization!$K$3:$K$6,"Not rolled out yet") -> 0 | F21: =COUNTIFS(Organization!$C$8:$C$11,T21,Organization!$K$8:$K$11,F$16) -> 0 | G21: =COUNTIFS(Organization!$C$8:$C$11,T21,Organization!$K$8:$K$11,G$16) -> 0 | H21: =COUNTIFS(Organization!$C$8:$C$11,T21,Organization!$K$8:$K$11,"N/A")+COUNTIFS(Organization!$C$8:$C$11,T21,Organization!$K$8:$K$11,"Not rolled out yet") -> 0 | I21: =COUNTIFS(Organization!$C$13:$C$16,T21,Organization!$K$13:$K$16,I$16) -> 0 | J21: =COUNTIFS(Organization!$C$13:$C$16,T21,Organization!$K$13:$K$16,J$16) -> 0 | K21: =COUNTIFS(Organization!$C$13:$C$16,T21,Organization!$K$13:$K$16,"N/A")+COUNTIFS(Organization!$C$13:$C$16,T21,Organization!$K$13:$K$16,"Not rolled out yet") -> 0 | L21: =COUNTIFS(Organization!$C$18:$C$21,T21,Organization!$K$18:$K$21,L$16) -> 0 | M21: =COUNTIFS(Organization!$C$18:$C$21,T21,Organization!$K$18:$K$21,M$16) -> 0 | N21: =COUNTIFS(Organization!$C$18:$C$21,T21,Organization!$K$18:$K$21,"N/A")+COUNTIFS(Organization!$C$18:$C$21,T21,Organization!$K$18:$K$21,"Not rolled out yet") -> 0 | O21: =COUNTIFS(Organization!$C$23:$C$26,T21,Organization!$K$23:$K$26,O$16) -> 0 | P21: =COUNTIFS(Organization!$C$23:$C$26,T21,Organization!$K$23:$K$26,P$16) -> 0 | Q21: =COUNTIFS(Organization!$C$23:$C$26,T21,Organization!$K$23:$K$26,"N/A")+COUNTIFS(Organization!$C$23:$C$26,T21,Organization!$K$23:$K$26,"Not rolled out yet") -> 0 | R21: =COUNTIF(Organization!$C$3:$C$26,T21) -> 7 | S21: =IF(SUM(C21:Q21)=R21,"done","to be done") -> to be done | T21: Participation 参加
A22: Information | B22: {=_xlfn.IFS(S22="to be done","-",D22+G22>0,1,J22>0,2,I22=0,_xlfn.IFS(M22>0,2,L22=0,_xlfn.IFS(P22>0,2,I22>0,3,O22=0,4,P22=0,5)),L22=0,_xlfn.IFS(M22>0,3,O22=0,3,P22>0,3),M22>0,3,P22>0,4,O22>0,5,O22=0,4)} -> - | C22: =COUNTIFS(Organization!$C$3:$C$6,T22,Organization!$K$3:$K$6,C$16) -> 0 | D22: =COUNTIFS(Organization!$C$3:$C$6,T22,Organization!$K$3:$K$6,D$16) -> 0 | E22: =COUNTIFS(Organization!$C$3:$C$6,T22,Organization!$K$3:$K$6,"N/A")+COUNTIFS(Organization!$C$3:$C$6,T22,Organization!$K$3:$K$6,"Not rolled out yet") -> 0 | F22: =COUNTIFS(Organization!$C$8:$C$11,T22,Organization!$K$8:$K$11,F$16) -> 0 | G22: =COUNTIFS(Organization!$C$8:$C$11,T22,Organization!$K$8:$K$11,G$16) -> 0 | H22: =COUNTIFS(Organization!$C$8:$C$11,T22,Organization!$K$8:$K$11,"N/A")+COUNTIFS(Organization!$C$8:$C$11,T22,Organization!$K$8:$K$11,"Not rolled out yet") -> 0 | I22: =COUNTIFS(Organization!$C$13:$C$16,T22,Organization!$K$13:$K$16,I$16) -> 0 | J22: =COUNTIFS(Organization!$C$13:$C$16,T22,Organization!$K$13:$K$16,J$16) -> 0 | K22: =COUNTIFS(Organization!$C$13:$C$16,T22,Organization!$K$13:$K$16,"N/A")+COUNTIFS(Organization!$C$13:$C$16,T22,Organization!$K$13:$K$16,"Not rolled out yet") -> 0 | L22: =COUNTIFS(Organization!$C$18:$C$21,T22,Organization!$K$18:$K$21,L$16) -> 0 | M22: =COUNTIFS(Organization!$C$18:$C$21,T22,Organization!$K$18:$K$21,M$16) -> 0 | N22: =COUNTIFS(Organization!$C$18:$C$21,T22,Organization!$K$18:$K$21,"N/A")+COUNTIFS(Organization!$C$18:$C$21,T22,Organization!$K$18:$K$21,"Not rolled out yet") -> 0 | O22: =COUNTIFS(Organization!$C$23:$C$26,T22,Organization!$K$23:$K$26,O$16) -> 0 | P22: =COUNTIFS(Organization!$C$23:$C$26,T22,Organization!$K$23:$K$26,P$16) -> 0 | Q22: =COUNTIFS(Organization!$C$23:$C$26,T22,Organization!$K$23:$K$26,"N/A")+COUNTIFS(Organization!$C$23:$C$26,T22,Organization!$K$23:$K$26,"Not rolled out yet") -> 0 | R22: =COUNTIF(Organization!$C$3:$C$26,T22) -> 5 | S22: =IF(SUM(C22:Q22)=R22,"done","to be done") -> to be done | T22: Information 情報
A23: Communication | B23: {=_xlfn.IFS(S23="to be done","-",D23+G23>0,1,J23>0,2,I23=0,_xlfn.IFS(M23>0,2,L23=0,_xlfn.IFS(P23>0,2,I23>0,3,O23=0,4,P23=0,5)),L23=0,_xlfn.IFS(M23>0,3,O23=0,3,P23>0,3),M23>0,3,P23>0,4,O23>0,5,O23=0,4)} -> - | C23: =COUNTIFS(Organization!$C$3:$C$6,T23,Organization!$K$3:$K$6,C$16) -> 0 | D23: =COUNTIFS(Organization!$C$3:$C$6,T23,Organization!$K$3:$K$6,D$16) -> 0 | E23: =COUNTIFS(Organization!$C$3:$C$6,T23,Organization!$K$3:$K$6,"N/A")+COUNTIFS(Organization!$C$3:$C$6,T23,Organization!$K$3:$K$6,"Not rolled out yet") -> 0 | F23: =COUNTIFS(Organization!$C$8:$C$11,T23,Organization!$K$8:$K$11,F$16) -> 0 | G23: =COUNTIFS(Organization!$C$8:$C$11,T23,Organization!$K$8:$K$11,G$16) -> 0 | H23: =COUNTIFS(Organization!$C$8:$C$11,T23,Organization!$K$8:$K$11,"N/A")+COUNTIFS(Organization!$C$8:$C$11,T23,Organization!$K$8:$K$11,"Not rolled out yet") -> 0 | I23: =COUNTIFS(Organization!$C$13:$C$16,T23,Organization!$K$13:$K$16,I$16) -> 0 | J23: =COUNTIFS(Organization!$C$13:$C$16,T23,Organization!$K$13:$K$16,J$16) -> 0 | K23: =COUNTIFS(Organization!$C$13:$C$16,T23,Organization!$K$13:$K$16,"N/A")+COUNTIFS(Organization!$C$13:$C$16,T23,Organization!$K$13:$K$16,"Not rolled out yet") -> 0 | L23: =COUNTIFS(Organization!$C$18:$C$21,T23,Organization!$K$18:$K$21,L$16) -> 0 | M23: =COUNTIFS(Organization!$C$18:$C$21,T23,Organization!$K$18:$K$21,M$16) -> 0 | N23: =COUNTIFS(Organization!$C$18:$C$21,T23,Organization!$K$18:$K$21,"N/A")+COUNTIFS(Organization!$C$18:$C$21,T23,Organization!$K$18:$K$21,"Not rolled out yet") -> 0 | O23: =COUNTIFS(Organization!$C$23:$C$26,T23,Organization!$K$23:$K$26,O$16) -> 0 | P23: =COUNTIFS(Organization!$C$23:$C$26,T23,Organization!$K$23:$K$26,P$16) -> 0 | Q23: =COUNTIFS(Organization!$C$23:$C$26,T23,Organization!$K$23:$K$26,"N/A")+COUNTIFS(Organization!$C$23:$C$26,T23,Organization!$K$23:$K$26,"Not rolled out yet") -> 0 | R23: =COUNTIF(Organization!$C$3:$C$26,T23) -> 8 | S23: =IF(SUM(C23:Q23)=R23,"done","to be done") -> to be done | T23: Communication コミュニケーション
T24: <TM engagement>
A25: Action | B25: {=_xlfn.IFS(S25="to be done","-",D25+G25>0,1,J25>0,2,I25=0,_xlfn.IFS(M25>0,2,L25=0,_xlfn.IFS(P25>0,2,I25>0,3,O25=0,4,P25=0,5)),L25=0,_xlfn.IFS(M25>0,3,O25=0,3,P25>0,3),M25>0,3,P25>0,4,O25>0,5,O25=0,4)} -> - | C25: =COUNTIFS('TM Engagement'!$C$3:$C$6,T25,'TM Engagement'!$K$3:$K$6,C$16) -> 0 | D25: =COUNTIFS('TM Engagement'!$C$3:$C$6,T25,'TM Engagement'!$K$3:$K$6,D$16) -> 0 | E25: =COUNTIFS('TM Engagement'!$C$3:$C$6,T25,'TM Engagement'!$K$3:$K$6,"N/A")+COUNTIFS('TM Engagement'!$C$3:$C$6,T25,'TM Engagement'!$K$3:$K$6,"Not rolled out yet") -> 0 | F25: =COUNTIFS('TM Engagement'!$C$8:$C$10,T25,'TM Engagement'!$K$8:$K$10,F$16) -> 0 | G25: =COUNTIFS('TM Engagement'!$C$8:$C$10,T25,'TM Engagement'!$K$8:$K$10,G$16) -> 0 | H25: =COUNTIFS('TM Engagement'!$C$8:$C$10,T25,'TM Engagement'!$K$8:$K$10,"N/A")+COUNTIFS('TM Engagement'!$C$8:$C$10,T25,'TM Engagement'!$K$8:$K$10,"Not rolled out yet") -> 0 | I25: =COUNTIFS('TM Engagement'!$C$12:$C$14,T25,'TM Engagement'!$K$12:$K$14,I$16) -> 0 | J25: =COUNTIFS('TM Engagement'!$C$12:$C$14,T25,'TM Engagement'!$K$12:$K$14,J$16) -> 0 | K25: =COUNTIFS('TM Engagement'!$C$12:$C$14,T25,'TM Engagement'!$K$12:$K$14,"N/A")+COUNTIFS('TM Engagement'!$C$12:$C$14,T25,'TM Engagement'!$K$12:$K$14,"Not rolled out yet") -> 0 | L25: =COUNTIFS('TM Engagement'!$C$16:$C$18,T25,'TM Engagement'!$K$16:$K$18,L$16) -> 0 | M25: =COUNTIFS('TM Engagement'!$C$16:$C$18,T25,'TM Engagement'!$K$16:$K$18,M$16) -> 0 | N25: =COUNTIFS('TM Engagement'!$C$16:$C$18,T25,'TM Engagement'!$K$16:$K$18,"N/A")+COUNTIFS('TM Engagement'!$C$16:$C$18,T25,'TM Engagement'!$K$16:$K$18,"Not rolled out yet") -> 0 | O25: =COUNTIFS('TM Engagement'!$C$20:$C$22,T25,'TM Engagement'!$K$20:$K$22,O$16) -> 0 | P25: =COUNTIFS('TM Engagement'!$C$20:$C$22,T25,'TM Engagement'!$K$20:$K$22,P$16) -> 0 | Q25: =COUNTIFS('TM Engagement'!$C$20:$C$22,T25,'TM Engagement'!$K$20:$K$22,"N/A")+COUNTIFS('TM Engagement'!$C$20:$C$22,T25,'TM Engagement'!$K$20:$K$22,"Not rolled out yet") -> 0 | R25: =COUNTIF('TM Engagement'!$C$3:$C$22,T25) -> 5 | S25: =IF(SUM(C25:Q25)=R25,"done","to be done") -> to be done | T25: Action 行動
A26: Capability | B26: {=_xlfn.IFS(S26="to be done","-",D26+G26>0,1,J26>0,2,I26=0,_xlfn.IFS(M26>0,2,L26=0,_xlfn.IFS(P26>0,2,I26>0,3,O26=0,4,P26=0,5)),L26=0,_xlfn.IFS(M26>0,3,O26=0,3,P26>0,3),M26>0,3,P26>0,4,O26>0,5,O26=0,4)} -> - | C26: =COUNTIFS('TM Engagement'!$C$3:$C$6,T26,'TM Engagement'!$K$3:$K$6,C$16) -> 0 | D26: =COUNTIFS('TM Engagement'!$C$3:$C$6,T26,'TM Engagement'!$K$3:$K$6,D$16) -> 0 | E26: =COUNTIFS('TM Engagement'!$C$3:$C$6,T26,'TM Engagement'!$K$3:$K$6,"N/A")+COUNTIFS('TM Engagement'!$C$3:$C$6,T26,'TM Engagement'!$K$3:$K$6,"Not rolled out yet") -> 0 | F26: =COUNTIFS('TM Engagement'!$C$8:$C$10,T26,'TM Engagement'!$K$8:$K$10,F$16) -> 0 | G26: =COUNTIFS('TM Engagement'!$C$8:$C$10,T26,'TM Engagement'!$K$8:$K$10,G$16) -> 0 | H26: =COUNTIFS('TM Engagement'!$C$8:$C$10,T26,'TM Engagement'!$K$8:$K$10,"N/A")+COUNTIFS('TM Engagement'!$C$8:$C$10,T26,'TM Engagement'!$K$8:$K$10,"Not rolled out yet") -> 0 | I26: =COUNTIFS('TM Engagement'!$C$12:$C$14,T26,'TM Engagement'!$K$12:$K$14,I$16) -> 0 | J26: =COUNTIFS('TM Engagement'!$C$12:$C$14,T26,'TM Engagement'!$K$12:$K$14,J$16) -> 0 | K26: =COUNTIFS('TM Engagement'!$C$12:$C$14,T26,'TM Engagement'!$K$12:$K$14,"N/A")+COUNTIFS('TM Engagement'!$C$12:$C$14,T26,'TM Engagement'!$K$12:$K$14,"Not rolled out yet") -> 0 | L26: =COUNTIFS('TM Engagement'!$C$16:$C$18,T26,'TM Engagement'!$K$16:$K$18,L$16) -> 0 | M26: =COUNTIFS('TM Engagement'!$C$16:$C$18,T26,'TM Engagement'!$K$16:$K$18,M$16) -> 0 | N26: =COUNTIFS('TM Engagement'!$C$16:$C$18,T26,'TM Engagement'!$K$16:$K$18,"N/A")+COUNTIFS('TM Engagement'!$C$16:$C$18,T26,'TM Engagement'!$K$16:$K$18,"Not rolled out yet") -> 0 | O26: =COUNTIFS('TM Engagement'!$C$20:$C$22,T26,'TM Engagement'!$K$20:$K$22,O$16) -> 0 | P26: =COUNTIFS('TM Engagement'!$C$20:$C$22,T26,'TM Engagement'!$K$20:$K$22,P$16) -> 0 | Q26: =COUNTIFS('TM Engagement'!$C$20:$C$22,T26,'TM Engagement'!$K$20:$K$22,"N/A")+COUNTIFS('TM Engagement'!$C$20:$C$22,T26,'TM Engagement'!$K$20:$K$22,"Not rolled out yet") -> 0 | R26: =COUNTIF('TM Engagement'!$C$3:$C$22,T26) -> 6 | S26: =IF(SUM(C26:Q26)=R26,"done","to be done") -> to be done | T26: Capability 能力
A27: Knowledge | B27: {=_xlfn.IFS(S27="to be done","-",D27+G27>0,1,J27>0,2,I27=0,_xlfn.IFS(M27>0,2,L27=0,_xlfn.IFS(P27>0,2,I27>0,3,O27=0,4,P27=0,5)),L27=0,_xlfn.IFS(M27>0,3,O27=0,3,P27>0,3),M27>0,3,P27>0,4,O27>0,5,O27=0,4)} -> - | C27: =COUNTIFS('TM Engagement'!$C$3:$C$6,T27,'TM Engagement'!$K$3:$K$6,C$16) -> 0 | D27: =COUNTIFS('TM Engagement'!$C$3:$C$6,T27,'TM Engagement'!$K$3:$K$6,D$16) -> 0 | E27: =COUNTIFS('TM Engagement'!$C$3:$C$6,T27,'TM Engagement'!$K$3:$K$6,"N/A")+COUNTIFS('TM Engagement'!$C$3:$C$6,T27,'TM Engagement'!$K$3:$K$6,"Not rolled out yet") -> 0 | F27: =COUNTIFS('TM Engagement'!$C$8:$C$10,T27,'TM Engagement'!$K$8:$K$10,F$16) -> 0 | G27: =COUNTIFS('TM Engagement'!$C$8:$C$10,T27,'TM Engagement'!$K$8:$K$10,G$16) -> 0 | H27: =COUNTIFS('TM Engagement'!$C$8:$C$10,T27,'TM Engagement'!$K$8:$K$10,"N/A")+COUNTIFS('TM Engagement'!$C$8:$C$10,T27,'TM Engagement'!$K$8:$K$10,"Not rolled out yet") -> 0 | I27: =COUNTIFS('TM Engagement'!$C$12:$C$14,T27,'TM Engagement'!$K$12:$K$14,I$16) -> 0 | J27: =COUNTIFS('TM Engagement'!$C$12:$C$14,T27,'TM Engagement'!$K$12:$K$14,J$16) -> 0 | K27: =COUNTIFS('TM Engagement'!$C$12:$C$14,T27,'TM Engagement'!$K$12:$K$14,"N/A")+COUNTIFS('TM Engagement'!$C$12:$C$14,T27,'TM Engagement'!$K$12:$K$14,"Not rolled out yet") -> 0 | L27: =COUNTIFS('TM Engagement'!$C$16:$C$18,T27,'TM Engagement'!$K$16:$K$18,L$16) -> 0 | M27: =COUNTIFS('TM Engagement'!$C$16:$C$18,T27,'TM Engagement'!$K$16:$K$18,M$16) -> 0 | N27: =COUNTIFS('TM Engagement'!$C$16:$C$18,T27,'TM Engagement'!$K$16:$K$18,"N/A")+COUNTIFS('TM Engagement'!$C$16:$C$18,T27,'TM Engagement'!$K$16:$K$18,"Not rolled out yet") -> 0 | O27: =COUNTIFS('TM Engagement'!$C$20:$C$22,T27,'TM Engagement'!$K$20:$K$22,O$16) -> 0 | P27: =COUNTIFS('TM Engagement'!$C$20:$C$22,T27,'TM Engagement'!$K$20:$K$22,P$16) -> 0 | Q27: =COUNTIFS('TM Engagement'!$C$20:$C$22,T27,'TM Engagement'!$K$20:$K$22,"N/A")+COUNTIFS('TM Engagement'!$C$20:$C$22,T27,'TM Engagement'!$K$20:$K$22,"Not rolled out yet") -> 0 | R27: =COUNTIF('TM Engagement'!$C$3:$C$22,T27) -> 5 | S27: =IF(SUM(C27:Q27)=R27,"done","to be done") -> to be done | T27: Knowledge 知識
T28: <Leadership>
A29: Prioritization | B29: {=_xlfn.IFS(S29="to be done","-",D29+G29>0,1,J29>0,2,I29=0,_xlfn.IFS(M29>0,2,L29=0,_xlfn.IFS(P29>0,2,I29>0,3,O29=0,4,P29=0,5)),L29=0,_xlfn.IFS(M29>0,3,O29=0,3,P29>0,3),M29>0,3,P29>0,4,O29>0,5,O29=0,4)} -> - | C29: =COUNTIFS(Leadership!$C$3:$C$5,T29,Leadership!$K$3:$K$5,C$16) -> 0 | D29: =COUNTIFS(Leadership!$C$3:$C$5,T29,Leadership!$K$3:$K$5,D$16) -> 0 | E29: =COUNTIFS(Leadership!$C$3:$C$5,T29,Leadership!$K$3:$K$5,"N/A")+COUNTIFS(Leadership!$C$3:$C$5,T29,Leadership!$K$3:$K$5,"Not rolled out yet") -> 0 | F29: =COUNTIFS(Leadership!$C$7:$C$10,T29,Leadership!$K$7:$K$10,F$16) -> 0 | G29: =COUNTIFS(Leadership!$C$7:$C$10,T29,Leadership!$K$7:$K$10,G$16) -> 0 | H29: =COUNTIFS(Leadership!$C$7:$C$10,T29,Leadership!$K$7:$K$10,"N/A")+COUNTIFS(Leadership!$C$7:$C$10,T29,Leadership!$K$7:$K$10,"Not rolled out yet") -> 0 | I29: =COUNTIFS(Leadership!$C$12:$C$16,T29,Leadership!$K$12:$K$16,I$16) -> 0 | J29: =COUNTIFS(Leadership!$C$12:$C$16,T29,Leadership!$K$12:$K$16,J$16) -> 0 | K29: =COUNTIFS(Leadership!$C$12:$C$16,T29,Leadership!$K$12:$K$16,"N/A")+COUNTIFS(Leadership!$C$12:$C$16,T29,Leadership!$K$12:$K$16,"Not rolled out yet") -> 0 | L29: =COUNTIFS(Leadership!$C$18:$C$22,T29,Leadership!$K$18:$K$22,L$16) -> 0 | M29: =COUNTIFS(Leadership!$C$18:$C$22,T29,Leadership!$K$18:$K$22,M$16) -> 0 | N29: =COUNTIFS(Leadership!$C$18:$C$22,T29,Leadership!$K$18:$K$22,"N/A")+COUNTIFS(Leadership!$C$18:$C$22,T29,Leadership!$K$18:$K$22,"Not rolled out yet") -> 0 | O29: =COUNTIFS(Leadership!$C$24:$C$28,T29,Leadership!$K$24:$K$28,O$16) -> 0 | P29: =COUNTIFS(Leadership!$C$24:$C$28,T29,Leadership!$K$24:$K$28,P$16) -> 0 | Q29: =COUNTIFS(Leadership!$C$24:$C$28,T29,Leadership!$K$24:$K$28,"N/A")+COUNTIFS(Leadership!$C$24:$C$28,T29,Leadership!$K$24:$K$28,"Not rolled out yet") -> 0 | R29: =COUNTIF(Leadership!$C$3:$C$28,T29) -> 8 | S29: =IF(SUM(C29:Q29)=R29,"done","to be done") -> to be done | T29: Prioritization 優先付け
A30: Decision | B30: {=_xlfn.IFS(S30="to be done","-",D30+G30>0,1,J30>0,2,I30=0,_xlfn.IFS(M30>0,2,L30=0,_xlfn.IFS(P30>0,2,I30>0,3,O30=0,4,P30=0,5)),L30=0,_xlfn.IFS(M30>0,3,O30=0,3,P30>0,3),M30>0,3,P30>0,4,O30>0,5,O30=0,4)} -> - | C30: =COUNTIFS(Leadership!$C$3:$C$5,T30,Leadership!$K$3:$K$5,C$16) -> 0 | D30: =COUNTIFS(Leadership!$C$3:$C$5,T30,Leadership!$K$3:$K$5,D$16) -> 0 | E30: =COUNTIFS(Leadership!$C$3:$C$5,T30,Leadership!$K$3:$K$5,"N/A")+COUNTIFS(Leadership!$C$3:$C$5,T30,Leadership!$K$3:$K$5,"Not rolled out yet") -> 0 | F30: =COUNTIFS(Leadership!$C$7:$C$10,T30,Leadership!$K$7:$K$10,F$16) -> 0 | G30: =COUNTIFS(Leadership!$C$7:$C$10,T30,Leadership!$K$7:$K$10,G$16) -> 0 | H30: =COUNTIFS(Leadership!$C$7:$C$10,T30,Leadership!$K$7:$K$10,"N/A")+COUNTIFS(Leadership!$C$7:$C$10,T30,Leadership!$K$7:$K$10,"Not rolled out yet") -> 0 | I30: =COUNTIFS(Leadership!$C$12:$C$16,T30,Leadership!$K$12:$K$16,I$16) -> 0 | J30: =COUNTIFS(Leadership!$C$12:$C$16,T30,Leadership!$K$12:$K$16,J$16) -> 0 | K30: =COUNTIFS(Leadership!$C$12:$C$16,T30,Leadership!$K$12:$K$16,"N/A")+COUNTIFS(Leadership!$C$12:$C$16,T30,Leadership!$K$12:$K$16,"Not rolled out yet") -> 0 | L30: =COUNTIFS(Leadership!$C$18:$C$22,T30,Leadership!$K$18:$K$22,L$16) -> 0 | M30: =COUNTIFS(Leadership!$C$18:$C$22,T30,Leadership!$K$18:$K$22,M$16) -> 0 | N30: =COUNTIFS(Leadership!$C$18:$C$22,T30,Leadership!$K$18:$K$22,"N/A")+COUNTIFS(Leadership!$C$18:$C$22,T30,Leadership!$K$18:$K$22,"Not rolled out yet") -> 0 | O30: =COUNTIFS(Leadership!$C$24:$C$28,T30,Leadership!$K$24:$K$28,O$16) -> 0 | P30: =COUNTIFS(Leadership!$C$24:$C$28,T30,Leadership!$K$24:$K$28,P$16) -> 0 | Q30: =COUNTIFS(Leadership!$C$24:$C$28,T30,Leadership!$K$24:$K$28,"N/A")+COUNTIFS(Leadership!$C$24:$C$28,T30,Leadership!$K$24:$K$28,"Not rolled out yet") -> 0 | R30: =COUNTIF(Leadership!$C$3:$C$28,T30) -> 6 | S30: =IF(SUM(C30:Q30)=R30,"done","to be done") -> to be done | T30: Decisions 意思決定
A31: Support | B31: {=_xlfn.IFS(S31="to be done","-",D31+G31>0,1,J31>0,2,I31=0,_xlfn.IFS(M31>0,2,L31=0,_xlfn.IFS(P31>0,2,I31>0,3,O31=0,4,P31=0,5)),L31=0,_xlfn.IFS(M31>0,3,O31=0,3,P31>0,3),M31>0,3,P31>0,4,O31>0,5,O31=0,4)} -> - | C31: =COUNTIFS(Leadership!$C$3:$C$5,T31,Leadership!$K$3:$K$5,C$16) -> 0 | D31: =COUNTIFS(Leadership!$C$3:$C$5,T31,Leadership!$K$3:$K$5,D$16) -> 0 | E31: =COUNTIFS(Leadership!$C$3:$C$5,T31,Leadership!$K$3:$K$5,"N/A")+COUNTIFS(Leadership!$C$3:$C$5,T31,Leadership!$K$3:$K$5,"Not rolled out yet") -> 0 | F31: =COUNTIFS(Leadership!$C$7:$C$10,T31,Leadership!$K$7:$K$10,F$16) -> 0 | G31: =COUNTIFS(Leadership!$C$7:$C$10,T31,Leadership!$K$7:$K$10,G$16) -> 0 | H31: =COUNTIFS(Leadership!$C$7:$C$10,T31,Leadership!$K$7:$K$10,"N/A")+COUNTIFS(Leadership!$C$7:$C$10,T31,Leadership!$K$7:$K$10,"Not rolled out yet") -> 0 | I31: =COUNTIFS(Leadership!$C$12:$C$16,T31,Leadership!$K$12:$K$16,I$16) -> 0 | J31: =COUNTIFS(Leadership!$C$12:$C$16,T31,Leadership!$K$12:$K$16,J$16) -> 0 | K31: =COUNTIFS(Leadership!$C$12:$C$16,T31,Leadership!$K$12:$K$16,"N/A")+COUNTIFS(Leadership!$C$12:$C$16,T31,Leadership!$K$12:$K$16,"Not rolled out yet") -> 0 | L31: =COUNTIFS(Leadership!$C$18:$C$22,T31,Leadership!$K$18:$K$22,L$16) -> 0 | M31: =COUNTIFS(Leadership!$C$18:$C$22,T31,Leadership!$K$18:$K$22,M$16) -> 0 | N31: =COUNTIFS(Leadership!$C$18:$C$22,T31,Leadership!$K$18:$K$22,"N/A")+COUNTIFS(Leadership!$C$18:$C$22,T31,Leadership!$K$18:$K$22,"Not rolled out yet") -> 0 | O31: =COUNTIFS(Leadership!$C$24:$C$28,T31,Leadership!$K$24:$K$28,O$16) -> 0 | P31: =COUNTIFS(Leadership!$C$24:$C$28,T31,Leadership!$K$24:$K$28,P$16) -> 0 | Q31: =COUNTIFS(Leadership!$C$24:$C$28,T31,Leadership!$K$24:$K$28,"N/A")+COUNTIFS(Leadership!$C$24:$C$28,T31,Leadership!$K$24:$K$28,"Not rolled out yet") -> 0 | R31: =COUNTIF(Leadership!$C$3:$C$28,T31) -> 8 | S31: =IF(SUM(C31:Q31)=R31,"done","to be done") -> to be done | T31: Support 支援
C34: Yes | D34: No | E34: N/A | F34: Not rolled out yet | G34: Total number of Question | H34: fullfill
A35: Training and Education | B35: =IF(H35="to be done","-",(C35)/(C35+D35)) -> - | C35: =COUNTIFS(System!$C$3:$C$108,'Calculation sheet'!I35,System!$L$3:$L$108,C$34) -> 0 | D35: =COUNTIFS(System!$C$3:$C$108,'Calculation sheet'!I35,System!$L$3:$L$108,D$34) -> 0 | E35: =COUNTIFS(System!$C$3:$C$108,'Calculation sheet'!I35,System!$L$3:$L$108,E$34) -> 0 | F35: =COUNTIFS(System!$C$3:$C$108,'Calculation sheet'!I35,System!$L$3:$L$108,F$34) -> 0 | G35: =COUNTIF(System!C3:C108,'Calculation sheet'!I35) -> 8 | H35: =IF(SUM(C35:F35)=G35,"done","to be done") -> to be done | I35: Training and Education 教育訓練
A36: Emergency Planning | B36: =IF(H36="to be done","-",(C36)/(C36+D36)) -> - | C36: =COUNTIFS(System!$C$3:$C$108,'Calculation sheet'!I36,System!$L$3:$L$108,C$34) -> 0 | D36: =COUNTIFS(System!$C$3:$C$108,'Calculation sheet'!I36,System!$L$3:$L$108,D$34) -> 0 | E36: =COUNTIFS(System!$C$3:$C$108,'Calculation sheet'!I36,System!$L$3:$L$108,E$34) -> 0 | F36: =COUNTIFS(System!$C$3:$C$108,'Calculation sheet'!I36,System!$L$3:$L$108,F$34) -> 0 | G36: =COUNTIF(System!C4:C109,'Calculation sheet'!I36) -> 6 | H36: =IF(SUM(C36:F36)=G36,"done","to be done") -> to be done | I36: Emergency Planning 緊急事態計画
A37: Communication | B37: =IF(H37="to be done","-",(C37)/(C37+D37)) -> - | C37: =COUNTIFS(System!$C$3:$C$108,'Calculation sheet'!I37,System!$L$3:$L$108,C$34) -> 0 | D37: =COUNTIFS(System!$C$3:$C$108,'Calculation sheet'!I37,System!$L$3:$L$108,D$34) -> 0 | E37: =COUNTIFS(System!$C$3:$C$108,'Calculation sheet'!I37,System!$L$3:$L$108,E$34) -> 0 | F37: =COUNTIFS(System!$C$3:$C$108,'Calculation sheet'!I37,System!$L$3:$L$108,F$34) -> 0 | G37: =COUNTIF(System!C5:C110,'Calculation sheet'!I37) -> 6 | H37: =IF(SUM(C37:F37)=G37,"done","to be done") -> to be done | I37: Communication コミュニケーション
A38: LOTO Standard | B38: =IF(H38="to be done","-",(C38)/(C38+D38)) -> - | C38: =COUNTIFS(System!$C$3:$C$108,'Calculation sheet'!I38,System!$L$3:$L$108,C$34) -> 0 | D38: =COUNTIFS(System!$C$3:$C$108,'Calculation sheet'!I38,System!$L$3:$L$108,D$34) -> 0 | E38: =COUNTIFS(System!$C$3:$C$108,'Calculation sheet'!I38,System!$L$3:$L$108,E$34) -> 0 | F38: =COUNTIFS(System!$C$3:$C$108,'Calculation sheet'!I38,System!$L$3:$L$108,F$34) -> 0 | G38: =COUNTIF(System!C6:C111,'Calculation sheet'!I38) -> 6 | H38: =IF(SUM(C38:F38)=G38,"done","to be done") -> to be done | I38: LOTO Standard LOTO標準
A39: Safety Rules | B39: =IF(H39="to be done","-",(C39)/(C39+D39)) -> - | C39: =COUNTIFS(System!$C$3:$C$108,'Calculation sheet'!I39,System!$L$3:$L$108,C$34) -> 0 | D39: =COUNTIFS(System!$C$3:$C$108,'Calculation sheet'!I39,System!$L$3:$L$108,D$34) -> 0 | E39: =COUNTIFS(System!$C$3:$C$108,'Calculation sheet'!I39,System!$L$3:$L$108,E$34) -> 0 | F39: =COUNTIFS(System!$C$3:$C$108,'Calculation sheet'!I39,System!$L$3:$L$108,F$34) -> 0 | G39: =COUNTIF(System!C7:C112,'Calculation sheet'!I39) -> 7 | H39: =IF(SUM(C39:F39)=G39,"done","to be done") -> to be done | I39: Safety Rules 安全ルール
A40: Work at Height | B40: =IF(H40="to be done","-",(C40)/(C40+D40)) -> - | C40: =COUNTIFS(System!$C$3:$C$108,'Calculation sheet'!I40,System!$L$3:$L$108,C$34) -> 0 | D40: =COUNTIFS(System!$C$3:$C$108,'Calculation sheet'!I40,System!$L$3:$L$108,D$34) -> 0 | E40: =COUNTIFS(System!$C$3:$C$108,'Calculation sheet'!I40,System!$L$3:$L$108,E$34) -> 0 | F40: =COUNTIFS(System!$C$3:$C$108,'Calculation sheet'!I40,System!$L$3:$L$108,F$34) -> 0 | G40: =COUNTIF(System!C8:C113,'Calculation sheet'!I40) -> 5 | H40: =IF(SUM(C40:F40)=G40,"done","to be done") -> to be done | I40: Work at Height 高所作業
A41: Mobile Equipment | B41: =IF(H41="to be done","-",(C41)/(C41+D41)) -> - | C41: =COUNTIFS(System!$C$3:$C$108,'Calculation sheet'!I41,System!$L$3:$L$108,C$34) -> 0 | D41: =COUNTIFS(System!$C$3:$C$108,'Calculation sheet'!I41,System!$L$3:$L$108,D$34) -> 0 | E41: =COUNTIFS(System!$C$3:$C$108,'Calculation sheet'!I41,System!$L$3:$L$108,E$34) -> 0 | F41: =COUNTIFS(System!$C$3:$C$108,'Calculation sheet'!I41,System!$L$3:$L$108,F$34) -> 0 | G41: =COUNTIF(System!C9:C114,'Calculation sheet'!I41) -> 6 | H41: =IF(SUM(C41:F41)=G41,"done","to be done") -> to be done | I41: Mobile Equipment 動力車
A42: 3S | B42: =IF(H42="to be done","-",(C42)/(C42+D42)) -> - | C42: =COUNTIFS(System!$C$3:$C$108,'Calculation sheet'!I42,System!$L$3:$L$108,C$34) -> 0 | D42: =COUNTIFS(System!$C$3:$C$108,'Calculation sheet'!I42,System!$L$3:$L$108,D$34) -> 0 | E42: =COUNTIFS(System!$C$3:$C$108,'Calculation sheet'!I42,System!$L$3:$L$108,E$34) -> 0 | F42: =COUNTIFS(System!$C$3:$C$108,'Calculation sheet'!I42,System!$L$3:$L$108,F$34) -> 0 | G42: =COUNTIF(System!C10:C115,'Calculation sheet'!I42) -> 7 | H42: =IF(SUM(C42:F42)=G42,"done","to be done") -> to be done | I42: 3S
A43: Crane and Hoist | B43: =IF(H43="to be done","-",(C43)/(C43+D43)) -> - | C43: =COUNTIFS(System!$C$3:$C$108,'Calculation sheet'!I43,System!$L$3:$L$108,C$34) -> 0 | D43: =COUNTIFS(System!$C$3:$C$108,'Calculation sheet'!I43,System!$L$3:$L$108,D$34) -> 0 | E43: =COUNTIFS(System!$C$3:$C$108,'Calculation sheet'!I43,System!$L$3:$L$108,E$34) -> 0 | F43: =COUNTIFS(System!$C$3:$C$108,'Calculation sheet'!I43,System!$L$3:$L$108,F$34) -> 0 | G43: =COUNTIF(System!C11:C116,'Calculation sheet'!I43) -> 7 | H43: =IF(SUM(C43:F43)=G43,"done","to be done") -> to be done | I43: Crane and Hoist クレーン・ホイスト
A44: KY | B44: =IF(H44="to be done","-",(C44)/(C44+D44)) -> - | C44: =COUNTIFS(System!$C$3:$C$108,'Calculation sheet'!I44,System!$L$3:$L$108,C$34) -> 0 | D44: =COUNTIFS(System!$C$3:$C$108,'Calculation sheet'!I44,System!$L$3:$L$108,D$34) -> 0 | E44: =COUNTIFS(System!$C$3:$C$108,'Calculation sheet'!I44,System!$L$3:$L$108,E$34) -> 0 | F44: =COUNTIFS(System!$C$3:$C$108,'Calculation sheet'!I44,System!$L$3:$L$108,F$34) -> 0 | G44: =COUNTIF(System!C12:C117,'Calculation sheet'!I44) -> 7 | H44: =IF(SUM(C44:F44)=G44,"done","to be done") -> to be done | I44: KY
A45: Tire Inflation Operation | B45: =IF(H45="to be done","-",(C45)/(C45+D45)) -> - | C45: =COUNTIFS(System!$C$3:$C$108,'Calculation sheet'!I45,System!$L$3:$L$108,C$34) -> 0 | D45: =COUNTIFS(System!$C$3:$C$108,'Calculation sheet'!I45,System!$L$3:$L$108,D$34) -> 0 | E45: =COUNTIFS(System!$C$3:$C$108,'Calculation sheet'!I45,System!$L$3:$L$108,E$34) -> 0 | F45: =COUNTIFS(System!$C$3:$C$108,'Calculation sheet'!I45,System!$L$3:$L$108,F$34) -> 0 | G45: =COUNTIF(System!C13:C118,'Calculation sheet'!I45) -> 6 | H45: =IF(SUM(C45:F45)=G45,"done","to be done") -> to be done | I45: Tire Inflation Operation タイヤ空気充填作業
A46: Contractor management | B46: =IF(H46="to be done","-",(C46)/(C46+D46)) -> - | C46: =COUNTIFS(System!$C$3:$C$108,'Calculation sheet'!I46,System!$L$3:$L$108,C$34) -> 0 | D46: =COUNTIFS(System!$C$3:$C$108,'Calculation sheet'!I46,System!$L$3:$L$108,D$34) -> 0 | E46: =COUNTIFS(System!$C$3:$C$108,'Calculation sheet'!I46,System!$L$3:$L$108,E$34) -> 0 | F46: =COUNTIFS(System!$C$3:$C$108,'Calculation sheet'!I46,System!$L$3:$L$108,F$34) -> 0 | G46: =COUNTIF(System!C14:C119,'Calculation sheet'!I46) -> 6 | H46: =IF(SUM(C46:F46)=G46,"done","to be done") -> to be done | I46: Contractor management 協力会社の安全管理
... A49: Incidents management | B49: =IF(H49="to be done","-",(C49)/(C49+D49)) -> - | C49: =COUNTIFS(System!$C$3:$C$108,'Calculation sheet'!I49,System!$L$3:$L$108,C$34) -> 0 | D49: =COUNTIFS(System!$C$3:$C$108,'Calculation sheet'!I49,System!$L$3:$L$108,D$34) -> 0 | E49: =COUNTIFS(System!$C$3:$C$108,'Calculation sheet'!I49,System!$L$3:$L$108,E$34) -> 0 | F49: =COUNTIFS(System!$C$3:$C$108,'Calculation sheet'!I49,System!$L$3:$L$108,F$34) -> 0 | G49: =COUNTIF(System!C17:C122,'Calculation sheet'!I49) -> 10 | H49: =IF(SUM(C49:F49)=G49,"done","to be done") -> to be done | I49: Integrated incidents management 災害対応・類災防止
