Workbook

Sheet Safety Cover
X1: Issue: 2025/7/7
W2: 7310
B3: Safety Solidification Report
B4: Site | D4: BMT | G4: Date | J4: June 11 - 13, 2025
B6: QM foundation (management system) 3 axes
C8: Items | J8: 2025 | L8: 2024 | O8: 3 Axes Chart
J9: Score | L9: Score
I10: Total Ave | J10: =Cal!#REF! -> #REF! | K10: =IF(J10<2,"C",IF(J10<3,"B-",IF(J10<4,"B",IF(J10<5,"B+",IF(J10=5,"A",""))))) -> #REF! | L10: =Cal!#REF! -> #REF! | M10: =IF(L10=5,"A",IF(L10>=4,"B+",IF(L10>=3,"B",IF(L10>=2,"B-",IF(L10>=1, "C","-"))))) -> #REF!
D11: 3 Axes Evaluation | E11: Risk Detection and Reduction/Continuous Improvement | H11: Ave | J11: =Cal!#REF! -> #REF! | K11: =IF(J11=5,"A",IF(J11>=4,"B+",IF(J11>=3,"B",IF(J11>=2,"B-",IF(J11>=1, "C","-"))))) -> #REF! | L11: =Cal!#REF! -> #REF! | M11: =IF(L11=5,"A",IF(L11>=4,"B+",IF(L11>=3,"B",IF(L11>=2,"B-",IF(L11>=1, "C","-"))))) -> #REF!
H12: Distribution | I12: B+ or more | J12: =Cal!#REF! -> #REF! | L12: =Cal!#REF! -> #REF!
I13: B | J13: =Cal!#REF! -> #REF! | L13: =Cal!#REF! -> #REF!
I14: B- | J14: =Cal!#REF! -> #REF! | L14: =Cal!#REF! -> #REF!
I15: C | J15: =Cal!#REF! -> #REF! | L15: =Cal!#REF! -> #REF!
E16: Safety Rule Compliance/Safety Awareness Cultivation | H16: Ave | J16: =Cal!#REF! -> #REF! | K16: =IF(J16=5,"A",IF(J16>=4,"B+",IF(J16>=3,"B",IF(J16>=2,"B-",IF(J16>=1, "C","-"))))) -> #REF! | L16: =Cal!#REF! -> #REF! | M16: =IF(L16=5,"A",IF(L16>=4,"B+",IF(L16>=3,"B",IF(L16>=2,"B-",IF(L16>=1, "C","-"))))) -> #REF!
H17: Distribution | I17: B+ or more | J17: =Cal!#REF! -> #REF! | L17: =Cal!#REF! -> #REF!
I18: B | J18: =Cal!#REF! -> #REF! | L18: =Cal!#REF! -> #REF! | O18: Distribution
I19: B- | J19: =Cal!#REF! -> #REF! | L19: =Cal!#REF! -> #REF! | O19: Risk | Q19: 2025
I20: C | J20: =Cal!#REF! -> #REF! | L20: =Cal!#REF! -> #REF! | Q20: 2024
E21: Strengthening of Governance and Systems to Make Quality Management More Effective | H21: Ave | J21: =Cal!#REF! -> #REF! | K21: =IF(J21=5,"A",IF(J21>=4,"B+",IF(J21>=3,"B",IF(J21>=2,"B-",IF(J21>=1, "C","-"))))) -> #REF! | L21: =Cal!#REF! -> #REF! | M21: =IF(L21=5,"A",IF(L21>=4,"B+",IF(L21>=3,"B",IF(L21>=2,"B-",IF(L21>=1, "C","-"))))) -> #REF! | O21: Compliance | Q21: 2025
H22: Distribution | I22: B+ or more | J22: =Cal!#REF! -> #REF! | L22: =Cal!#REF! -> #REF! | Q22: 2024
I23: B | J23: =Cal!#REF! -> #REF! | L23: =Cal!#REF! -> #REF! | O23: Governance | Q23: 2025
I24: B- | J24: =Cal!#REF! -> #REF! | L24: =Cal!#REF! -> #REF! | Q24: 2024
I25: C | J25: =Cal!#REF! -> #REF! | L25: =Cal!#REF! -> #REF!
B27: QM foundation (management system) 5 axes
C29: Solidification 5 items | F29: 2025 | J29: 2024 | O29: Ave Score | T29: Min Score
F30: Ave | H30: Min | J30: Ave | L30: Min
F31: Score | H31: Score | J31: Score | L31: Score
C32: Issue solving | F32: =Cal!#REF! -> #REF! | G32: =IF(F32<2,"C",IF(F32<3,"B-",IF(F32<4,"B",IF(F32<5,"B+",IF(F32=5,"A",""))))) -> #REF! | H32: =Cal!#REF! -> #REF! | I32: =IF(H32<2,"C",IF(H32<3,"B-",IF(H32<4,"B",IF(H32<5,"B+",IF(H32=5,"A",""))))) -> #REF! | J32: =Cal!#REF! -> #REF! | K32: =IF(J32<2,"C",IF(J32<3,"B-",IF(J32<4,"B",IF(J32<5,"B+",IF(J32=5,"A",""))))) -> #REF! | L32: =Cal!#REF! -> #REF! | M32: =IF(L32<2,"C",IF(L32<3,"B-",IF(L32<4,"B",IF(L32<5,"B+",IF(L32=5,"A",""))))) -> #REF!
C33: Risk Management | F33: =Cal!#REF! -> #REF! | G33: =IF(F33<2,"C",IF(F33<3,"B-",IF(F33<4,"B",IF(F33<5,"B+",IF(F33=5,"A",""))))) -> #REF! | H33: =Cal!#REF! -> #REF! | I33: =IF(H33<2,"C",IF(H33<3,"B-",IF(H33<4,"B",IF(H33<5,"B+",IF(H33=5,"A",""))))) -> #REF! | J33: =Cal!#REF! -> #REF! | K33: =IF(J33<2,"C",IF(J33<3,"B-",IF(J33<4,"B",IF(J33<5,"B+",IF(J33=5,"A",""))))) -> #REF! | L33: =Cal!#REF! -> #REF! | M33: =IF(L33<2,"C",IF(L33<3,"B-",IF(L33<4,"B",IF(L33<5,"B+",IF(L33=5,"A",""))))) -> #REF!
C34: Business Strategy Adjustment | F34: =Cal!#REF! -> #REF! | G34: =IF(F34<2,"C",IF(F34<3,"B-",IF(F34<4,"B",IF(F34<5,"B+",IF(F34=5,"A",""))))) -> #REF! | H34: =Cal!#REF! -> #REF! | I34: =IF(H34<2,"C",IF(H34<3,"B-",IF(H34<4,"B",IF(H34<5,"B+",IF(H34=5,"A",""))))) -> #REF! | J34: =Cal!#REF! -> #REF! | K34: =IF(J34<2,"C",IF(J34<3,"B-",IF(J34<4,"B",IF(J34<5,"B+",IF(J34=5,"A",""))))) -> #REF! | L34: =Cal!#REF! -> #REF! | M34: =IF(L34<2,"C",IF(L34<3,"B-",IF(L34<4,"B",IF(L34<5,"B+",IF(L34=5,"A",""))))) -> #REF!
C35: Independency and Continuity | F35: =Cal!#REF! -> #REF! | G35: =IF(F35<2,"C",IF(F35<3,"B-",IF(F35<4,"B",IF(F35<5,"B+",IF(F35=5,"A",""))))) -> #REF! | H35: =Cal!#REF! -> #REF! | I35: =IF(H35<2,"C",IF(H35<3,"B-",IF(H35<4,"B",IF(H35<5,"B+",IF(H35=5,"A",""))))) -> #REF! | J35: =Cal!#REF! -> #REF! | K35: =IF(J35<2,"C",IF(J35<3,"B-",IF(J35<4,"B",IF(J35<5,"B+",IF(J35=5,"A",""))))) -> #REF! | L35: =Cal!#REF! -> #REF! | M35: =IF(L35<2,"C",IF(L35<3,"B-",IF(L35<4,"B",IF(L35<5,"B+",IF(L35=5,"A",""))))) -> #REF!
C36: Integration/ Incorporation | F36: =Cal!#REF! -> #REF! | G36: =IF(F36<2,"C",IF(F36<3,"B-",IF(F36<4,"B",IF(F36<5,"B+",IF(F36=5,"A",""))))) -> #REF! | H36: =Cal!#REF! -> #REF! | I36: =IF(H36<2,"C",IF(H36<3,"B-",IF(H36<4,"B",IF(H36<5,"B+",IF(H36=5,"A",""))))) -> #REF! | J36: =Cal!#REF! -> #REF! | K36: =IF(J36<2,"C",IF(J36<3,"B-",IF(J36<4,"B",IF(J36<5,"B+",IF(J36=5,"A",""))))) -> #REF! | L36: =Cal!#REF! -> #REF! | M36: =IF(L36<2,"C",IF(L36<3,"B-",IF(L36<4,"B",IF(L36<5,"B+",IF(L36=5,"A",""))))) -> #REF!
C38: Total Ave | F38: =AVERAGE(F32:F36) -> #REF! | G38: =IF(F38<2,"C",IF(F38<3,"B-",IF(F38<4,"B",IF(F38<5,"B+",IF(F38=5,"A",""))))) -> #REF! | H38: =AVERAGE(H32:H36) -> #REF! | I38: =IF(H38<2,"C",IF(H38<3,"B-",IF(H38<4,"B",IF(H38<5,"B+",IF(H38=5,"A",""))))) -> #REF! | J38: =AVERAGE(J32:J36) -> #REF! | K38: =IF(J38<2,"C",IF(J38<3,"B-",IF(J38<4,"B",IF(J38<5,"B+",IF(J38=5,"A",""))))) -> #REF! | L38: =AVERAGE(L32:L36) -> #REF! | M38: =IF(L38<2,"C",IF(L38<3,"B-",IF(L38<4,"B",IF(L38<5,"B+",IF(L38=5,"A",""))))) -> #REF!
B40: Comment
C42: <Improvement Status from the last year's instruction> From last year, some issues found in the 2024 assessment have been improved, and at this time, we could observe some items could be more improved. <Comments from 3 axes points of view> Safety activities have been conducted and followed-up as plan by EHS team's leadership. Please promote KAIZEN improvement with use of autonomously KY, RA, etc. with reviewing the activities progress and result. Not only making periodical action plan, but we can find other points could be improved. <Risk> RIsk management have been well maintained. By comparing the reslut of RA with same machine, process, not only inside plant but other SC plant to realize what/where the risks exist, and how to reduce it. *In GENBA tour at this time, we could find some machines that have risks by using one hand swith - should have both hands swith when it is upgraded/renewed. Please see the appendix for detail. <Compliance> This area's score is lower than the other two area because of basic training leakage. (BSFA/LOTO) These kind of basic training should be periodically given to all teammates, to make them understand/remind the contents. Please make sure all training framework again. <Governance> Almost safety activities are well managed by action plan and its reviewing. For more works as BMT(plant wide), please confrim all managers understanding of safety activity - why do we need the items in action plan. And make sure of sharing management review from safety/DP point of view with all managers to understand safety safety activities result and what issues do we have.

Sheet Safety Instruction
M1: 発行日： | N1: 45128
C2: Solidification Assessment Safety Instruction
C4: Site | D4: ='Safety Cover'!D4 -> BMT | N4: 継続：現状維持、 レベルアップ：A、B＋、Bレベルへの改善 新規：過去に指摘・提案がない
C6: Solidification 5 items | D6: Point of Evaluation | E6: Primary Categoty | F6: Secondary Categoty | G6: 3 Axes Evaluation | H6: Result | J6: 2026 Target | K6: Issues and/or Changes | L6: Instruction - Items could be Incorporated into MBP | M6: Implementation Items | N6: Category
H7: 2024 | I7: 2025 | N7: Continue | O7: Level up | P7: New
C9: Issue solving | D9: Quickness of issue solving Deep root cause analysis, standardization and implementation | E9: Cuntermeasures and Recurrence prevention | F9: Information Sharing | G9: Governance | H9: =INDEX(Data!$P$4:$AA$33,MATCH('Safety Instruction'!$F9,Data!$Q$4:$Q$33,0),MATCH('Safety Instruction'!$D$4,Data!$P$4:$AA$4,0)) -> A | I9: ='Safety cal.'!Z15 -> A | J9: A | K9: Safety incidents which occurred on your site and other sites are informed to all teammates. H&S risks/measures of other departments are not shared within your site. | L9: Consider to share H&S risks/measures of other departments. (ex. Tapping risk is shared with factory operators.) | M9: Prepare an opportunity to H&S risks/measures of other departments. | O9: X | S9: 情報展開 | T9: Information Sharing
F10: Recurrence Prevention | G10: Risk | H10: =INDEX(Data!$P$4:$AA$33,MATCH('Safety Instruction'!$F10,Data!$Q$4:$Q$33,0),MATCH('Safety Instruction'!$D$4,Data!$P$4:$AA$4,0)) -> C | I10: ='Safety cal.'!Z16 -> A | J10: B+ | K10: Injury information was well informed with teammates but some operator could not cleary stated the relation to their operation. (only stated the glass crash accident) | L10: Not only information itself, but please consider to inform operator including similar/same situation in one's workplace. | M10: Please consider to instruct supervisors to inform operator including similar/same situation in one's workplace. | O10: X | S10: 再発防止 対策 | T10: Recurrence Prevention
F11: Injury Reporting | G11: Governance | H11: =INDEX(Data!$P$4:$AA$33,MATCH('Safety Instruction'!$F11,Data!$Q$4:$Q$33,0),MATCH('Safety Instruction'!$D$4,Data!$P$4:$AA$4,0)) -> A | I11: ='Safety cal.'!Z17 -> A | J11: A | K11: Keep the current condition. | L11: - | M11: Continue to report timely. | N11: X | S11: 災害報告 | T11: Injury Reporting
F12: Recurrence Prevention Process KPI | G12: Risk | H12: =INDEX(Data!$P$4:$AA$33,MATCH('Safety Instruction'!$F12,Data!$Q$4:$Q$33,0),MATCH('Safety Instruction'!$D$4,Data!$P$4:$AA$4,0)) -> A | I12: ='Safety cal.'!Z18 -> A | J12: A | K12: Keep the current condition. | L12: - | M12: Continue to take countermeasures timely. | N12: X | S12: 類災対策 プロセスKPI | T12: Recurrence Prevention Process KPI
C13: Risk Management | D13: Symptom Management for QM defect Management and analysis of information which is explored, issued | E13: Risk Management | F13: RA Progress | G13: Risk | H13: =INDEX(Data!$P$4:$AA$33,MATCH('Safety Instruction'!$F13,Data!$Q$4:$Q$33,0),MATCH('Safety Instruction'!$D$4,Data!$P$4:$AA$4,0)) -> B+ | I13: ='Safety cal.'!Z19 -> A | J13: A | K13: Keep the current condition. | L13: - | M13: Proceed RA as planned. | N13: X | S13: RA評価推進 | T13: RA Progress
F14: Equipment RA | G14: Risk | H14: =INDEX(Data!$P$4:$AA$33,MATCH('Safety Instruction'!$F14,Data!$Q$4:$Q$33,0),MATCH('Safety Instruction'!$D$4,Data!$P$4:$AA$4,0)) -> C | I14: ='Safety cal.'!Z20 -> A | J14: B+ | K14: Equipment RA has been conducted well but there are still residual risks should be countered/managed. | L14: Please consider to accelarate equipment RA activity. | M14: Consider to speed up equipment RA activity to reduce their risks as soon as possible. | O14: X | S14: 設備RA プロセスKPI | T14: Equipment RA
F15: Task RA | G15: Risk | H15: =INDEX(Data!$P$4:$AA$33,MATCH('Safety Instruction'!$F15,Data!$Q$4:$Q$33,0),MATCH('Safety Instruction'!$D$4,Data!$P$4:$AA$4,0)) -> C | I15: ='Safety cal.'!Z21 -> A | J15: B+ | K15: Task RA has been conducted well but there are still residual risks should be countered/managed. | L15: Please consider to accelarate task RA activity. | M15: Consider to speed up task RA activity to reduce their risks as soon as possible. | O15: X | S15: 作業RA プロセスKPI | T15: Task RA
F16: LOTO | G16: Compliance | H16: =INDEX(Data!$P$4:$AA$33,MATCH('Safety Instruction'!$F16,Data!$Q$4:$Q$33,0),MATCH('Safety Instruction'!$D$4,Data!$P$4:$AA$4,0)) -> B- | I16: ='Safety cal.'!Z22 -> A | J16: B | K16: LOTO training has been conducted only for the operators who conduct LOTO. | L16: Conduct basic LOTO training to ALL teammates. | M16: Make plan of LOTO training, and implement them as planned. | O16: X | S16: LOTO 運用徹底 | T16: LOTO
F17: Training | G17: Compliance | H17: =INDEX(Data!$P$4:$AA$33,MATCH('Safety Instruction'!$F17,Data!$Q$4:$Q$33,0),MATCH('Safety Instruction'!$D$4,Data!$P$4:$AA$4,0)) -> A | I17: ='Safety cal.'!Z23 -> A | J17: A | K17: Keep the current condition. | L17: - | M17: Continue to train and confirm teammates' skill/knowledge as your standard. | N17: X | S17: TYM/TS
C18: Business Strategy Adjustment | D18: Fundamental enhancement by Cpk and COPQ analysis QM management assurance across value chain | E18: Management System | F18: Policy/ Purpose/ Target | G18: Governance | H18: =INDEX(Data!$P$4:$AA$33,MATCH('Safety Instruction'!$F18,Data!$Q$4:$Q$33,0),MATCH('Safety Instruction'!$D$4,Data!$P$4:$AA$4,0)) -> B+ | I18: ='Safety cal.'!Z24 -> A | J18: A | K18: Policy and action pland have been issued and managers understand it. | L18: Please consider to compare the policy when you consider to update it to make it more effective. | M18: Consider to have a step to compare the policy when you consider to update. | O18: X | S18: 教育訓練 | T18: Training
F19: Implementation Plan | G19: Governance | H19: =INDEX(Data!$P$4:$AA$33,MATCH('Safety Instruction'!$F19,Data!$Q$4:$Q$33,0),MATCH('Safety Instruction'!$D$4,Data!$P$4:$AA$4,0)) -> B+ | I19: ='Safety cal.'!Z25 -> A | J19: B+ | K19: Some manager could not clearly stated the resut of last year, and what is updated/improved point(s) in the action plan. | L19: From previous result, please review the IIP's progress (and good/bad point) and consider to update it to go more forward. | M19: Consider to have a step to review the result of IIP, and update BMT's safety activity based on the review. | O19: X | S19: 方針・目的・目標 | T19: Policy/ Purpose/ Target
F20: Audit | G20: Governance | H20: =INDEX(Data!$P$4:$AA$33,MATCH('Safety Instruction'!$F20,Data!$Q$4:$Q$33,0),MATCH('Safety Instruction'!$D$4,Data!$P$4:$AA$4,0)) -> A | I20: ='Safety cal.'!Z26 -> A | J20: A | K20: Keep the current condition. | L20: - | M20: Continue to have internal audit and correspond opportunity for improvement from ISO45001 point of view. | N20: X | S20: 実施計画 | T20: Implementation Plan
C21: Independency and Continuity | D21: Awareness and knowledge for QM | E21: Independent implementation of BSFA | F21: BSFA Training | G21: Compliance | H21: =INDEX(Data!$P$4:$AA$33,MATCH('Safety Instruction'!$F21,Data!$Q$4:$Q$33,0),MATCH('Safety Instruction'!$D$4,Data!$P$4:$AA$4,0)) -> - | I21: ='Safety cal.'!Z27 -> A | J21: B | K21: Some operator stated that BSFA training is not annually. (few times only) | L21: Make sure BSFA training requirement (once a year) and standardize if needed. | M21: Standardize and plan BSFA training at least once a year. | O21: X | S21: 監査 | T21: Audit
F22: 3S | G22: Risk | H22: =INDEX(Data!$P$4:$AA$33,MATCH('Safety Instruction'!$F22,Data!$Q$4:$Q$33,0),MATCH('Safety Instruction'!$D$4,Data!$P$4:$AA$4,0)) -> B+ | I22: ='Safety cal.'!Z28 -> A | J22: B+ | K22: Workplace 3S is good condition, and almost of area's 3S level 4. | L22: Keep 3S condition based on 3S guideline. | M22: For more improvement, communication with the other site could be helpful so please consider to have this kind of opportunity. | O22: X | S22: BS共通安全 規定項目 教育 | T22: BSFA Training
F23: KYT/ Practical KYT | G23: Compliance | H23: =INDEX(Data!$P$4:$AA$33,MATCH('Safety Instruction'!$F23,Data!$Q$4:$Q$33,0),MATCH('Safety Instruction'!$D$4,Data!$P$4:$AA$4,0)) -> A | I23: ='Safety cal.'!Z29 -> A | J23: A | K23: Keep the current condition. | L23: - | M23: Continue KYT activity based on IMD standard. | N23: X | S23: 3S | T23: 3S
F24: Autonomously KY | G24: Risk | H24: =INDEX(Data!$P$4:$AA$33,MATCH('Safety Instruction'!$F24,Data!$Q$4:$Q$33,0),MATCH('Safety Instruction'!$D$4,Data!$P$4:$AA$4,0)) -> B | I24: ='Safety cal.'!Z30 -> A | J24: A | K24: Autonomous KY activity is well going and updated compare with last year. | L24: Please consider to visualize KY point in map to make it easy to see which place has high risk. | M24: Please consider to use the maps to visualize everyone's KY point, and KAIZEN cycle to improve it. | N24: X | S24: KYT 実践型KYT | T24: KYT/ Practical KYT
F25: RA | G25: Risk | H25: =INDEX(Data!$P$4:$AA$33,MATCH('Safety Instruction'!$F25,Data!$Q$4:$Q$33,0),MATCH('Safety Instruction'!$D$4,Data!$P$4:$AA$4,0)) -> B | I25: ='Safety cal.'!Z31 -> A | J25: B | K25: RA process itself was well maintained by leadership of EHS team. | L25: Please consider to train teammates in the other process to make them enable to conduct RA process. | M25: Consider to have RA training to the production department. | O25: X | S25: 自律的KY ・改善 | T25: Autonomously KY
F26: Safety Rule | G26: Compliance | H26: =INDEX(Data!$P$4:$AA$33,MATCH('Safety Instruction'!$F26,Data!$Q$4:$Q$33,0),MATCH('Safety Instruction'!$D$4,Data!$P$4:$AA$4,0)) -> B+ | I26: ='Safety cal.'!Z32 -> A | J26: B+ | K26: Some operator could not state cleary about their workplace safety rules. *Not only BS commmon rules, but SOP including safety point(s) | L26: Please make sure of all teammates' understandings of their safety rule. | M26: Consider to have remind/periodical training process to make sure all teammates understanding of safety rule. | O26: X | S26: RA | T26: RA
F27: 4M Change Management | G27: Risk | H27: =INDEX(Data!$P$4:$AA$33,MATCH('Safety Instruction'!$F27,Data!$Q$4:$Q$33,0),MATCH('Safety Instruction'!$D$4,Data!$P$4:$AA$4,0)) -> - | I27: ='Safety cal.'!Z33 -> A | J27: A | K27: Keep the current condition. | L27: - | M27: Continue to manage 4M change. | N27: X | S27: 安全ルール | T27: Safety Rule
F28: Management System: P | G28: Governance | H28: =INDEX(Data!$P$4:$AA$33,MATCH('Safety Instruction'!$F28,Data!$Q$4:$Q$33,0),MATCH('Safety Instruction'!$D$4,Data!$P$4:$AA$4,0)) -> B+ | I28: ='Safety cal.'!Z34 -> A | J28: A | K28: Safety IIP has been issued but some manager could not state its backgound. (how/what is updated/improved from last year) | L28: Please make sure of all manager's understanding of safety IIP. | M28: Consider to make all manager understand not only safety action plan itself but its background. | N28: X | S28: 4M変更管理 | T28: 4M Change Management
F29: Management System: D | G29: Governance | H29: =INDEX(Data!$P$4:$AA$33,MATCH('Safety Instruction'!$F29,Data!$Q$4:$Q$33,0),MATCH('Safety Instruction'!$D$4,Data!$P$4:$AA$4,0)) -> B+ | I29: ='Safety cal.'!Z35 -> A | J29: A | K29: Safety IIP covers actions for direct employees but not covered the others*. (could not validated) *contructors, hourly employees and so on. | L29: Consider to add aciton(s) for indirect employees. (contructors etc.) | M29: Consider to update safety action plan with including actions for indirect employees. | N29: X | S29: 【モデル工場】 P | T29: Management System: P
F30: Management System: C | G30: Governance | H30: =INDEX(Data!$P$4:$AA$33,MATCH('Safety Instruction'!$F30,Data!$Q$4:$Q$33,0),MATCH('Safety Instruction'!$D$4,Data!$P$4:$AA$4,0)) -> B | I30: ='Safety cal.'!Z36 -> A | J30: B+ | K30: Safety IIP has been followed up but could not see the evidence of GENBA validation. | L30: For items in safety IIP, please consider to confirm its progress in GENBA situation. | M30: Consider to validate safety acition items in GENBA situation. | O30: X | S30: 【モデル工場】 D | T30: Management System: D
F31: Management System: A | G31: Governance | H31: =INDEX(Data!$P$4:$AA$33,MATCH('Safety Instruction'!$F31,Data!$Q$4:$Q$33,0),MATCH('Safety Instruction'!$D$4,Data!$P$4:$AA$4,0)) -> B | I31: ='Safety cal.'!Z37 -> A | J31: B | K31: Safety IIP has been updated, but some manager could not state why IIP has been updated or not. (just thinking needs by oneself without reviewing the result of last year) | L31: Make sure all manager's understanding of updated or shoud be updated part(s) in IIP. | M31: Consider to have a meeting or something to validate all manager's understanding of IIP - last year's review, issues, good point, and what should be updated or not. | O31: X | S31: 【モデル工場】 C | T31: Management System: C
C32: Integration/ Incorporation | D32: Resource and Organization for QM | E32: Plant Management | F32: Safety Organization | G32: Governance | H32: =INDEX(Data!$P$4:$AA$33,MATCH('Safety Instruction'!$F32,Data!$Q$4:$Q$33,0),MATCH('Safety Instruction'!$D$4,Data!$P$4:$AA$4,0)) -> A | I32: ='Safety cal.'!Z38 -> A | J32: A | K32: Keep the current condition. | L32: - | M32: Continue to keep EHS organization. | N32: X | S32: 【モデル工場】 A | T32: Management System: A
F33: SE | G33: Governance | H33: =INDEX(Data!$P$4:$AA$33,MATCH('Safety Instruction'!$F33,Data!$Q$4:$Q$33,0),MATCH('Safety Instruction'!$D$4,Data!$P$4:$AA$4,0)) -> C | I33: ='Safety cal.'!Z39 -> A | J33: ー | K33: Some BMT teammates have taken SE training given by BSJP, but no one assigned as exclusive duty. | L33: Cosinder to keep SE skill as BMT (plant) unit. | M33: Cosinder to plan for taking SE training (incuding level-up training) tokeep SE skill as BMT (plant) unit. | S33: 安全組織 | T33: Safety Organization
F34: Budget | G34: Governance | H34: =INDEX(Data!$P$4:$AA$33,MATCH('Safety Instruction'!$F34,Data!$Q$4:$Q$33,0),MATCH('Safety Instruction'!$D$4,Data!$P$4:$AA$4,0)) -> B+ | I34: ='Safety cal.'!Z40 -> A | J34: B+ | K34: Budget for safety was prepared and well managed, but some manager stated safety budget was not enough. | L34: Make sure all manager's understanding for management of budget - prioriy, validity and so on. | M34: Make sure of all teammates understanding of budget management. | O34: X | S34: 安全担当
S35: SE | T35: SE
S36: 安全専任 職長
S37: 予算確保 | T37: Budget

Sheet DP Report
X1: Issue:
W2: 45972
B3: D.P. Solidification Report (This is trial result, the score will not be recorded as BSAPIC's solidification)
B4: Site | G4: Date
B6: QM foundation (management system) 3 axes
C8: Items | J8: 2025 | L8: 2028 | O8: 3 Axes Chart
J9: Score | K9: Level | L9: Score | M9: Level
I10: Total Ave | J10: =Cal!D44 -> 5 | K10: =IF(J10<2,"C",IF(J10<3,"B-",IF(J10<4,"B",IF(J10<5,"B+",IF(J10=5,"A",""))))) -> A | L10: =Cal!E44 -> 0
D11: 3 Axes Evaluation | E11: Risk Detection and Reduction/Continuous Improvement | H11: Ave | J11: =Cal!D43 -> 5 | K11: =IF(J11=5,"A",IF(J11>=4,"B+",IF(J11>=3,"B",IF(J11>=2,"B-",IF(J11>=1, "C","-"))))) -> A | L11: =Cal!E43 -> 0 | M11: =IF(L11=5,"A",IF(L11>=4,"B+",IF(L11>=3,"B",IF(L11>=2,"B-",IF(L11>=1, "C","-"))))) -> -
H12: Distribution | I12: B+ or more | J12: =Cal!E56 -> 8 | L12: =Cal!F56 -> 0
I13: B | J13: =Cal!E57 -> 0 | L13: =Cal!F57 -> 0
I14: B- | J14: =Cal!E58 -> 0 | L14: =Cal!F58 -> 0
I15: C | J15: =Cal!E59 -> 0 | L15: =Cal!F59 -> 0
E16: Safety Rule Compliance/Safety Awareness Cultivation | H16: Ave | J16: =Cal!D41 -> 5 | K16: =IF(J16=5,"A",IF(J16>=4,"B+",IF(J16>=3,"B",IF(J16>=2,"B-",IF(J16>=1, "C","-"))))) -> A | L16: =Cal!E41 -> 0 | M16: =IF(L16=5,"A",IF(L16>=4,"B+",IF(L16>=3,"B",IF(L16>=2,"B-",IF(L16>=1, "C","-"))))) -> -
H17: Distribution | I17: B+ or more | J17: =Cal!E62 -> 16 | L17: =Cal!F62 -> 0
I18: B | J18: =Cal!E63 -> 0 | L18: =Cal!F63 -> 0 | O18: Distribution
I19: B- | J19: =Cal!E64 -> 0 | L19: =Cal!F64 -> 0 | O19: Risk | Q19: 2028
I20: C | J20: =Cal!E65 -> 0 | L20: =Cal!F65 -> 0 | Q20: 2025
E21: Strengthening of Governance and Systems to Make Quality Management More Effective | H21: Ave | J21: =Cal!D42 -> 5 | K21: =IF(J21=5,"A",IF(J21>=4,"B+",IF(J21>=3,"B",IF(J21>=2,"B-",IF(J21>=1, "C","-"))))) -> A | L21: =Cal!E42 -> 0 | M21: =IF(L21=5,"A",IF(L21>=4,"B+",IF(L21>=3,"B",IF(L21>=2,"B-",IF(L21>=1, "C","-"))))) -> - | O21: Compliance | Q21: 2028
H22: Distribution | I22: B+ or more | J22: =Cal!E68 -> 7 | L22: =Cal!F68 -> 0 | Q22: 2025
I23: B | J23: =Cal!E69 -> 0 | L23: =Cal!F69 -> 0 | O23: Governance | Q23: 2028
I24: B- | J24: =Cal!E70 -> 0 | L24: =Cal!F70 -> 0 | Q24: 2025
I25: C | J25: =Cal!E71 -> 0 | L25: =Cal!F71 -> 0
B27: QM foundation (management system) 5 axes
C29: Solidification 5 items | F29: 2025 | J29: 2028 | O29: Ave Score | T29: Min Score
F30: Ave | H30: Min | J30: Ave | L30: Min
F31: Score | G31: Level | H31: Score | I31: Level | J31: Score | K31: Level | L31: Score | M31: Level
C32: Issue solving | F32: =Cal!E48 -> 5 | G32: =IF(F32<2,"C",IF(F32<3,"B-",IF(F32<4,"B",IF(F32<5,"B+",IF(F32=5,"A",""))))) -> A | H32: =Cal!D48 -> 5 | I32: =IF(H32<2,"C",IF(H32<3,"B-",IF(H32<4,"B",IF(H32<5,"B+",IF(H32=5,"A",""))))) -> A
C33: Risk Management | F33: =Cal!E49 -> 5 | G33: =IF(F33<2,"C",IF(F33<3,"B-",IF(F33<4,"B",IF(F33<5,"B+",IF(F33=5,"A",""))))) -> A | H33: =Cal!D49 -> 5 | I33: =IF(H33<2,"C",IF(H33<3,"B-",IF(H33<4,"B",IF(H33<5,"B+",IF(H33=5,"A",""))))) -> A
C34: Business Strategy Adjustment | F34: =Cal!E50 -> 5 | G34: =IF(F34<2,"C",IF(F34<3,"B-",IF(F34<4,"B",IF(F34<5,"B+",IF(F34=5,"A",""))))) -> A | H34: =Cal!D50 -> 5 | I34: =IF(H34<2,"C",IF(H34<3,"B-",IF(H34<4,"B",IF(H34<5,"B+",IF(H34=5,"A",""))))) -> A
C35: Independency and Continuity | F35: =Cal!E51 -> 5 | G35: =IF(F35<2,"C",IF(F35<3,"B-",IF(F35<4,"B",IF(F35<5,"B+",IF(F35=5,"A",""))))) -> A | H35: =Cal!D51 -> 5 | I35: =IF(H35<2,"C",IF(H35<3,"B-",IF(H35<4,"B",IF(H35<5,"B+",IF(H35=5,"A",""))))) -> A
C36: Integration/ Incorporation | F36: =Cal!E52 -> 5 | G36: =IF(F36<2,"C",IF(F36<3,"B-",IF(F36<4,"B",IF(F36<5,"B+",IF(F36=5,"A",""))))) -> A | H36: =Cal!D52 -> 5 | I36: =IF(H36<2,"C",IF(H36<3,"B-",IF(H36<4,"B",IF(H36<5,"B+",IF(H36=5,"A",""))))) -> A
C38: Total Ave | F38: =AVERAGE(F32:F36) -> 5 | G38: =IF(F38<2,"C",IF(F38<3,"B-",IF(F38<4,"B",IF(F38<5,"B+",IF(F38=5,"A",""))))) -> A | H38: =AVERAGE(H32:H36) -> 5 | I38: =IF(H38<2,"C",IF(H38<3,"B-",IF(H38<4,"B",IF(H38<5,"B+",IF(H38=5,"A",""))))) -> A
B40: Comment
C42: <Comments from 3 axes points of view> <Risk> <Compliance> <Governance>

Sheet DP Cover
W2: BSAPIC CQO
B3: D.P. Solidification Report
B4: Site | D4: BSIDp
B6: QM foundation (management system) 3 axes
C8: Items | J8: 2025 | L8: 2028 | O8: 3 Axes Chart
J9: Score | K9: Level | L9: Score | M9: Level
I10: Total Ave | J10: =Cal!D44 -> 5 | K10: =IF(J10<2,"C",IF(J10<3,"B-",IF(J10<4,"B",IF(J10<5,"B+",IF(J10=5,"A",""))))) -> A | L10: =Cal!E44 -> 0
D11: 3 Axes Evaluation | E11: Risk Detection and Reduction/Continuous Improvement | H11: Ave | J11: =Cal!D43 -> 5 | K11: =IF(J11=5,"A",IF(J11>=4,"B+",IF(J11>=3,"B",IF(J11>=2,"B-",IF(J11>=1, "C","-"))))) -> A | L11: =Cal!E43 -> 0 | M11: =IF(L11=5,"A",IF(L11>=4,"B+",IF(L11>=3,"B",IF(L11>=2,"B-",IF(L11>=1, "C","-"))))) -> -
H12: Distribution | I12: B+ or more | J12: =Cal!E56 -> 8 | L12: =Cal!F56 -> 0
I13: B | J13: =Cal!E57 -> 0 | L13: =Cal!F57 -> 0
I14: B- | J14: =Cal!E58 -> 0 | L14: =Cal!F58 -> 0
I15: C | J15: =Cal!E59 -> 0 | L15: =Cal!F59 -> 0
E16: Safety Rule Compliance/Safety Awareness Cultivation | H16: Ave | J16: =Cal!D41 -> 5 | K16: =IF(J16=5,"A",IF(J16>=4,"B+",IF(J16>=3,"B",IF(J16>=2,"B-",IF(J16>=1, "C","-"))))) -> A | L16: =Cal!E41 -> 0 | M16: =IF(L16=5,"A",IF(L16>=4,"B+",IF(L16>=3,"B",IF(L16>=2,"B-",IF(L16>=1, "C","-"))))) -> -
H17: Distribution | I17: B+ or more | J17: =Cal!E62 -> 16 | L17: =Cal!F62 -> 0
I18: B | J18: =Cal!E63 -> 0 | L18: =Cal!F63 -> 0 | O18: Distribution
I19: B- | J19: =Cal!E64 -> 0 | L19: =Cal!F64 -> 0 | O19: Risk | Q19: 2028
I20: C | J20: =Cal!E65 -> 0 | L20: =Cal!F65 -> 0 | Q20: 2025
E21: Strengthening of Governance and Systems to Make Quality Management More Effective | H21: Ave | J21: =Cal!D42 -> 5 | K21: =IF(J21=5,"A",IF(J21>=4,"B+",IF(J21>=3,"B",IF(J21>=2,"B-",IF(J21>=1, "C","-"))))) -> A | L21: =Cal!E42 -> 0 | M21: =IF(L21=5,"A",IF(L21>=4,"B+",IF(L21>=3,"B",IF(L21>=2,"B-",IF(L21>=1, "C","-"))))) -> - | O21: Compliance | Q21: 2028
H22: Distribution | I22: B+ or more | J22: =Cal!E68 -> 7 | L22: =Cal!F68 -> 0 | Q22: 2025
I23: B | J23: =Cal!E69 -> 0 | L23: =Cal!F69 -> 0 | O23: Governance | Q23: 2028
I24: B- | J24: =Cal!E70 -> 0 | L24: =Cal!F70 -> 0 | Q24: 2025
I25: C | J25: =Cal!E71 -> 0 | L25: =Cal!F71 -> 0
B27: QM foundation (management system) 5 axes
C29: Solidification 5 items | F29: 2025 | J29: 2028 | O29: Ave Score | T29: Min Score
F30: Ave | H30: Min | J30: Ave | L30: Min
F31: Score | G31: Level | H31: Score | I31: Level | J31: Score | K31: Level | L31: Score | M31: Level
C32: Issue solving | F32: =Cal!E48 -> 5 | G32: =IF(F32<2,"C",IF(F32<3,"B-",IF(F32<4,"B",IF(F32<5,"B+",IF(F32=5,"A",""))))) -> A | H32: =Cal!D48 -> 5 | I32: =IF(H32<2,"C",IF(H32<3,"B-",IF(H32<4,"B",IF(H32<5,"B+",IF(H32=5,"A",""))))) -> A
C33: Risk Management | F33: =Cal!E49 -> 5 | G33: =IF(F33<2,"C",IF(F33<3,"B-",IF(F33<4,"B",IF(F33<5,"B+",IF(F33=5,"A",""))))) -> A | H33: =Cal!D49 -> 5 | I33: =IF(H33<2,"C",IF(H33<3,"B-",IF(H33<4,"B",IF(H33<5,"B+",IF(H33=5,"A",""))))) -> A
C34: Business Strategy Adjustment | F34: =Cal!E50 -> 5 | G34: =IF(F34<2,"C",IF(F34<3,"B-",IF(F34<4,"B",IF(F34<5,"B+",IF(F34=5,"A",""))))) -> A | H34: =Cal!D50 -> 5 | I34: =IF(H34<2,"C",IF(H34<3,"B-",IF(H34<4,"B",IF(H34<5,"B+",IF(H34=5,"A",""))))) -> A
C35: Independency and Continuity | F35: =Cal!E51 -> 5 | G35: =IF(F35<2,"C",IF(F35<3,"B-",IF(F35<4,"B",IF(F35<5,"B+",IF(F35=5,"A",""))))) -> A | H35: =Cal!D51 -> 5 | I35: =IF(H35<2,"C",IF(H35<3,"B-",IF(H35<4,"B",IF(H35<5,"B+",IF(H35=5,"A",""))))) -> A
C36: Integration/ Incorporation | F36: =Cal!E52 -> 5 | G36: =IF(F36<2,"C",IF(F36<3,"B-",IF(F36<4,"B",IF(F36<5,"B+",IF(F36=5,"A",""))))) -> A | H36: =Cal!D52 -> 5 | I36: =IF(H36<2,"C",IF(H36<3,"B-",IF(H36<4,"B",IF(H36<5,"B+",IF(H36=5,"A",""))))) -> A
C38: Total Ave | F38: =AVERAGE(F32:F36) -> 5 | G38: =IF(F38<2,"C",IF(F38<3,"B-",IF(F38<4,"B",IF(F38<5,"B+",IF(F38=5,"A",""))))) -> A | H38: =AVERAGE(H32:H36) -> 5 | I38: =IF(H38<2,"C",IF(H38<3,"B-",IF(H38<4,"B",IF(H38<5,"B+",IF(H38=5,"A",""))))) -> A
B40: Comment
C42: BSIDp has achieved a B level across all three axes, exceeding BSAPIC expectations with no axis falling below the B rating. To further elevate performance to the B+ level, APICTC recommends strengthening system governance and compliance execution through enhanced hot work permit control, improved daily inspection effectiveness, and reinforced competency of responsible personnel. Additionally, proper grounding and bonding conditions must be ensured for gasoline cement equipment through systematic inspection and personnel training. Meanwhile, the inspection program for fire barriers such as firewall and shutter doors should be revised with complete documentation and record traceability. In governance, BSIDp should establish a clear reporting timeline with accountability to ensure that both preliminary and final fire incident reports are submitted to BSAPIC on time with complete root-cause analysis, as well as improve DP inspection resources and clarify the roles and responsibilities to secure consistent inspection quality. These improvements will support operational compliance, enhance DP capability, and strengthen overall governance maturity toward achieving a B+ level.

Sheet DP overall
C3: Solidification Assessment - Disaster Prevention [DP] | N3: DP Manager
N4: Manager
N5: Supervisor | O5: BSAPIC re.2
N6: Operator | O6: 46144
B7: Judgement Criteria
C8: ・各項目ごとの最低点を取る Pick the lowest score from each items
C9: ・各項目は、直近1年間の取り組み状況から判断する Time scope is one year from evaluating
C10: ・技能員を対象とした設問は、原則として各係・工程から1名以上選出して評価する。 Questions for operators, need to have interview at least one person from production department.
C11: ・計画対比の進捗状況について評価する設問は、評価実施時点での計画対比実施状況を見て判断する In case of question that is asking its progress, that should be evaluated at the day of evaluation.
C13: Solidification 5 items | D13: DP item No. | E13: Secondary Category | F13: Current Issues Disposition | H13: Potential Risk Prevention | L13: Proactive Prevention | N13: Independent Quality Management | Q13: 安全/ 防災 | R13: 判定記入 | W13: スコア | X13: 評価 | Y13: 3軸分類
F14: 1 | G14: Judge | H14: 2 | I14: Judge | J14: 3 | K14: Judge | L14: 4 | M14: Judge | N14: 5 | O14: Judge | R14: 1 | S14: 2 | T14: 3 | U14: 4 | V14: 5
F15: C | H15: B- | J15: B | L15: B+ | N15: A | R15: C | S15: B- | T15: B | U15: B+ | V15: A
C16: Issue solving | D16: 1 | E16: Information Sharing | F16: Leadership Involvement in Serious Incidents All teammates stated that, at a minimum, the safety manager and a site leadership representative (e.g., plant manager, department manager, or line manager) were involved in the root cause analysis process whenever a serious incident (e.g., fire) occurred. (Leadership: Operator: No.5) | G16: =OP!H4 -> 0 | H16: Informed of Recent Incidents All teammates can confirm that they have been informed of recent D.P.-related incidents (e.g., fire, near-miss) in their areas and that actions have been taken to address these incidents. If no D.P. incident has occurred since the start of their employment, confirmation will be made based on D.P. incidents that have previously occurred at the site. (Teammate Engagement: Operator: No.7) | I16: =OP!H5 -> 0 | J16: Understanding of Information Contribution All teammates stated that they are well informed and can explain how the communicated information contributes to strengthening fire prevention. (System: Operator: No.64) Information may include fire, smoke, near-miss, etc. If no D.P. incident has occurred since the start of their employment, confirmation will be based on D.P. incidents that have previously occurred at the site. | K16: =OP!H6 -> 0 | L16: Examples from Other Facilities Teammates are able to provide examples of fire incidents that occurred at other facilities and can explain how this information was obtained. (System: Operator: No.110) | M16: =OP!H7 -> 0 | N16: Cross-site and Cross-department Sharing D.P. risks and measures from other sites or departments have been shared during the safety meeting in your department. (Teammate Engagement: Operator: No.17) | O16: =OP!H8 -> 0 | Q16: 防災 | R16: =G16 -> 0 | S16: =I16 -> 0 | T16: =K16 -> 0 | U16: =M16 -> 0 | V16: =O16 -> 0 | W16: =IF(R16="No",1,IF(S16="No",1,IF(T16="No",2,IF(U16="No",3,IF(V16="No",4,5))))) -> 5 | X16: =IF(W16<2,"C",IF(W16<3,"B-",IF(W16<4,"B",IF(W16<5,"B+",IF(W16=5,"A",""))))) -> A | Y16: ガバナンス
D17: 2 | E17: Recurrence Prevention | F17: Implement prevent the recurrence of incidents There is evidence that actions have been implemented to prevent the recurrence of incidents, and SVs are able to explain these actions. (System: Safety Manager: No.30) *ask SVs | G17: =SV!H4 -> 0 | H17: OP know and participate In a sample of 3 teammates, at least 1 (more than 33%) stated that they participate in the actions required to prevent D.P. accidents and provide feedback if these actions are not appropriate or effective. If no D.P. incident has occurred since the start of their employment, in a sample of three teammates, at least one (more than 33%) commented on the need for improvement based on identified problems or defects related to D.P. (Teammate Engagement: Operator: No.6) | I17: =OP!H9 -> 0 | J17: SVs can explain the actions SVs can explain the actions required for recurrence prevention in the event of a D.P. accident. They are able to describe measures taken in terms of prevention, detection, and protection based on the analysis. In addition, SVs can explain how to prevent the recurrence of accidents that have occurred in their own processes. Genba improvement, all completed without delay (System: Safety Manager: No.86) *Ask SVs | K17: =SV!H5 -> 0 | L17: OP feedback All teammates stated that management has taken specific actions to address the hazards they reported, and that these actions have been communicated back to them. (D.P. point of view) (Organization: Operator: No.16) | M17: =OP!H10 -> 0 | N17: Recurrence Prevention action PDCA and feedback to SBU SVs can explain how such reviews are conducted and why the chosen method(s) are effective, using 4M change examples and other cases. They provide feedback to the SBU and assist in determining appropriate countermeasures. (Example: Sharing more effective safety measures than those initially proposed by GBS/SBU) This is subject to countermeasures derived from D.P. incidents, near misses, and defect information raised by operators.(System: Safety Manager: No.140) *Ask SVs Manager: No.140) | O17: =SV!H6 -> 0 | Q17: 防災 | R17: =G17 -> 0 | S17: =I17 -> 0 | T17: =K17 -> 0 | U17: =M17 -> 0 | V17: =O17 -> 0 | W17: =IF(R17="No",1,IF(S17="No",1,IF(T17="No",2,IF(U17="No",3,IF(V17="No",4,5))))) -> 5 | X17: =IF(W17<2,"C",IF(W17<3,"B-",IF(W17<4,"B",IF(W17<5,"B+",IF(W17=5,"A",""))))) -> A | Y17: リスク
D18: 3 | E18: Fire Reporting | F18: With SBU Support Issuing fire report with SBU's support. (DP Manager) | G18: ='DP MGR'!H4 -> 0 | H18: Issued but Delayed The fire report was issued by the plant; however, there was a delay beyond the due date specified in the guideline. (DP Manager) | I18: ='DP MGR'!H5 -> 0 | J18: Issued On Time with RCA & Countermeasures The fire report was issued by the plant within the due date standardized in the guideline. Furthermore, the root cause analysis and corresponding countermeasures were completed, and the related report was also issued within the due date specified in the guideline. (DP Manager) | K18: ='DP MGR'!H6 -> 0 | L18: On Time + Countermeasure Expansion & Reporting to SBU The fire report was issued by the plant within the due date standardized in the guideline. The root cause analysis and corresponding countermeasures were also completed, and the report was issued within the required timeframe. In addition, the countermeasures were expanded to similar machines and tasks. After the implementation of the countermeasures, a report was submitted to the SBU.(DP Manager) | M18: ='DP MGR'!H7 -> 0 | N18: Periodic Review of Countermeasures Past countermeasures have been periodically re-checked to confirm their implementation status, subject to D.P. incidents that have occurred in the past at the site or in the workplace. At a minimum, progress must be reviewed within 1 year. (Safety Manager) *Also ask SVs | O18: =SV!H7 -> 0 | Q18: 防災 | R18: =G18 -> 0 | S18: =I18 -> 0 | T18: =K18 -> 0 | U18: =M18 -> 0 | V18: =O18 -> 0 | W18: =IF(R18="No",1,IF(S18="No",1,IF(T18="No",2,IF(U18="No",3,IF(V18="No",4,5))))) -> 5 | X18: =IF(W18<2,"C",IF(W18<3,"B-",IF(W18<4,"B",IF(W18<5,"B+",IF(W18=5,"A",""))))) -> A | Y18: ガバナンス
D19: 4 | E19: Recurrence Prevention Process KPI | F19: No Plan There is no plan for countermeasures originating from outside of the plant. In this context, “countermeasures” refers to those issued under BSAPIC Request/ Notification. (DP Manager) | G19: ='DP MGR'!H8 -> 0 | H19: Plan but Delayed (No Corrective Action) There is a plan for countermeasures; however, the implementation is delayed, and no corrective plan for addressing the delay has been established. (DP Manager) | I19: ='DP MGR'!H9 -> 0 | J19: Plan in Progress There is a countermeasure plan that is currently in progress but not yet completed. Alternatively, if there is a delay, a corrective plan has been established and is being implemented. (DP Manager) | K19: ='DP MGR'!H10 -> 0 | L19: Do Ahead of Schedule There is a countermeasure plan in place, and progress is ahead of schedule; however, it has not yet been completed. (DP Manager) | M19: ='DP MGR'!H11 -> 0 | N19: All Countermeasures Completed All countermeasures have been completed. (DP Manager) | O19: ='DP MGR'!H12 -> 0 | Q19: 防災 | R19: =G19 -> 0 | S19: =I19 -> 0 | T19: =K19 -> 0 | U19: =M19 -> 0 | V19: =O19 -> 0 | W19: =IF(R19="No",1,IF(S19="No",1,IF(T19="No",2,IF(U19="No",3,IF(V19="No",4,5))))) -> 5 | X19: =IF(W19<2,"C",IF(W19<3,"B-",IF(W19<4,"B",IF(W19<5,"B+",IF(W19=5,"A",""))))) -> A | Y19: リスク
C20: Risk Management | D20: 5 | E20: Fire RA Progress | F20: Plan Established There is a plan for Fire RA. (DP Manager) | G20: ='DP MGR'!H13 -> 0 | H20: Plan Delayed (No Corrective Action) There is a plan for Fire RA; however, its implementation is delayed, and no corrective plan has been established to address the delay. (DP Manager) | I20: ='DP MGR'!H14 -> 0 | J20: Plan in Progress There is a plan for Fire RA, which is currently progressing according to the plan. Alternatively, if there is a delay, a corrective plan has been established and is ongoing. In some cases, all Fire RAs have already been completed. The contents of the assessment sheet should be confirmed. (DP Manager) | K20: ='DP MGR'!H15 -> 0 | L20: Results Shared – Risk III/IV The results of the Fire RA have been shared within the plant. Operators are informed of the risks and countermeasures for Gross Risk III/IV. If no Risk III/IV exists, they are informed accordingly. (DP Manager) *Ask SVs | M20: =SV!H8 -> 0 | N20: Results Shared & Understood – Risk I/II Awareness The results of the Fire RA have been shared within the plant, and all teammates have demonstrated understanding. Operators are informed of the risks and countermeasures for Gross Risk III/IV. If no Risk III/IV exists, operators are made aware of the high-risk areas in their plant or process categorized under Risk I/II. (Operators) | O20: =OP!H11 -> 0 | Q20: 防災 | R20: =G20 -> 0 | S20: =I20 -> 0 | T20: =K20 -> 0 | U20: =M20 -> 0 | V20: =O20 -> 0 | W20: =IF(R20="No",1,IF(S20="No",1,IF(T20="No",2,IF(U20="No",3,IF(V20="No",4,5))))) -> 5 | X20: =IF(W20<2,"C",IF(W20<3,"B-",IF(W20<4,"B",IF(W20<5,"B+",IF(W20=5,"A",""))))) -> A | Y20: リスク
D21: 6 | E21: Fire RA | F21: No Plan There is no countermeasure plan in place for the risks detected by the Fire RA. (D.P. Manager) | G21: ='DP MGR'!H16 -> 0 | H21: Delay without Corrective Plan There is a plan for countermeasures for the fire risk; however, the implementation is delayed, and no corrective plan has been established. (DP Manager) | I21: ='DP MGR'!H17 -> 0 | J21: Ongoing / Delay with Corrective Plan There is a plan for countermeasures for the fire risk, and it is progressing according to schedule. Alternatively, if there is a delay, a corrective plan has been established and is currently being implemented. (DP Manager) | K21: ='DP MGR'!H18 -> 0 | L21: Ahead of Schedule There is a plan for countermeasures for the fire risk, and progress is ahead of schedule, though completion has not yet been achieved. (DP Manager) | M21: ='DP MGR'!H19 -> 0 | N21: Completed / Not Applicable All countermeasures for Fire Risk III and IV have been completed, or no Fire Risk III and IV have been identified. (DP Manager) | O21: ='DP MGR'!H20 -> 0 | Q21: 防災 | R21: =G21 -> 0 | S21: =I21 -> 0 | T21: =K21 -> 0 | U21: =M21 -> 0 | V21: =O21 -> 0 | W21: =IF(R21="No",1,IF(S21="No",1,IF(T21="No",2,IF(U21="No",3,IF(V21="No",4,5))))) -> 5 | X21: =IF(W21<2,"C",IF(W21<3,"B-",IF(W21<4,"B",IF(W21<5,"B+",IF(W21=5,"A",""))))) -> A | Y21: リスク
D22: 7 | E22: DP Inspection | F22: Planned Inspection items (based on legal & BS requirements) are determined at the plant, and there is a plan for inspection. (DP Manager) | G22: ='DP MGR'!H21 -> 0 | H22: Delayed – No Corrective Plan Inspection items (based on legal & BS requirements) are determined at the plant, and there is a plan for inspection; however, the plan is delayed, and no corrective plan has been established. (DP Manager) | I22: ='DP MGR'!H22 -> 0 | J22: Ongoing / Delayed with Corrective Plan Inspection items (based on legal & BS requirements) are determined at the site, and there is a plan for inspection. The plan is ongoing, with evidence that inspections have been conducted as scheduled. Alternatively, if there is a delay, a corrective plan has been established and is currently in progress. (DP Manager) | K22: ='DP MGR'!H23 -> 0 | L22: NG Shared Inspection NG items have been shared within the plant through meetings and other communication channels. (DP Manager) | M22: ='DP MGR'!H24 -> 0 | N22: Continuous Improvement Inspection items (including standards and procedures) have, in some cases, been reviewed and updated based on inspection results. (DP Manager) | O22: ='DP MGR'!H25 -> 0 | Q22: 防災 | R22: =G22 -> 0 | S22: =I22 -> 0 | T22: =K22 -> 0 | U22: =M22 -> 0 | V22: =O22 -> 0 | W22: =IF(R22="No",1,IF(S22="No",1,IF(T22="No",2,IF(U22="No",3,IF(V22="No",4,5))))) -> 5 | X22: =IF(W22<2,"C",IF(W22<3,"B-",IF(W22<4,"B",IF(W22<5,"B+",IF(W22=5,"A",""))))) -> A | Y22: リスク
D23: 8 | E23: Electrical Wiring Inspection | F23: Not Conducted / No Plan Inspection to identify defective wiring has not been conducted at the seven visual checkpoints, or there is no plan in place to conduct it. (Including items such as outlets, plugs, overcapacity, tangled cords, electric drums) (DP manager) | G23: ='DP MGR'!H26 -> 0 | H23: Conducted but Delayed Inspection has been conducted and there is a plan in place; however, implementation is delayed at the plant. Defects identified have been immediately corrected. At least one inspection point in GENBA should be validated. (DP manager) | I23: ='DP MGR'!H27 -> 0 | J23: Ongoing / Delayed with Corrective Plan There is a plan for countermeasures based on the defect wiring inspection, and it is progressing according to the plan. Alternatively, if there is a delay, a corrective plan has been established and is currently ongoing. Inspection records of electrical wiring must be confirmed. (DP Manager) | K23: ='DP MGR'!H28 -> 0 | L23: Ahead of Schedule There is a plan for countermeasures from the defect wiring inspection, and progress is ahead of schedule, though not yet completed. (DP manager) | M23: ='DP MGR'!H29 -> 0 | N23: Completed / No Defects Based on the results of the electrical wiring inspection, no defects requiring countermeasures were identified. (All countermeasures have been completed and no defects were detected.) At least one GENBA should be validated. | O23: ='DP MGR'!H30 -> 0 | Q23: 防災 | R23: =G23 -> 0 | S23: =I23 -> 0 | T23: =K23 -> 0 | U23: =M23 -> 0 | V23: =O23 -> 0 | W23: =IF(R23="No",1,IF(S23="No",1,IF(T23="No",2,IF(U23="No",3,IF(V23="No",4,5))))) -> 5 | X23: =IF(W23<2,"C",IF(W23<3,"B-",IF(W23<4,"B",IF(W23<5,"B+",IF(W23=5,"A",""))))) -> A | Y23: リスク
D24: 9 | E24: Abnormal noise/ vibration and temperature inspection (Motor, M/C moving part) | F24: Not Conducted / No Plan Noise/Vibration and Temperature inspection has not been conducted, or there is no plan in place to conduct it. At least one case in GENBA must be validated. (DP manager) | G24: ='DP MGR'!H31 -> 0 | H24: Conducted but Delayed Noise/Vibration and Temperature inspection has been conducted, and there is a plan in place; however, the plan is delayed. At least one case in GENBA must be validated. (DP manager) | I24: ='DP MGR'!H32 -> 0 | J24: Ongoing / Delayed with Corrective Plan / Completed There is a plan for countermeasures from the Noise/Vibration and Temperature inspection, and it is progressing according to the plan. Alternatively, if there is a delay, a corrective plan has been established and is currently ongoing. In some cases, all countermeasures have already been completed. (DP manager) | K24: ='DP MGR'!H33 -> 0 | L24: Ahead of Schedule There is a plan for countermeasures from the Noise/Vibration and Temperature inspection, and progress is ahead of schedule, though not yet completed. (DP Manager) | M24: ='DP MGR'!H34 -> 0 | N24: Completed / No Defects Based on the results of the Noise/Vibration and Temperature inspection, no defects requiring countermeasures were identified. (All countermeasures have been completed and no defects were detected.) At least one GENBA must be validated. (DP manager) | O24: ='DP MGR'!H35 -> 0 | Q24: 防災 | R24: =G24 -> 0 | S24: =I24 -> 0 | T24: =K24 -> 0 | U24: =M24 -> 0 | V24: =O24 -> 0 | W24: =IF(R24="No",1,IF(S24="No",1,IF(T24="No",2,IF(U24="No",3,IF(V24="No",4,5))))) -> 5 | X24: =IF(W24<2,"C",IF(W24<3,"B-",IF(W24<4,"B",IF(W24<5,"B+",IF(W24=5,"A",""))))) -> A | Y24: リスク
C25: Business Strategy Adjustment | D25: 10 | E25: Policy/ Purpose/ Target | F25: Not Issued D.P. policy/target has not been issued. (DP Manager) | G25: ='DP MGR'!H36 -> 0 | H25: Management have Information Management can show the site's OH&S objectives and goals. (System: Manager: No.66) *Ask Manager (not safety) | I25: =MGR!H4 -> 0 | J25: Management Understanding Management can describe and explain the site's OH&S objectives and goals. (System: Manager: No.66) *Ask Manager (not safety) | K25: =MGR!H5 -> 0 | L25: Planned Goals Aligned with Risks The plan contains goals to be achieved which are relevant to the incidents and risks identified by the SBU. (System: Manager: No.98) *Ask Manager (not safety) | M25: =MGR!H6 -> 0 | N25: Benchmarking There is evidence of OH&S benchmarking with other sites. (System: DP Manager: No.123) | O25: ='DP MGR'!H37 -> 0 | Q25: 防災 | R25: =G25 -> 0 | S25: =I25 -> 0 | T25: =K25 -> 0 | U25: =M25 -> 0 | V25: =O25 -> 0 | W25: =IF(R25="No",1,IF(S25="No",1,IF(T25="No",2,IF(U25="No",3,IF(V25="No",4,5))))) -> 5 | X25: =IF(W25<2,"C",IF(W25<3,"B-",IF(W25<4,"B",IF(W25<5,"B+",IF(W25=5,"A",""))))) -> A | Y25: ガバナンス
D26: 11 | E26: Implementation Plan | F26: Not Issued D.P. policy/target has not been issued. (DP Manager) | G26: ='DP MGR'!H38 -> 0 | H26: Basic KPI Tracking D.P. KPIs are tracked at the plant, department, and line level. Site leadership follows D.P. KPIs and provides directions to review the D.P. program if necessary.(Leadership: Plant Manager: No.6) *Ask Manager (not safety) | I26: =MGR!H7 -> 0 | J26: KPI Tracking with Corrective Actions D.P. KPIs are tracked consistently at multiple levels. If delays or issues are identified, corrective actions are planned and are in progress to ensure alignment with D.P. objectives.(Leadership: Plant Manager: No.6) *Ask Manager (not safety) | K26: =MGR!H8 -> 0 | L26: Advanced KPI Tracking (Leading & Lagging Indicators) D.P. KPIs are tracked positively at the plant, department, and line level, using both leading indicators (e.g., training completion rate, inspection results) and lagging indicators (e.g., number of fires). Site leadership monitors both types of indicators and provides directions to review and improve D.P. programs as necessary. (Leadership: Plant Manager: No.14) *Ask Manager (not safety) | M26: =MGR!H9 -> 0 | N26: Strategic Implementation & Continuous Review The Plant Manager can describe the D.P. strategy, its goals, and the approach to achieve them. The strategy is reviewed quarterly to assess progress and validity, with revisions or instructions implemented by the Plant Manager.(Leadership: Plant manager: No.21) *Ask Manager (not safety) | O26: =MGR!H10 -> 0 | Q26: 防災 | R26: =G26 -> 0 | S26: =I26 -> 0 | T26: =K26 -> 0 | U26: =M26 -> 0 | V26: =O26 -> 0 | W26: =IF(R26="No",1,IF(S26="No",1,IF(T26="No",2,IF(U26="No",3,IF(V26="No",4,5))))) -> 5 | X26: =IF(W26<2,"C",IF(W26<3,"B-",IF(W26<4,"B",IF(W26<5,"B+",IF(W26=5,"A",""))))) -> A | Y26: ガバナンス
D27: 12 | E27: Audit | F27: Not Conducted Internal audit has not been conducted. (DP Manager) | G27: ='DP MGR'!H39 -> 0 | H27: Conducted – Not Shared Internal audit has been conducted, but the results have not been shared within the plant. (DP Manager) | I27: ='DP MGR'!H40 -> 0 | J27: Conducted – Shared Internal audit has been conducted, and the results have been shared within the plant, including with managers. (DP Manager) | K27: ='DP MGR'!H41 -> 0 | L27: KAIZEN Plan & Implementation Based on the results of the internal audit, a KAIZEN plan has been developed and implemented according to the plan. (DP Manager) | M27: ='DP MGR'!H42 -> 0 | N27: No Non-Conformities in QM Audit There is no non-conformity (Major/Minor) identified in the QM audit. (DP Manager) | O27: ='DP MGR'!H43 -> 0 | Q27: 防災 | R27: =G27 -> 0 | S27: =I27 -> 0 | T27: =K27 -> 0 | U27: =M27 -> 0 | V27: =O27 -> 0 | W27: =IF(R27="No",1,IF(S27="No",1,IF(T27="No",2,IF(U27="No",3,IF(V27="No",4,5))))) -> 5 | X27: =IF(W27<2,"C",IF(W27<3,"B-",IF(W27<4,"B",IF(W27<5,"B+",IF(W27=5,"A",""))))) -> A | Y27: ガバナンス
C28: Independency and Continuity | D28: 13 | E28: 3S for flammable/ combustible material storage | F28: Documentation & Self-Check 3S documents are displayed in flammable/combustible material storage, chemical storage, and paint storage areas, with evidence of compliance. Self-checks have been implemented. (System: Operator: No.75) | G28: =OP!H12 -> 0 | H28: 3S Organization & Leadership There is an officially appointed 3S leader on site. There is evidence of 3S inspections and recommended actions for improvement. A 3S promotion organization for each process is clearly defined, with group leaders and members appointed. (System: Safety Manager: No.44+45) *Ask SVs | I28: =SV!H9 -> 0 | J28: Visual Standards & Workplace Cleanliness The 3S Visual Standard has been established. All inspected work areas (production and office) are maintained as per the standard: clean floors, no spillages, and no unnecessary objects not currently in use. (System: Operator: No.75) | K28: =OP!H13 -> 0 | L28: Continuous Improvement 3S activities aimed at raising the 3S level have been implemented. (Improvement of the 3S level can be confirmed, or the 3S level is above 4.) (System: Operator: No.105) | M28: =OP!H14 -> 0 | N28: Best Practice Integration & Benchmarking Best practices on 3S have been collected from other plants/industries and incorporated into site procedures, with evidence of benchmarking or comparison with other plants. (System: DP Manager: No.133) | O28: ='DP MGR'!H44 -> 0 | Q28: 防災 | R28: =G28 -> 0 | S28: =I28 -> 0 | T28: =K28 -> 0 | U28: =M28 -> 0 | V28: =O28 -> 0 | W28: =IF(R28="No",1,IF(S28="No",1,IF(T28="No",2,IF(U28="No",3,IF(V28="No",4,5))))) -> 5 | X28: =IF(W28<2,"C",IF(W28<3,"B-",IF(W28<4,"B",IF(W28<5,"B+",IF(W28=5,"A",""))))) -> A | Y28: リスク
D29: 14 | E29: DP KYT | F29: Not Implemented DP KYT has not been implemented. (Safety Manager) *Ask SVs | G29: =SV!H10 -> 0 | H29: Process Defined & Communicated There is evidence of a defined DP KYT process that has been communicated with all staff at least once in the past year. (System: Manager: No.26) *Ask SVs | I29: =SV!H11 -> 0 | J29: Leadership & Representation There is an officially appointed DP KYT leader and DP KYT representatives on site. (System: Manager: No.55) *Ask SVs | K29: =SV!H12 -> 0 | L29: Participation & Recordkeeping DP KYT records show that all teammates and temporary staff have submitted a DP KYT within the last 3 months. Records confirm that DP KYT is conducted periodically in accordance with SBU and/or site standards, and participation includes everyone on site.(System: Safety Manager: No.83+112) *Ask SVs | M29: =SV!H13 -> 0 | N29: Evaluation & Continuous Improvement DP KYT activities are evaluated annually, and opportunities for improvement are discussed with the Plant Manager. SVs can describe planned improvements for the next year’s activities based on comments and advice from the Plant Manager.(System: Safety Manager: No.113) *Ask SVs | O29: =SV!H14 -> 0 | Q29: 防災 | R29: =G29 -> 0 | S29: =I29 -> 0 | T29: =K29 -> 0 | U29: =M29 -> 0 | V29: =O29 -> 0 | W29: =IF(R29="No",1,IF(S29="No",1,IF(T29="No",2,IF(U29="No",3,IF(V29="No",4,5))))) -> 5 | X29: =IF(W29<2,"C",IF(W29<3,"B-",IF(W29<4,"B",IF(W29<5,"B+",IF(W29=5,"A",""))))) -> A | Y29: 順守推進
D30: 15 | E30: Common Fire Prevention Rule | F30: Not Trained All teammates have not received training on the Common Fire Prevention Rule. (SVs) | G30: =SV!H16 -> 0 | H30: Training Completed All teammates have received training on the Common Fire Prevention Rule at least once a year. (Operator) | I30: =OP!H15 -> 0 | J30: Understanding & Explanation All teammates understand the Common Fire Prevention Rule and can explain at least two key points from the SOP to prevent fire. (At least 2 items) (Operator) | K30: =OP!H16 -> 0 | L30: GENBA Patrol & Feedback Managers and SVs conduct GENBA patrols or equivalent activities to ensure teammates follow the Common Fire Prevention Rule, and they provide feedback to operators. Confirmation of records indicating that checks and feedback have been conducted. (SVs) | M30: =SV!H17 -> 0 | N30: KAIZEN Application All teammates can explain an example of a KAIZEN activity from a D.P. point of view, based on the Common Fire Prevention Rule. Examples include updating SOPs to follow the DP rule or implementing hardware upgrades aligned with the DP rule.(Operator) | O30: =OP!H17 -> 0 | Q30: 防災 | R30: =G30 -> 0 | S30: =I30 -> 0 | T30: =K30 -> 0 | U30: =M30 -> 0 | V30: =O30 -> 0 | W30: =IF(R30="No",1,IF(S30="No",1,IF(T30="No",2,IF(U30="No",3,IF(V30="No",4,5))))) -> 5 | X30: =IF(W30<2,"C",IF(W30<3,"B-",IF(W30<4,"B",IF(W30<5,"B+",IF(W30=5,"A",""))))) -> A | Y30: 順守推進 | Z30: confirm items related
D31: 16 | E31: Fire Fighting | F31: No Training Fire extinguisher training has not been provided. ※ If training is provided, the judgement is “Yes”; if not, the judgement is “No.” | G31: ='DP MGR'!H45 -> 0 | H31: Limited Training Fire extinguisher training has been provided only to limited (not all) employees in the facility. Water spraying drills have been provided only to limited (not all) self-firefighting members in the facility. | I31: ='DP MGR'!H46 -> 0 | J31: Annual Training for All Employees Fire extinguisher training and education are provided to all employees in the facility at least once per year. Water spraying drills are provided annually to all employees appointed as self-firefighting members in the facility. | K31: ='DP MGR'!H47 -> 0 | L31: Expanded Training Water spraying drills and education are also provided at least once per year to employees who are not self-firefighting members. (Disaster Prevention Department) | M31: ='DP MGR'!H48 -> 0 | N31: Practical Training for Irregular Situations The site plans and conducts practical training for irregular situations such as: - fire at night - electrical power outage - fire on holidays - sudden/unexpected fires | O31: ='DP MGR'!H49 -> 0 | Q31: 防災 | R31: =G31 -> 0 | S31: =I31 -> 0 | T31: =K31 -> 0 | U31: =M31 -> 0 | V31: =O31 -> 0 | W31: =IF(R31="No",1,IF(S31="No",1,IF(T31="No",2,IF(U31="No",3,IF(V31="No",4,5))))) -> 5 | X31: =IF(W31<2,"C",IF(W31<3,"B-",IF(W31<4,"B",IF(W31<5,"B+",IF(W31=5,"A",""))))) -> A | Y31: 順守推進
D32: 17 | E32: Hot Work | F32: No Standard / Unsafe Practice There is no standard for hot work, or hot work equipment is used without: - advance application, - advance check*(e.g., presence of combustibles/flammables, preparation of extinguisher/water, spark prevention), - assignment of fire watcher, or - checking for residual fire after work. (If any one of these is missing/defective, the judgement is “No.”) | G32: ='DP MGR'!H50 -> 0 | H32: Standards Exist – Defects in Implementation Standards for hot work exist and equipment is used with advance application. However, there are defects in areas such as advance check, assignment of fire watcher, residual fire check, or 3S practices. | I32: ='DP MGR'!H51 -> 0 | J32: Controlled According to Standards Hot work is controlled in accordance with established standards. ※ At least one site (construction area, periodic repair area, or designated hot work area) must be checked. | K32: ='DP MGR'!H52 -> 0 | L32: 3S Visual Standard Applied Hot work in designated hot work areas is controlled in accordance with the standards. 3S is implemented based on 3S visual standards (MAP, position, number of items, cleaning level, etc.) or assessed as level 4 or higher. ※ Confirm at least one internal production site. SVs | M32: =SV!H18 -> 0 | N32: Best Practices & Continuous Improvement Hot work in designated hot work areas is controlled in accordance with the standards. 3S is implemented per 3S visual standards, and best practices from other sites/industries are applied for continuous improvement. (Or 3S level is assessed as 5.) ※ Confirm improvements at least at one internal production site. SVs | O32: =SV!H19 -> 0 | Q32: 防災 | R32: =G32 -> 0 | S32: =I32 -> 0 | T32: =K32 -> 0 | U32: =M32 -> 0 | V32: =O32 -> 0 | W32: =IF(R32="No",1,IF(S32="No",1,IF(T32="No",2,IF(U32="No",3,IF(V32="No",4,5))))) -> 5 | X32: =IF(W32<2,"C",IF(W32<3,"B-",IF(W32<4,"B",IF(W32<5,"B+",IF(W32=5,"A",""))))) -> A | Y32: 順守推進
D33: 18 | E33: Inspection Wiring / Clean-up of Mobile Equipment | F33: Not Inspected / No Problem-Solving Plan Mobile equipment is not inspected/cleaned regularly, including care of all electrical wires/cables and charging stations. Alternatively, inspections are conducted but no plan exists to solve the identified problems. (SVs) | G33: =SV!H20 -> 0 | H33: Inspections are carried out and measures to solve Mobile equipment is inspected/cleaned regularly, The daily inspection includes checking all electrical wires/cables , socket part on both the forklift side and the charger side. (SVs) | I33: =SV!H21 -> 0 | J33: Planned & Ongoing Measures with 3S There is a plan to solve problems, and measures are being conducted according to the plan. If a plan is delayed for an adequate reason, it is reviewed and measures are executed according to the revised plan. Use of problematic equipment is prohibited. 3S is implemented in accordance with 3S standards.(SVs) | K33: =SV!H22 -> 0 | L33: Immediate Prohibition & Action When problems are found, equipment is immediately prohibited from use, or a corrective plan is developed and moved forward. If the corrective measure is carried out on the same day, it is judged as equivalent to “moved forward. (SVs) | M33: =SV!H23 -> 0 | N33: No Problems / Fully Resolved There are no problems with mobile equipment, or all previously identified problems have already been solved. (SVs) | O33: =SV!H24 -> 0 | Q33: 防災 | R33: =G33 -> 0 | S33: =I33 -> 0 | T33: =K33 -> 0 | U33: =M33 -> 0 | V33: =O33 -> 0 | W33: =IF(R33="No",1,IF(S33="No",1,IF(T33="No",2,IF(U33="No",3,IF(V33="No",4,5))))) -> 5 | X33: =IF(W33<2,"C",IF(W33<3,"B-",IF(W33<4,"B",IF(W33<5,"B+",IF(W33=5,"A",""))))) -> A | Y33: 順守推進
D34: 19 | E34: Flammable Material Storage and Usage Area | F34: Not Inspected / No Controls Flammable material storage and usage areas are not inspected regularly, or inspections are conducted but with no plan to solve problems. No measures are in place to control electrostatic risks (e.g., no grounding/bonding, no humidity control, no anti-static flooring). No monitoring of heat sources (e.g., sunlight exposure, hot surfaces, or nearby equipment generating heat). (DP Manager) | G34: ='DP MGR'!H53 -> 0 | H34: Inspection but Delayed / No Recovery Plan Inspections are conducted and risks are identified, but countermeasure implementation is delayed, with no corrective plan to catch up. (DP Manager) | I34: ='DP MGR'!H54 -> 0 | J34: Plan in Progress (or with Recovery Plan) There is a planned and periodic inspection of fire risks in flammable material storage and usage areas. If NG items related to electrostatic or heat risks are identified, countermeasures are implemented. Storage is arranged to avoid proximity to heat sources, and ventilation or temperature control is introduced as necessary. If delays occur, corrective plans are reviewed and actions are ongoing. (DP Manager) | K34: ='DP MGR'!H55 -> 0 | L34: Immediate Action When problems are found, they are solved immediately. If only temporary measures are applied, permanent measures are planned and moved forward. | M34: ='DP MGR'!H56 -> 0 | N34: No Problems / Fully Resolved There are no problems, or all previously identified problems have already been solved, and no defects are detected. ※ Confirm at least one example of completed measures on-site. | O34: ='DP MGR'!H57 -> 0 | Q34: 防災 | R34: =G34 -> 0 | S34: =I34 -> 0 | T34: =K34 -> 0 | U34: =M34 -> 0 | V34: =O34 -> 0 | W34: =IF(R34="No",1,IF(S34="No",1,IF(T34="No",2,IF(U34="No",3,IF(V34="No",4,5))))) -> 5 | X34: =IF(W34<2,"C",IF(W34<3,"B-",IF(W34<4,"B",IF(W34<5,"B+",IF(W34=5,"A",""))))) -> A | Y34: 順守推進
D35: 20 | E35: Equipment grounding & bounding for Gasoline Cement equipment | F35: No Grounding / No Plan Gasoline cement equipment is not grounded or bonded, and there is no plan for grounding/bonding inspection. (DP Manager) | G35: ='DP MGR'!H58 -> 0 | H35: Inspection but Delay / No Corrective Action Grounding and bonding inspections are carried out, but delays exist in implementing corrective actions, and no recovery plan is established. (DP Manager) | I35: ='DP MGR'!H59 -> 0 | J35: Plan in Progress (or with Recovery Plan) A grounding and bonding inspection plan exists and is being implemented as planned. If delayed, a corrective plan has been established and is ongoing. (DP Manager) | K35: ='DP MGR'!H60 -> 0 | L35: Onsite confirm implementation Grounding and bonding are inspected periodically, and any NG items are corrected immediately or with a clear recovery plan and complete as plan or ahead plan. On-site verification confirms compliance. (DP Manager) | M35: ='DP MGR'!H61 -> 0 | N35: Fully Controlled / Continuous Improvement All gasoline cement equipment is properly grounded and bonded. No defects are found, or all defects have already been solved. Best practices or lessons learned are reflected in the grounding and bonding program for continuous improvement. (DP Manager) | O35: ='DP MGR'!H62 -> 0 | Q35: 防災 | R35: =G35 -> 0 | S35: =I35 -> 0 | T35: =K35 -> 0 | U35: =M35 -> 0 | V35: =O35 -> 0 | W35: =IF(R35="No",1,IF(S35="No",1,IF(T35="No",2,IF(U35="No",3,IF(V35="No",4,5))))) -> 5 | X35: =IF(W35<2,"C",IF(W35<3,"B-",IF(W35<4,"B",IF(W35<5,"B+",IF(W35=5,"A",""))))) -> A | Y35: 順守推進
D36: 21 | E36: Control of specified combustibles handling areas | F36: Not Inspected / No 3S Standard Specified combustibles handling areas are not inspected regularly, or inspections are conducted but with no plan to solve identified problems. There is no 3S visual standard (MAP, position, number of things, cleaning level, etc.), or 3S is not conducted according to the 3S standards. (Example: Combustible cutting oil, machine oil storage, waste materials storage) (DP Manager) | G36: ='DP MGR'!H63 -> 0 | H36: Inspection with Delay Inspections are carried out and measures to solve the problems are planned, but the plan is delayed. 3S is conducted as per the 3S standards. ※ The plan is not reviewed to catch up. ※ At least one site where the inspection was carried out should be checked. (DP Manager) | I36: ='DP MGR'!H64 -> 0 | J36: Plan in Progress (or with Reviewed Delay) There is a plan to solve the problems, and measures are being implemented according to the plan. If the plan is delayed with adequate reason, it is reviewed, and measures are conducted according to the reviewed plan (on-going). 3S is conducted as per the 3S standards. (DP Manager) | K36: ='DP MGR'!H65 -> 0 | L36: Immediate Action on Findings When problems are found, they are solved immediately, or a corrective plan is developed and moved forward without delay. 3S is conducted as per the 3S standards. (DP Manager) | M36: ='DP MGR'!H66 -> 0 | N36: Fully Controlled / No Defects There are no problems, or all identified problems have already been solved and no defects remain. 3S is conducted as per the 3S standards. ※ At least one example of the completed measures on-site should be confirmed. (DP Manager) | O36: ='DP MGR'!H67 -> 0 | Q36: 防災 | R36: =G36 -> 0 | S36: =I36 -> 0 | T36: =K36 -> 0 | U36: =M36 -> 0 | V36: =O36 -> 0 | W36: =IF(R36="No",1,IF(S36="No",1,IF(T36="No",2,IF(U36="No",3,IF(V36="No",4,5))))) -> 5 | X36: =IF(W36<2,"C",IF(W36<3,"B-",IF(W36<4,"B",IF(W36<5,"B+",IF(W36=5,"A",""))))) -> A | Y36: 順守推進
D37: 22 | E37: Arson Prevention Control | F37: No Prevention System There is no security system or preventive measures against arson in place. No patrols, no monitoring system, or no responsibility assigned. | G37: ='DP MGR'!H68 -> 0 | H37: Basic Measures but Incomplete A security system (e.g., CCTV, infrared sensors) is planned or partially installed, but patrols and checks are inconsistent. Patrol records are not complete or not reviewed. | I37: ='DP MGR'!H69 -> 0 | J37: System & Patrol Implemented Security systems (CCTV, infrared sensors) are installed and functional. Security guards regularly patrol combustible storage areas and record the results. DP staff check patrol records and alarm logs regularly. | K37: ='DP MGR'!H70 -> 0 | L37: Monitoring & Corrective Actions Arson prevention patrols are implemented consistently, records are checked, and corrective instructions are given when problems are identified. Regular monthly checks of records are performed by DP staff. | M37: ='DP MGR'!H71 -> 0 | N37: Fully Controlled & Reviewed Arson prevention measures are fully established, integrated into site security management, and reviewed periodically. Countermeasures are immediately applied when issues are detected. All records (patrols, alarms, corrective actions) are complete and traceable. | O37: ='DP MGR'!H72 -> 0 | Q37: 防災 | R37: =G37 -> 0 | S37: =I37 -> 0 | T37: =K37 -> 0 | U37: =M37 -> 0 | V37: =O37 -> 0 | W37: =IF(R37="No",1,IF(S37="No",1,IF(T37="No",2,IF(U37="No",3,IF(V37="No",4,5))))) -> 5 | X37: =IF(W37<2,"C",IF(W37<3,"B-",IF(W37<4,"B",IF(W37<5,"B+",IF(W37=5,"A",""))))) -> A | Y37: 順守推進
D38: 23 | E38: Smoking control | F38: Not Controlled / Non-Compliant Smoking areas are not designated or managed, and smoking occurs outside the designated areas. There is no standard for smoking control, or no ashtray/noncombustible container is provided. | G38: ='DP MGR'!H73 -> 0 | H38: Standards Prepared but Weak Enforcement Standards for smoking control exist, and smoking areas are designated. However, inspections are irregular, and defects (e.g., cigarette butts not in noncombustible containers, missing ashtray/water/fire extinguisher) are not solved promptly. | I38: ='DP MGR'!H74 -> 0 | J38: Inspection plan designed, NG on delay to improve Smoking areas are designated and fully prepared according to standards. Inspections are carried out regularly (e.g., monthly) to confirm compliance. If there is delay or non-compliance, corrective measures are planned and being implemented. | K38: ='DP MGR'!H75 -> 0 | L38: Active Monitoring & no delay Corrective Action Smoking areas are regularly patrolled and checked (cigarette butt collection, removal of unnecessary combustibles, equipment availability). If standards are not followed, the F.P. Manager gives instructions for correction and follows up until completion. | M38: ='DP MGR'!H76 -> 0 | N38: Fully Controlled / Best Practice All smoking areas are compliant: cigarette butts are collected in noncombustible containers, unnecessary combustible materials are not placed, and smokers fully understand and comply with smoking rules. If standards are not followed, the site takes immediate corrective action or considers closing the smoking area. (Genba) | O38: ='DP MGR'!H77 -> 0 | Q38: 防災 | R38: =G38 -> 0 | S38: =I38 -> 0 | T38: =K38 -> 0 | U38: =M38 -> 0 | V38: =O38 -> 0 | W38: =IF(R38="No",1,IF(S38="No",1,IF(T38="No",2,IF(U38="No",3,IF(V38="No",4,5))))) -> 5 | X38: =IF(W38<2,"C",IF(W38<3,"B-",IF(W38<4,"B",IF(W38<5,"B+",IF(W38=5,"A",""))))) -> A | Y38: 順守推進
D39: 24 | E39: Duct inspection and cleaning | F39: Not Inspected / No Plan Ducts are not inspected/cleaned regularly, or inspections are performed but there is no plan to solve the identified problems. Inspection holes for ducts are not installed, or there is no control standard for inspection/cleaning. | G39: ='DP MGR'!H78 -> 0 | H39: Inspection but Delayed / Incomplete Inspections and cleaning are carried out, and accumulation is checked. However, when NG conditions are found, there is no plan to improve, or a plan exists but is delayed with no recovery plan. | I39: ='DP MGR'!H79 -> 0 | J39: Planned & Ongoing Measures There is a plan for duct inspection and cleaning. Accumulated dust/combustible materials are measured and cleaned according to the plan. No NG is found, or NG is found but with a clear improvement plan that is being executed on schedule. | K39: ='DP MGR'!H80 -> 0 | L39: Analyze for root cause and improve There is a plan for duct inspection and cleaning and action as plan or ahead plan. When problems are identified (e.g., excess accumulation, foreign materials, risk of ignition), have investigate for the root cause/ analyze for proper improvement | M39: ='DP MGR'!H81 -> 0 | N39: Fully Controlled / No Defects (no dust accumulated over std.) There are no issues found, or all identified problems have been completely solved. Inspection and cleaning are conducted according to standards, and ducts are within control values. All records are complete, including photos, inspection frequencies, and review by management. The duct system is managed under continuous improvement (lessons learned from past duct fires are applied). | O39: ='DP MGR'!H82 -> 0 | Q39: 防災 | R39: =G39 -> 0 | S39: =I39 -> 0 | T39: =K39 -> 0 | U39: =M39 -> 0 | V39: =O39 -> 0 | W39: =IF(R39="No",1,IF(S39="No",1,IF(T39="No",2,IF(U39="No",3,IF(V39="No",4,5))))) -> 5 | X39: =IF(W39<2,"C",IF(W39<3,"B-",IF(W39<4,"B",IF(W39<5,"B+",IF(W39=5,"A",""))))) -> A | Y39: 順守推進
D40: 25 | E40: Control of unattended areas | F40: Not Inspected / No Plan Unattended areas are not inspected regularly, or inspections are performed but there is no plan to solve the identified problems. Firefighting equipment (e.g., fire alarms, fire extinguishers) in unattended areas has defects.※Confirm where is designated as unattended areas in the site. (DP Manager) | G40: ='DP MGR'!H83 -> 0 | H40: Inspection but Plan Delayed Inspections are carried out and measures to solve problems are planned, but the plan is delayed and not reviewed to catch up. Firefighting equipment in unattended areas has no defect. ※Check min. 1 site where the inspection was carried out. (DP Manager) | I40: ='DP MGR'!H84 -> 0 | J40: Planned & Ongoing Measures There is a plan to solve problems, and measures are being implemented as planned. If the plan is delayed with adequate reason, it is reviewed and measures are executed according to the revised plan (the measure is ongoing). Firefighting equipment in unattended areas has no defect.(DP Manager) | K40: ='DP MGR'!H85 -> 0 | L40: Immediate Action When problems are found, corrective measures are developed and promptly moved forward (the measure is ongoing). Firefighting equipment in unattended areas has no defect.(DP Manager) | M40: ='DP MGR'!H86 -> 0 | N40: Fully Controlled / No Defects There are no problems, or all previously identified problems have already been solved and no defects are detected. ※Check min. 1 example of the completed measures on-site. (DP Manager) | O40: ='DP MGR'!H87 -> 0 | Q40: 防災 | R40: =G40 -> 0 | S40: =I40 -> 0 | T40: =K40 -> 0 | U40: =M40 -> 0 | V40: =O40 -> 0 | W40: =IF(R40="No",1,IF(S40="No",1,IF(T40="No",2,IF(U40="No",3,IF(V40="No",4,5))))) -> 5 | X40: =IF(W40<2,"C",IF(W40<3,"B-",IF(W40<4,"B",IF(W40<5,"B+",IF(W40=5,"A",""))))) -> A | Y40: 順守推進
D41: 26 | E41: Mixing MUST-11 Items – Self-check | F41: Self-check planned Mixing MUST-11 items have been self-checked according to the annual plan. There is a plan in place for any non-conformities detected during the self-check. (SVs) | G41: =SV!H25 -> 0 | H41: Plan Exists but Delayed / no recovery plan There are plans for the self-check and countermeasures, but the plan is delayed. There is no corrective action for the delay. (SVs) | I41: =SV!H26 -> 0 | J41: Check as plan & Ongoing Measures There is a plan for countermeasures based on the self-check, and actions are being carried out according to the plan. Or, if there is a delay, a corrective plan has been established and is ongoing. (SVs) | K41: =SV!H27 -> 0 | L41: Countermeasures action ahead plan (not yet completed) There is a plan for countermeasures from the self-check, and actions are progressing ahead of the plan, but not yet completed. (SVs) | M41: =SV!H28 -> 0 | N41: Fully Completed / No Defects The self-check has been fully completed according to the plan. There are no defects, or all findings have already been resolved with approval by plant manager or above. (SVs) | O41: =SV!H29 -> 0 | Q41: 防災 | R41: =G41 -> 0 | S41: =I41 -> 0 | T41: =K41 -> 0 | U41: =M41 -> 0 | V41: =O41 -> 0 | W41: =IF(R41="No",1,IF(S41="No",1,IF(T41="No",2,IF(U41="No",3,IF(V41="No",4,5))))) -> 5 | X41: =IF(W41<2,"C",IF(W41<3,"B-",IF(W41<4,"B",IF(W41<5,"B+",IF(W41=5,"A",""))))) -> A | Y41: 順守推進
D42: 27 | E42: Mixing MUST-11 Items Training | F42: Training Conducted / Not Conducted Training on Mixing MUST-11 is provided to employees involved in Mixing MUST-11. ※ If training is conducted → “YES” ※ If training is not conducted → “NO” SVs | G42: =SV!H30 -> 0 | H42: Annual Training 100% Coverage Training on Mixing MUST-11 is provided to all employees involved, at least once per year, including new employee training. (Operator) | I42: =OP!H18 -> 0 | J42: Understanding & Explanation Employees involved in Mixing MUST-11 understand the requirements and can explain the key points of Mixing MUST-11 within their work standards. (Operator) | K42: =OP!H19 -> 0 | L42: Compliance onsite & OP Feedback Manufacturing managers, chiefs, and supervisors conduct patrols and on-site checks to ensure compliance with Mixing MUST-11 rules. They provide feedback from the patrol results to operators. SVs | M42: =SV!H31 -> 0 | N42: Example improvement proposal from OP Employees involved in Mixing MUST-11 can present at least one example of an improvement related to Mixing MUST-11 that was proposed and implemented by themselves. (Operator) | O42: =OP!H20 -> 0 | Q42: 防災 | R42: =G42 -> 0 | S42: =I42 -> 0 | T42: =K42 -> 0 | U42: =M42 -> 0 | V42: =O42 -> 0 | W42: =IF(R42="No",1,IF(S42="No",1,IF(T42="No",2,IF(U42="No",3,IF(V42="No",4,5))))) -> 5 | X42: =IF(W42<2,"C",IF(W42<3,"B-",IF(W42<4,"B",IF(W42<5,"B+",IF(W42=5,"A",""))))) -> A | Y42: 順守推進
D43: 28 | E43: Fire wall/ shutter door inspection | F43: Not Standardized/ / No Inspection Plan There is no map, control number, or inspection plan for fire doors/shutters. No function check is performed. (DP Manager) | G43: ='DP MGR'!H88 -> 0 | H43: Standardized & Planned for inspection Control numbers are assigned, a map of all fire doors/shutters is prepared, and an inspection plan is established but inspection delay plan (DP Manager) | I43: ='DP MGR'!H89 -> 0 | J43: Inspections Conducted but delay Monthly inspections are carried out around all fire doors/shutters to ensure that no objects or machines are placed underneath. If a delay in the corrective plan exists, or NG conditions are found without countermeasures, it is still recorded under this level. (DP Manager) | K43: ='DP MGR'!H90 -> 0 | L43: Inspection done and clear plan for improvement Monthly inspections are carried out around all fire doors/shutters to ensure that no objects or machines are placed underneath, and to check that no combustibles are placed within 1 meter of fire shutters. All NG items are identified with clear countermeasures, and improvement actions are ongoing. (DP Manager) | M43: ='DP MGR'!H91 -> 0 | N43: Fully Controlled All inspections are completed ahead of schedule or according to the plan. No NG items remain, and on-site (Genba) confirmation shows full compliance with fire door/shutter requirements. | O43: ='DP MGR'!H92 -> 0 | Q43: 防災 | R43: =G43 -> 0 | S43: =I43 -> 0 | T43: =K43 -> 0 | U43: =M43 -> 0 | V43: =O43 -> 0 | W43: =IF(R43="No",1,IF(S43="No",1,IF(T43="No",2,IF(U43="No",3,IF(V43="No",4,5))))) -> 5 | X43: =IF(W43<2,"C",IF(W43<3,"B-",IF(W43<4,"B",IF(W43<5,"B+",IF(W43=5,"A",""))))) -> A | Y43: 順守推進
D44: 29 | E44: Fire prevention control for kitchen | F44: Not Standardized / No Plan There is no standard or plan for kitchen fire prevention. Main gas taps are not checked after cooking, gas leak detectors are not installed or expired, and no function test is conducted. | G44: ='DP MGR'!H93 -> 0 | H44: Standardized but No Records Periodic inspection/checking has been standardized for: Closing the main gas tap after cooking Gas leak detector expiration date check Gas function test However, there are no actual records to confirm that inspections are being conducted. | I44: ='DP MGR'!H94 -> 0 | J44: Improvement done or with recovery plan There are actual records of periodic inspection/checking at the facility kitchen. Any issues found during inspections have already been corrected, or a recovery plan has been established and is being implemented. | K44: ='DP MGR'!H95 -> 0 | L44: Improvement done ahead plan There are actual records of periodic inspection/checking at the facility kitchen. Any issues found during inspections have already been completed ahead plan. No unresolved defects remain on-site (Genba) without a clear plan. | M44: ='DP MGR'!H96 -> 0 | N44: Fully Controlled / Continuous Improvement Kitchen fire prevention is fully controlled: All inspections are completed according to standards No defects are found, or all previous findings have been resolved Lessons learned are applied, and continuous improvement measures are implemented (e.g., upgrading detectors, awareness training for staff). | O44: ='DP MGR'!H97 -> 0 | Q44: 防災 | R44: =G44 -> 0 | S44: =I44 -> 0 | T44: =K44 -> 0 | U44: =M44 -> 0 | V44: =O44 -> 0 | W44: =IF(R44="No",1,IF(S44="No",1,IF(T44="No",2,IF(U44="No",3,IF(V44="No",4,5))))) -> 5 | X44: =IF(W44<2,"C",IF(W44<3,"B-",IF(W44<4,"B",IF(W44<5,"B+",IF(W44=5,"A",""))))) -> A | Y44: 順守推進
C45: Integration/ Incorporation | D45: 30 | E45: DP Organization | F45: Not Assigned There is no an EHS Manager assigned. (DP manager) | G45: ='DP MGR'!H98 -> 0 | H45: Manager with Multiple Roles There is an EHS Manager, but he/she also holds multiple roles in the plant. (DP manager) | I45: ='DP MGR'!H99 -> 0 | J45: Exclusive Safety/DP Manager + Staff Assigned The Safety/DP Manager’s role is an exclusive duty (managing only safety and DP, with no other jobs assigned). Additionally, a safety staff is assigned in the plant. (DP Manager) | K45: ='DP MGR'!H100 -> 0 | L45: Exclusive Manager + Exclusive Safety Staff The Safety/DP Manager’s role is exclusive duty (managing only safety and DP). The Safety Staff’s role is also exclusive duty.(DP Manager) | M45: ='DP MGR'!H101 -> 0 | N45: Experienced Exclusive Manager + Staff The Safety/DP Manager’s role is exclusive duty (managing only safety and DP). He/she has more than three years of relevant experience. (DP Manager) | O45: ='DP MGR'!H102 -> 0 | Q45: 防災 | R45: =G45 -> 0 | S45: =I45 -> 0 | T45: =K45 -> 0 | U45: =M45 -> 0 | V45: =O45 -> 0 | W45: =IF(R45="No",1,IF(S45="No",1,IF(T45="No",2,IF(U45="No",3,IF(V45="No",4,5))))) -> 5 | X45: =IF(W45<2,"C",IF(W45<3,"B-",IF(W45<4,"B",IF(W45<5,"B+",IF(W45=5,"A",""))))) -> A | Y45: ガバナンス
D46: 31 | E46: DP inspector | F46: Not Assigned There is no DP Inspector assigned in the plant. (DP Manager) | G46: ='DP MGR'!H103 -> 0 | H46: Assigned with unclear role/ not full time inspector A DP Inspector is assigned, but he/she holds multiple roles and does not focus exclusively on inspection duties, or the manpower assigned is insufficient compared with the inspection workload. (DP Manager) | I46: ='DP MGR'!H104 -> 0 | J46: Assigned and Active DP Inspector are assigned and qualified at least 2-3 person to carries out inspection duties based on the daily, weekly, and yearly plan. Inspection records are maintained, but improvement follow-up may be limited due to insufficient knowledge or resources but can manager without concern. (DP Manager) | K46: ='DP MGR'!H105 -> 0 | L46: Assigned with Exclusive Responsibility Experienced and qualified DP Inspector are assigned with responsibility for DP inspection activities. He/she prepare/ review checksheet, conducts inspections regularly in accordance with the plan, records the results, reports and suggest for countermeasure for any defects. He/she has more than three years of relevant experience. (DP Manager) | M46: ='DP MGR'!H106 -> 0 | N46: Experienced & Continuous Improvement An experienced and trained DP Inspector is assigned with exclusive responsibility for DP inspection activities, and is qualified to act as an instructor for DP inspections. He/she conducts inspections systematically, validates countermeasures, and actively contributes to the continuous improvement of the DP program. (DP Manager) | O46: ='DP MGR'!H107 -> 0 | Q46: 防災 | R46: =G46 -> 0 | S46: =I46 -> 0 | T46: =K46 -> 0 | U46: =M46 -> 0 | V46: =O46 -> 0 | W46: =IF(R46="No",1,IF(S46="No",1,IF(T46="No",2,IF(U46="No",3,IF(V46="No",4,5))))) -> 5 | X46: =IF(W46<2,"C",IF(W46<3,"B-",IF(W46<4,"B",IF(W46<5,"B+",IF(W46=5,"A",""))))) -> A
D47: 32 | E47: Budget | F47: Not Enough Budget The budget for recurrence prevention, RA countermeasures, and working hours (human resources) is insufficient. (DP Manager) *Ask Manager (not safety) | G47: =MGR!H11 -> 0 | H47: Partial Lack of Budget There is a lack of budget for at least one area: recurrence prevention, RA countermeasures, or working hours (human resources). (DP Manager) *Ask Manager (not safety) | I47: =MGR!H12 -> 0 | J47: Budget Prepared as Planned The budget for recurrence prevention, RA countermeasures, and working hours (human resources) is adequately prepared according to the plan. (DP Manager) *Ask Manager (not safety) | K47: =MGR!H13 -> 0 | L47: Budget Implemented as Planned The allocated budget is effectively used for recurrence prevention, RA countermeasures, and other planned activities. (DP Manager) *Ask Manager (not safety) | M47: =MGR!H14 -> 0 | N47: Sufficient & Flexible Budget The budget is prepared not only for planned activities but also for sudden accidents. In the event of unexpected accidents, additional budget is secured, enabling recurrence prevention, RA countermeasures, and other activities to be implemented ahead of schedule. (DP Manager) | O47: ='DP MGR'!H108 -> 0 | Q47: 防災 | R47: =G47 -> 0 | S47: =I47 -> 0 | T47: =K47 -> 0 | U47: =M47 -> 0 | V47: =O47 -> 0 | W47: =IF(R47="No",1,IF(S47="No",1,IF(T47="No",2,IF(U47="No",3,IF(V47="No",4,5))))) -> 5 | X47: =IF(W47<2,"C",IF(W47<3,"B-",IF(W47<4,"B",IF(W47<5,"B+",IF(W47=5,"A",""))))) -> A | Y47: ガバナンス
E51: 文書管理 | F51: 回答者は、最新の政府が発行した安全要求を提示できる。 | H51: 管理者は、必須の安全文書とそうでないものをリストで提示できる。 | J51: 全ての安全衛生に関する事業所の標準は管理者がいる。また、3人の回答者は、割り当てられた安全文書がどのように最新版管理されているか説明できる。 | L51: 安全衛生に関する文書・記録の一覧表は定期的に見直されて最新版管理されている。（不要な重複の廃棄・文書管理者の更新・表示形式の統一） | N51: 他事業所/業界の文書管理に関する好事例を入手し、自拠点へ落とし込みしていることを確認できる。または、他事業所と比較した結果がある。
H52: 不足している文書がないかの確認、（あれば）入手するための実施計画が記録で確認できる。 | J52: 安全衛生に関する文書・記録の管理一覧表があり、管理者によって確認・承認されている。
E53: 変更管理 | F53: 変更の起案者、審議者、承認者が任命されている。また、それぞれの役割・責任が定義されている。 | H53: 変更の起案者・審議者・承認者は、変更管理(4M変更）の教育を受けている。また、その記録がある。 | J53: 回答者は、起案された変更がどのように審議されるか説明できる。また、事業所の安全ルール・作業標準が提案内容と共に分析されている。 ３つの変更事例で、安全に関する審議と承認が確認できる。 | L53: RAは、変更管理手順の一部となっており、変更に伴う潜在的なリスク分析を行うことがRAおよび変更記録から確認できる。 | N53: 過去6か月の変更管理要求の50%のサンプルチェックにおいて、類似の変更時に他事業所で顕在化した危険源・リスク、他事業所のベストプラクティスが含まれている。
F54: 変更管理が規定された手順があり、法令確認のステップが含まれている。 | L54: 変更管理手順において、実行された未然防止の管理を提示できる。
E55: マネジメントコミットメント | H55: 少なくとも3人の技能員は、危険源や（改善の）機会を報告時に、叱責・報復が無い、またはそれを禁止するルールがある と回答した。
J56: 回答者は、自身に関係する安全の目標、どのような貢献がなされるか、説明できる。【主任】 | N56: 他事業所の変更管理に関する好事例を入手し、自拠点へ落とし込みしていることを確認できる。または、他事業所と比較した結果がある。
E57: 緊急事態計画 | F57: 自工場の緊急時対応手順の安全に関わるものは、安全機能により法令順守が確認されている。 | H57: 過去1年間、緊急事態訓練の記録がある、また訓練のレビューが完了している。 | J57: 複数のシナリオが策定されている。 | L57: 合理的に予見可能な緊急事態が特定され、訓練もそれに基づいて全てのシフトで実施されている。また、緊急事態対応手順が文書化されているか。 | N57: 回答者は、緊急事態の対応手順について、他工場の好事例を取り入れたり工夫していることを示すことができる。または、他事業所と比較した結果がある。
F58: 緊急時の対応者に期待されること、緊急時の役割に関し、文書化されている。 | H58: 緊急時対応手順は、直近の訓練レビューに基づき、更新されている。 | J58: 緊急時対応計画は、対応者が従うべき明確なルールおよびガイダンスを含んでいる。
E59: コミュニケーション | F59: 安全担当課長が、工場内で安全に関するコミュニケーションを行っているか確認する（法的要求事項、4M変更、標準改訂等）。 | H59: 入社時の安全関連の教育において、災害発生状況、重大リスクおよびその低減方法が含まれているかどうか確認する。 | J59: 技能員は、安全関連の課題（災害・ヒヤリ・不具合など）を発見した際に、だれに報告すべきかを知っているか確認する。 | L59: 技能員は、災害・ヒヤリ・不具合を管理者に報告した後、管理者からその対応について報告を受けているかどうか確認する。 | N59: 技能員が、安全に関する改善活動を行う際は、自身/自部署だけでなく、小集団・CFTで行っているかどうか確認する。
J60: 安全に関する標準は、有効性が評価され、必要に応じて改善されているかどうか確認する。 （安全に関する標準が協議/審議・及び審議意見が反映されているかどうか）

Sheet Safety cal.
B2: Legend | F2: Solidification Assessment - Safety
C3: : Items from Safety Maturity Assessment
C4: : Items that is newly added for solidification assessment
B6: Judgement Criteria
C7: ・各項目ごとの最低点を取る Pick the lowest score from each items
C8: ・各項目は、直近1年間の取り組み状況から判断する Time scope is one year from evaluating
C9: ・技能員を対象とした設問は、原則として各係・工程から1名以上選出して評価する。 Questions for operators, need to have interview at least one person from production department.
C10: ・計画対比の進捗状況について評価する設問は、評価実施時点での計画対比実施状況を見て判断する In case of question that is asking its progress, that should be evaluated at the day of evaluation.
C12: Solidification 5 items | D12: Point of Evaluation | E12: Primary Categoty | F12: Safety/ DP | G12: Secondary Categoty | H12: Current Issues Disposition | J12: Potential Risk Prevention | N12: Proactive Prevention | P12: Independent Quality Management | S12: 安全/ 防災 | T12: 判定転記 | Y12: スコア | Z12: 評価 | AA12: 3軸分類
H13: 1 | I13: Judge | J13: 2 | K13: Judge | L13: 3 | M13: Judge | N13: 4 | O13: Judge | P13: 5 | Q13: Judge | T13: 1 | U13: 2 | V13: 3 | W13: 4 | X13: 5
H14: C | J14: B- | L14: B | N14: B+ | P14: A | T14: C | U14: B- | V14: B | W14: B+ | X14: A
C15: Issue solving | D15: Quickness of issue solving Deep root cause analysis, standardization and implementation | E15: Cuntermeasures and Recurrence prevention | F15: Safety | G15: Information Sharing | H15: All teammates stated that, at least, safety manager and site leadership representative (e.g. plant manager, department manager, line manager) was involved in the root cause analysis process when a serious incident(lost-time-injury, etc.) occurred. (Leadership: Operator: No.5) | J15: All teammates can state that they are informed of recent safety incidents (injury, near-miss, etc.) in their areas and actions have been taken to address these. (Teammate Engagement: Operator: No.7) | L15: All teammates say that they are well informed and can explain how the information* communicated contributes to their safety. (System: Operator: No.64) *information: injury, near-miss etc. | N15: Teammates can provide examples of accidents which occurred on other facilities and how that information was obtained. (System: Operator: No.110) | P15: H&S risks/measures of other departments have been shared at the safety meeting in your department. (Teammate Engagement: Operator: No.17) | S15: 安全 | T15: =I15 -> 0 | U15: =K15 -> 0 | V15: =M15 -> 0 | W15: =O15 -> 0 | X15: =Q15 -> 0 | Y15: =IF(T15="No",1,IF(U15="No",1,IF(V15="No",2,IF(W15="No",3,IF(X15="No",4,5))))) -> 5 | Z15: =IF(Y15<2,"C",IF(Y15<3,"B-",IF(Y15<4,"B",IF(Y15<5,"B+",IF(Y15=5,"A",""))))) -> A | AA15: ガバナンス
F16: Safety | G16: Recurrence Prevention | H16: There is evidence that actions have been taken to prevent recurring incidents. And SVs can explain it. And also, confirm at least one example at GENBA. (System: Safety Manager: No.30) *Ask SVs | J16: A sample of 3 teammates, at least 1 (more than 33%) said they take part in the actions required to prevent safety accidents and provide feedback if these actions are not appropriate or useful. (Teammate Engagement: Operator: No.6) | L16: The safety manager can explain what actions are required for recurrence prevention when occuring a safety accicdent. (System: Safety Manager: No.86) | N16: All teammates stated that management had taken specific actions to address hazards they reported, and these actions have been communicated to them. (safety point of view) (Organization: Operator: No.16) | P16: The safety leader can explain how such reviews are completed and why that method(s) is effective, providing feedback to SBU and assisting in determining countermeasures. (Example: Share more valid safety measreus than measures proposed by GBS/SBU) (System: Safety Manager: No.140) | S16: 安全 | T16: =I16 -> 0 | U16: =K16 -> 0 | V16: =M16 -> 0 | W16: =O16 -> 0 | X16: =Q16 -> 0 | Y16: =IF(T16="No",1,IF(U16="No",1,IF(V16="No",2,IF(W16="No",3,IF(X16="No",4,5))))) -> 5 | Z16: =IF(Y16<2,"C",IF(Y16<3,"B-",IF(Y16<4,"B",IF(Y16<5,"B+",IF(Y16=5,"A",""))))) -> A | AA16: リスク
F17: Safety | G17: Injury Reporting | H17: Issuing injury report with SBU's support. (Safety Manager) | J17: Injury report is issued by plant, but there was a delay in the due date in the guideline. (Safety Manager) | L17: Injury report is issued by plant, within the due date that is standardized in the guideline. And root cause analysis and its countermeasure has been completed and these report is issued within the due date as the guideline. (Safety Manager) | N17: Injury report is issued by plant, within the due date that is standardized in the guideline. And root cause analysis and its countermeasure has been completed and these report is issued within the due date as the guideline. Also, the countermeasure has been spreaded to similar machines/tasks. After the countermeasure is compleated, the report to SBU has been issued. (Safety Manager) | P17: Past countermeasures have been re-checked its implementation status periodically. *At least, need to check its progress within 1 year. (Safety Manager) | S17: 安全 | T17: =I17 -> 0 | U17: =K17 -> 0 | V17: =M17 -> 0 | W17: =O17 -> 0 | X17: =Q17 -> 0 | Y17: =IF(T17="No",1,IF(U17="No",1,IF(V17="No",2,IF(W17="No",3,IF(X17="No",4,5))))) -> 5 | Z17: =IF(Y17<2,"C",IF(Y17<3,"B-",IF(Y17<4,"B",IF(Y17<5,"B+",IF(Y17=5,"A",""))))) -> A | AA17: ガバナンス
F18: Safety | G18: Recurrence Prevention Process KPI | H18: There is no plan for countermeasures from outside of plant. *"Countermeasure" in this part means that is issued from BSJ7310 (Safety Manager) | J18: There is a plan for contermeasure, but there is a delay in the plan. *No corrective plan for delay. (Safety Manager) | L18: There is a plan for contermeasure, and it is on-going to the plan, but not yet completed. Or, there is a delay but corrective plan has been made for it, and it is on-going. (Safety Manager) | N18: There is a plan for contermeasure, and progressing ahead of the plan, but not yet completed. (Safety Manager) | P18: All contermeasures have been completed. (Safety Manager) | S18: 安全 | T18: =I18 -> 0 | U18: =K18 -> 0 | V18: =M18 -> 0 | W18: =O18 -> 0 | X18: =Q18 -> 0 | Y18: =IF(T18="No",1,IF(U18="No",1,IF(V18="No",2,IF(W18="No",3,IF(X18="No",4,5))))) -> 5 | Z18: =IF(Y18<2,"C",IF(Y18<3,"B-",IF(Y18<4,"B",IF(Y18<5,"B+",IF(Y18=5,"A",""))))) -> A | AA18: リスク
C19: Risk Management | D19: Symptom Management for QM defct Management and analysis of information which is exploared, issued | E19: RA | F19: Safety | G19: RA Progress | H19: There is evidence that the required risk assessments have been done or there is a plan to complete. (System: Safety Manager: No.28) | J19: There is a risk tracking that lists specific risks on site. (System: Safety Manager: No.53) | L19: There is at least one control prescribed for each risk identified. These controls are either administrative or technical by nature. The remaining risks are written in the work standard. (System: Safety Manager: No.85) | N19: The respondent is able to provide at least one recent example of bottom-up communication on hazards and risks. (System: Safety Manager: No.95) | P19: The respondent can show evidence of at least one review performed in the past 12 months where the risk assessment result/process was improved based on external best practice. (System: Safety Manager: No.139) | S19: 安全 | T19: =I19 -> 0 | U19: =K19 -> 0 | V19: =M19 -> 0 | W19: =O19 -> 0 | X19: =Q19 -> 0 | Y19: =IF(T19="No",1,IF(U19="No",1,IF(V19="No",2,IF(W19="No",3,IF(X19="No",4,5))))) -> 5 | Z19: =IF(Y19<2,"C",IF(Y19<3,"B-",IF(Y19<4,"B",IF(Y19<5,"B+",IF(Y19=5,"A",""))))) -> A | AA19: リスク
F20: Safety | G20: Equipment RA | H20: There is a plan for Machine RA. (Safety Manager) | J20: There is a plan for hardware countermeasures, but there is a delay in the plan. *No corrective plan for the delay. (Safety Manager) | L20: There is a plan for hardware countermeasures , and it is on-going to the plan. Or, there is a delay but corrective plan has been made for it, and it is on-going. (Safety Manager) | N20: There is a plan for hardware contermeasures, and progressing ahead of the plan, but not yet completed. (Safety Manager) | P20: All contermeasures have been completed. *all risks that could be countered by hardware have been reduced by hardware. (Safety Manager) | S20: 安全 | T20: =I20 -> 0 | U20: =K20 -> 0 | V20: =M20 -> 0 | W20: =O20 -> 0 | X20: =Q20 -> 0 | Y20: =IF(T20="No",1,IF(U20="No",1,IF(V20="No",2,IF(W20="No",3,IF(X20="No",4,5))))) -> 5 | Z20: =IF(Y20<2,"C",IF(Y20<3,"B-",IF(Y20<4,"B",IF(Y20<5,"B+",IF(Y20=5,"A",""))))) -> A | AA20: リスク
F21: Safety | G21: Task RA | H21: There is a plan for Task RA. (Safety Manager) | J21: There is a plan for Task RA, but there is a delay in the plan. *No corrective plan for the delay. (Safety Manager) | L21: There is a plan for Task RA, and it is on-going to the plan. Or, there is a delay but corrective plan has been made for it, and it is on-going. (Safety Manager) | N21: There is a plan for Task RA, and progressing ahead of the plan, but not yet completed. (Safety Manager) | P21: All task RA have been completed. (Safety Manager) | S21: 安全 | T21: =I21 -> 0 | U21: =K21 -> 0 | V21: =M21 -> 0 | W21: =O21 -> 0 | X21: =Q21 -> 0 | Y21: =IF(T21="No",1,IF(U21="No",1,IF(V21="No",2,IF(W21="No",3,IF(X21="No",4,5))))) -> 5 | Z21: =IF(Y21<2,"C",IF(Y21<3,"B-",IF(Y21<4,"B",IF(Y21<5,"B+",IF(Y21=5,"A",""))))) -> A | AA21: リスク
F22: Safety | G22: LOTO | H22: The basic LOTO training has been implemented anually, all operators understand basic LOTO operation. And, operator take one's own key and locks to GENBA if it is necessary. (operator) | J22: With the basic LOTO training, ECP has been trained to all operators, and they understand LOTO procedure. *ECP should be included in SOP. *ECP should be prepared for all LOTO devise (Operator) | L22: SVs can explain what operation needs LOTO in their own process, and SOP has been already prepared. (SVs) | N22: If the operator handle LOTO procedure regularly, he/she can explain its detail procedure. If the operator do not handle LOTO, he/she can explain basic LOTO rule. (Operator) | P22: LOTO method is standardized as the site's rule, and managers and/or SVs confirm its compliance by patrol or something.(GENBA) In case of instruction is needed, they could instruct it. (SVs) | S22: 安全 | T22: =I22 -> 0 | U22: =K22 -> 0 | V22: =M22 -> 0 | W22: =O22 -> 0 | X22: =Q22 -> 0 | Y22: =IF(T22="No",1,IF(U22="No",1,IF(V22="No",2,IF(W22="No",3,IF(X22="No",4,5))))) -> 5 | Z22: =IF(Y22<2,"C",IF(Y22<3,"B-",IF(Y22<4,"B",IF(Y22<5,"B+",IF(Y22=5,"A",""))))) -> A | AA22: 順守推進
F23: Safety | G23: Training | H23: Safety trainings have been given to workers when new hired and/or trasfered. (SVs) | J23: Safety training meets regional legal requirement. (SVs) | L23: Operators can work alone after their skill/knowledge is validated by the site's criteria. (SVs) | N23: Skill/knowledge training is managed by IIP for all operaters, and its criteria is clear. Also, their skill/knowledge is followed up until they achieve 100% (SVs) | P23: All operators understanding is confirmed periodically, and the confirmation step is standardized. (SVs) | S23: 安全 | T23: =I23 -> 0 | U23: =K23 -> 0 | V23: =M23 -> 0 | W23: =O23 -> 0 | X23: =Q23 -> 0 | Y23: =IF(T23="No",1,IF(U23="No",1,IF(V23="No",2,IF(W23="No",3,IF(X23="No",4,5))))) -> 5 | Z23: =IF(Y23<2,"C",IF(Y23<3,"B-",IF(Y23<4,"B",IF(Y23<5,"B+",IF(Y23=5,"A",""))))) -> A | AA23: 順守推進
C24: Business Strategy Adjustment | D24: Fundamental enhancement by Cpk and COPQ analysis QM management assurerance across value chain | E24: Management System | F24: Safety | G24: Policy/ Purpose/ Target | H24: Safety policy/target has not been issued. (Safety Manager) | J24: OH&S policy has been established at site. And the manager can explain it. (System: Plant Manager: No.9) | L24: Management can describe and explain the site's OH&S objectives and goals. (System: Manager: No.66) | N24: The plan contains goals to be achieved which are relevant to the incidents and risks identified by the SBU. (System: Manager: No.98) | P24: There is evidence of OH&S benchmarking with other sites. (System: Safety Manager: No.123) | S24: 安全 | T24: =I24 -> 0 | U24: =K24 -> 0 | V24: =M24 -> 0 | W24: =O24 -> 0 | X24: =Q24 -> 0 | Y24: =IF(T24="No",1,IF(U24="No",1,IF(V24="No",2,IF(W24="No",3,IF(X24="No",4,5))))) -> 5 | Z24: =IF(Y24<2,"C",IF(Y24<3,"B-",IF(Y24<4,"B",IF(Y24<5,"B+",IF(Y24=5,"A",""))))) -> A | AA24: ガバナンス
F25: Safety | G25: Implementation Plan | H25: There is no implementation plan for safety. (Safety Manager) | J25: There are documented OH&S action plans and evidence of OH&S results tracking. (System: Plant Manager: No.10) | L25: Safety KPIs are tracked at plant, department and line level. To solve issues on H&S, site leadership follow safety KPIs, and give directions to review the safety program if necessary. (Leadership: Plant Manager: No.6) | N25: Safety KPIs are tracked positively at plant, department and line level - using "Leading indicators"(e.g. Progress of RA, KPI for 3S activity, etc.) Site leadership follow not only lagging indicator(e.g. # of injuries), but also leading indicators, and give directions to review and/or improve safety programs if necessary. (Leadership: Plant Manager: No.14) | P25: The Plant Manager can describe his/her OH&S strategy and its goals, and how it will be implemented and the goals achieved. And, the strategy has been reviewed quarterly - its progress, validity. Also, revision/instruction for the starategy result have been implemented by plant manager. (Leadership: Plant manager: No.21) | S25: 安全 | T25: =I25 -> 0 | U25: =K25 -> 0 | V25: =M25 -> 0 | W25: =O25 -> 0 | X25: =Q25 -> 0 | Y25: =IF(T25="No",1,IF(U25="No",1,IF(V25="No",2,IF(W25="No",3,IF(X25="No",4,5))))) -> 5 | Z25: =IF(Y25<2,"C",IF(Y25<3,"B-",IF(Y25<4,"B",IF(Y25<5,"B+",IF(Y25=5,"A",""))))) -> A | AA25: ガバナンス
F26: Safety | G26: Audit | H26: Internal/external audit has not been conducted. (Safety Manager) | J26: Internal audit has been conducted, and its report could be found. But, it is not enough to follow up the findings. (System: Safety Manager: No.47) | L26: Items/Non-Conformities pointed out at the internal audits were improved or planed to improve them. (System: Safety Manager: No.77) | N26: OFIs found at last internal audit have been improved or have been planed to improve. (System: Safety Manager: No.106) | P26: Regarding the safety management system in the plant, the H&S manager can explain evaluation results by third party, feedback, and the actions. (Organization: Safety Manager: No.20) | S26: 安全 | T26: =I26 -> 0 | U26: =K26 -> 0 | V26: =M26 -> 0 | W26: =O26 -> 0 | X26: =Q26 -> 0 | Y26: =IF(T26="No",1,IF(U26="No",1,IF(V26="No",2,IF(W26="No",3,IF(X26="No",4,5))))) -> 5 | Z26: =IF(Y26<2,"C",IF(Y26<3,"B-",IF(Y26<4,"B",IF(Y26<5,"B+",IF(Y26=5,"A",""))))) -> A | AA26: ガバナンス
C27: Independency and Continuity | D27: Awareness and knowledge for QM | E27: Independent implementation of BSFA | F27: Safety | G27: BSFA Training | H27: All teammates are taking BSFA training more than annually. (Operator) | J27: All teammates are taking BSFA training more than annually, but the material is not the latest version. (Safety Manager) | L27: All teammates are taking BSFA training more than annually, and the material is the latest version. *Confirm the the material and training records *In case that the material is not updated, if the site have a plan for the training, this item could be judged "Yes". (Safety Manager) | N27: After the BSFA training, all teammates' understandings are validated in GENBA situation by manager or supervisor. (Safety Manager) | P27: After the BSFA training, all teammates' understandings are validated in GENBA situation by manager or supervisor, and all teammates could answer correctly. (Safety Manager) | S27: 安全 | T27: =I27 -> 0 | U27: =K27 -> 0 | V27: =M27 -> 0 | W27: =O27 -> 0 | X27: =Q27 -> 0 | Y27: =IF(T27="No",1,IF(U27="No",1,IF(V27="No",2,IF(W27="No",3,IF(X27="No",4,5))))) -> 5 | Z27: =IF(Y27<2,"C",IF(Y27<3,"B-",IF(Y27<4,"B",IF(Y27<5,"B+",IF(Y27=5,"A",""))))) -> A | AA27: 順守推進
F28: Safety | G28: 3S | H28: 3S Documents are displayed in work areas, and there is evidence of this being followed. And, self-check has been implemented. (System: Operator: No.19) | J28: There is an officially appointed 3S leader on site. There is evidence of 3S inspections and recommended actions to improve 3S. (System: Safety Manager: No.44+45) | L28: The 3S Visual Standard was prepared and all inspected work areas were cleaned (no debris on floor, no spillages) as defined in the 3S visual standard, and there were no unnecessary objects that were not currently in use in the work area. *work area: production area and office (System: Operator: No.75) | N28: 3S activity for the improvement of 3S level has been proceeded. (or Improvement of 3S level can be confirmed, or 3s level is over 4.) (System: Operator: No.105) | P28: The best practices on 3S have been gathered from other plants/industry, and it has been incorporated into the site procedure. or There is a evidence of the comparison with other plants. (System: Safety Manager: No.133) | S28: 安全 | T28: =I28 -> 0 | U28: =K28 -> 0 | V28: =M28 -> 0 | W28: =O28 -> 0 | X28: =Q28 -> 0 | Y28: =IF(T28="No",1,IF(U28="No",1,IF(V28="No",2,IF(W28="No",3,IF(X28="No",4,5))))) -> 5 | Z28: =IF(Y28<2,"C",IF(Y28<3,"B-",IF(Y28<4,"B",IF(Y28<5,"B+",IF(Y28=5,"A",""))))) -> A | AA28: リスク
F29: Safety | G29: KYT/ Practical KYT | H29: KYT has not been implemented. (Safety Manager) *Ask SVs | J29: There is evidence of a defined KY process that been communicated with all staff at least once in the past year. (System: Manager: No.26) | L29: There is an officially appointed KY leader and KY representatives on site. (System: Manager: No.55) | N29: KYT records show that all teammates and temporary staff have submitted a KYT within the last 3 months. KYT records indicate that KYT is completed periodically in accordance with SBU and/or site standard by everyone on site. (System: Safety Manager: No.83+112) | P29: The KYT activity is evaluated and opportunity for inprovement is discussed with the plant manager annually. (System: Safety Manager: No.113) | S29: 安全 | T29: =I29 -> 0 | U29: =K29 -> 0 | V29: =M29 -> 0 | W29: =O29 -> 0 | X29: =Q29 -> 0 | Y29: =IF(T29="No",1,IF(U29="No",1,IF(V29="No",2,IF(W29="No",3,IF(X29="No",4,5))))) -> 5 | Z29: =IF(Y29<2,"C",IF(Y29<3,"B-",IF(Y29<4,"B",IF(Y29<5,"B+",IF(Y29=5,"A",""))))) -> A | AA29: 順守推進
F30: Safety | G30: Autonomously KY | H30: Autonomously KY has not been conducted. (SVs) | J30: Autonomously KY has been conducted but it is conducted by group. (not individual) (Operator) | L30: All teammates conduct autonomously KY everyday, decide KY point and its action to avoid. (need to check evidence) (Operator) | N30: SVs or leaders conduct GENBA patrol to confirm autonomously KY result, and instruct teammates if needed. (Operator) | P30: Visualized the reslut of autonomously KY (making a map), promoted KAIZEN activity besed on the result. Operators can explain an example of KAIZEN activity that is based on autononously KY. *update safety rule, machinery update, etc. *if the site has the system to manage bottom up KAIZEN cycle as from KY activity, this item could be judged "Yes" (Operator) | S30: 安全 | T30: =I30 -> 0 | U30: =K30 -> 0 | V30: =M30 -> 0 | W30: =O30 -> 0 | X30: =Q30 -> 0 | Y30: =IF(T30="No",1,IF(U30="No",1,IF(V30="No",2,IF(W30="No",3,IF(X30="No",4,5))))) -> 5 | Z30: =IF(Y30<2,"C",IF(Y30<3,"B-",IF(Y30<4,"B",IF(Y30<5,"B+",IF(Y30=5,"A",""))))) -> A | AA30: リスク
F31: Safety | G31: RA | H31: All teammates recognize the H&S risks applicable in their areas and confirmed these were addressed in trainings. (Teammate Engagement: Operator: No.1) | J31: A sample of 3 teammates could all state that they took the traning on residual risks based on the work standard. (Teammate Engagement: Operator: No.11) | L31: A sample of 3 teammates could all describe and explain the greatest potential H&S risks in their work, and what controls they use or are in place to mitigate these risks. (Teammate Engagement: Operator: No.13) | N31: In a sample of 3 teammates, at least one have participated RA process, and he/she could explain a full and accurate Risk Assessment. (Teammate Engagement: Operator: No.14) | P31: H&S risks/measures of other departments have been shared at the safety meeting in your department. (Teammate Engagement: Operator: No.17) | S31: 安全 | T31: =I31 -> 0 | U31: =K31 -> 0 | V31: =M31 -> 0 | W31: =O31 -> 0 | X31: =Q31 -> 0 | Y31: =IF(T31="No",1,IF(U31="No",1,IF(V31="No",2,IF(W31="No",3,IF(X31="No",4,5))))) -> 5 | Z31: =IF(Y31<2,"C",IF(Y31<3,"B-",IF(Y31<4,"B",IF(Y31<5,"B+",IF(Y31=5,"A",""))))) -> A | AA31: リスク
F32: Safety | G32: Safety Rule | H32: All operators shows understanding of the applicable All Bridgestone Safety Rules in their areas. (System: Operator: No.13) | J32: The respondent can clearly indicate how Site Safety Rules are reviewed and improved. (System: Safety Manager: No.41) | L32: All teammates can demonstrate knowledge of the Safety Rules and explain key points on safety in the work standard. (System: Operator: No.70) | N32: Line-management conducts floor observations(e.g. site tours) and provide feedbacks to teammates to ensure adherence to safety rules, such as procedures, standards, etc. (Leadership: SVs: No.9) | P32: The respondent explains that feedback is used to make tangible changes in the Safety Rules and can give at least 1 recent example. （Examples of FB: Responsed to proposed safety rules. Teammates can work based on the safety rules, or require changes due to dificulties to work based on the rules, etc.) (System: Operator: No.128) | S32: 安全 | T32: =I32 -> 0 | U32: =K32 -> 0 | V32: =M32 -> 0 | W32: =O32 -> 0 | X32: =Q32 -> 0 | Y32: =IF(T32="No",1,IF(U32="No",1,IF(V32="No",2,IF(W32="No",3,IF(X32="No",4,5))))) -> 5 | Z32: =IF(Y32<2,"C",IF(Y32<3,"B-",IF(Y32<4,"B",IF(Y32<5,"B+",IF(Y32=5,"A",""))))) -> A | AA32: 順守推進
F33: Safety | G33: 4M Change Management | H33: 4M change process is standardized/documented at the site. (Safety Manager) | J33: 4M change process is standardized/documented at the site, and EHS manager confirm/approve it as a system. (Safety Manager) | L33: In 4M change process, RA before/after the change by EHS team is standardized, and could see the evidence. *at leastt one example should be validated (Safety Manager) | N33: The changing point is valiadted not only by documents documents or pictures, but by GENBA validation. (Safety Manager) | P33: After the change, EHS team confirm whether there is any problem or not as intial management. (Safety manager) | S33: 安全 | T33: =I33 -> 0 | U33: =K33 -> 0 | V33: =M33 -> 0 | W33: =O33 -> 0 | X33: =Q33 -> 0 | Y33: =IF(T33="No",1,IF(U33="No",1,IF(V33="No",2,IF(W33="No",3,IF(X33="No",4,5))))) -> 5 | Z33: =IF(Y33<2,"C",IF(Y33<3,"B-",IF(Y33<4,"B",IF(Y33<5,"B+",IF(Y33=5,"A",""))))) -> A | AA33: リスク
E34: Autonomously Managemet System | F34: Safety | G34: Management System: P | H34: There is no IIP for Safety. (Safety Manager) | J34: Safety IIP is issued only by top-management and safety committee, and the plan is deployed in plant. Or, the plan is approved by plant manager and issued in plant, but it was deployed not all department. (Safety Manager) | L34: Safety IIP is approved by plant manager and safety committee, and it was deployed into all department. (Safety Manager) | N34: Safety IIP is approved by plant manager and safety committee, and it was deployed into all department, and all department shared it in team. (Each department has each safety IIP) (Safety Manager) *Ask Manager (not safety) | P34: Before Safety IIP is approved by plant manager and safety committee, the plan has been discussed and built a consensus by all team. And, all teammates has been explained it and confirmed its understandings. (Safety Manager) *Ask Manager (not safety) | S34: 安全 | T34: =I34 -> 0 | U34: =K34 -> 0 | V34: =M34 -> 0 | W34: =O34 -> 0 | X34: =Q34 -> 0 | Y34: =IF(T34="No",1,IF(U34="No",1,IF(V34="No",2,IF(W34="No",3,IF(X34="No",4,5))))) -> 5 | Z34: =IF(Y34<2,"C",IF(Y34<3,"B-",IF(Y34<4,"B",IF(Y34<5,"B+",IF(Y34=5,"A",""))))) -> A | AA34: ガバナンス
F35: Safety | G35: Management System: D | H35: Safety activities have not been conducted as the IIP in plant. (Safety Manager) *Ask Manager (not safety) | J35: Almost of Safety activities have been conducted as the IIP in plant, but some activities have not. (Safety Manager) *Ask Manager (not safety) | L35: Safety activities have been conducted as the IIP in plant. (Safety Manager) *Ask Manager (not safety) | N35: Safety activities have been conducted as the IIP in plant, but it is only for direct employee. (Safety Manager) *Ask Manager (not safety) | P35: Managers lead/self-implement/follow-up/instruct safety activities as safety IIP, and all workers in plant have implemented these. (Safety Manager) *Ask Manager (not safety) | S35: 安全 | T35: =I35 -> 0 | U35: =K35 -> 0 | V35: =M35 -> 0 | W35: =O35 -> 0 | X35: =Q35 -> 0 | Y35: =IF(T35="No",1,IF(U35="No",1,IF(V35="No",2,IF(W35="No",3,IF(X35="No",4,5))))) -> 5 | Z35: =IF(Y35<2,"C",IF(Y35<3,"B-",IF(Y35<4,"B",IF(Y35<5,"B+",IF(Y35=5,"A",""))))) -> A | AA35: ガバナンス
F36: Safety | G36: Management System: C | H36: Progress of safety IIP have not been followed-up. (Safety Manager) *Ask Manager (not safety) | J36: Progress of safety IIP have been followed-up almost, but not all items. (Safety Manager) *Ask Manager (not safety) | L36: All items in Safety IIP have been followed-up. (At least once a month) (Safety Manager) *Ask Manager (not safety) | N36: All items in Safety IIP have been followed-up more than once a month, but it is not enough to check/confirm it in GENBA. *No evidence to check/confirm in GENBA (Safety Manager) *Ask Manager (not safety) | P36: Progress of Safety IIP have been followed-up by management team, including SVs, and it has been checked/confirmed in GENBA. (Manager, SV) *Ask Manager (not safety) | S36: 安全 | T36: =I36 -> 0 | U36: =K36 -> 0 | V36: =M36 -> 0 | W36: =O36 -> 0 | X36: =Q36 -> 0 | Y36: =IF(T36="No",1,IF(U36="No",1,IF(V36="No",2,IF(W36="No",3,IF(X36="No",4,5))))) -> 5 | Z36: =IF(Y36<2,"C",IF(Y36<3,"B-",IF(Y36<4,"B",IF(Y36<5,"B+",IF(Y36=5,"A",""))))) -> A | AA36: ガバナンス
F37: Safety | G37: Management System: A | H37: Safety IIP has been followed-up but review/re-thinking has not been done, issued/OFI have not been extracted. (Safety Manager) *Ask Manager (not safety) | J37: Safety IIP has been followed-up, and review/re-thinking has not been done, also, issued/OFI have been extracted, but not for all item. (Safety Manager) *Ask Manager (not safety) | L37: Safety IIP has been followed-up, and review/re-thinking has not been done, also, issued/OFI have been extracted, but safety activities have not evolved. (just backing-up or revise frequency) (Safety Manager) *Ask Manager (not safety) | N37: Safety IIP has been followed-up, and review/re-thinking has not been done, also, issued/OFI have been extracted, resulting in safety activities have evolved. But, these activities have not been standardized. (Safety Manager) *Ask Manager (not safety) | P37: Safety IIP has been followed-up, and review/re-thinking has not been done, also, issued/OFI have been extracted, resulting in safety activities have evolved. And, these activities have been standardized to keep it going. (Safety Manager) *Ask Manager (not safety) | S37: 安全 | T37: =I37 -> 0 | U37: =K37 -> 0 | V37: =M37 -> 0 | W37: =O37 -> 0 | X37: =Q37 -> 0 | Y37: =IF(T37="No",1,IF(U37="No",1,IF(V37="No",2,IF(W37="No",3,IF(X37="No",4,5))))) -> 5 | Z37: =IF(Y37<2,"C",IF(Y37<3,"B-",IF(Y37<4,"B",IF(Y37<5,"B+",IF(Y37=5,"A",""))))) -> A | AA37: ガバナンス
C38: Integration/ Incorporation | D38: Resource and Organization for QM | E38: Plant Management | F38: Safety | G38: Safety Organization | H38: There is a EHS manager. (Safety manager) | J38: There is a EHS manager but he/she has multiple role. (Safety manager) | L38: Safety/DP Manager's role is exclusive duty in plant. (Safety/DP Manager is managing only safety and DP, and no any other jobs are assigned.) And, a safety staff is asigned in plant. (Safety Manager) | N38: Safety/DP Manager's role is exclusive duty in plant. (Safety/DP Manager is managing only safety and DP, and no any other jobs are assigned.) And, a safety staff's role also exclusive duty. (Safety Manager) | P38: Safety/DP Manager's role is exclusive duty in plant. (Safety/DP Manager is managing only safety and DP, and no any other jobs are assigned.) And, his/her experiece is more than three years. (Safety Manager) | S38: 安全 | T38: =I38 -> 0 | U38: =K38 -> 0 | V38: =M38 -> 0 | W38: =O38 -> 0 | X38: =Q38 -> 0 | Y38: =IF(T38="No",1,IF(U38="No",1,IF(V38="No",2,IF(W38="No",3,IF(X38="No",4,5))))) -> 5 | Z38: =IF(Y38<2,"C",IF(Y38<3,"B-",IF(Y38<4,"B",IF(Y38<5,"B+",IF(Y38=5,"A",""))))) -> A | AA38: ガバナンス
F39: Safety | G39: SE | H39: There is no Safety Engineer (SE). (Safety Manager) | J39: SE has multiple roles. (Safety Manager) | L39: There is a SE exclusive staff. (Safety Manager) | N39: SE has a official license certified by government. (Safety Manager) | P39: There are SEs (two or more), and they do not have multiple role. (Safety Manager) | S39: 安全 | T39: =I39 -> 0 | U39: =K39 -> 0 | V39: =M39 -> 0 | W39: =O39 -> 0 | X39: =Q39 -> 0 | Y39: =IF(T39="No",1,IF(U39="No",1,IF(V39="No",2,IF(W39="No",3,IF(X39="No",4,5))))) -> 5 | Z39: =IF(Y39<2,"C",IF(Y39<3,"B-",IF(Y39<4,"B",IF(Y39<5,"B+",IF(Y39=5,"A",""))))) -> A | AA39: ガバナンス
F40: Safety | G40: Budget | H40: Budget for recurrence prevention, RA countermeasure, and working hours (human resource) is not enough. (Safety Manager) *Ask Manager (not safety) | J40: There is a lack of budget for either recurrence prevention, RA countermeasure, and working hours(human resource). (Safety Manager) | L40: Budget for recurrence prevention, RA countermeasure, and working hours (human resource) is prepared enough as plan. (Safety Manager) *Ask Manager (not safety) | N40: Budget is used for recurrence prevention, RA countermeasure, and any other activities as planed. (Safety Manager) *Ask Manager (not safety) | P40: Budget is prepared even for sudden accidents. Or, in case of sudden accidents, additional budget is obtained, and recurrence prevention, RA countermeasure, and any other activities are implemented ahead of schedule. (Safety Manager) | S40: 安全 | T40: =I40 -> 0 | U40: =K40 -> 0 | V40: =M40 -> 0 | W40: =O40 -> 0 | X40: =Q40 -> 0 | Y40: =IF(T40="No",1,IF(U40="No",1,IF(V40="No",2,IF(W40="No",3,IF(X40="No",4,5))))) -> 5 | Z40: =IF(Y40<2,"C",IF(Y40<3,"B-",IF(Y40<4,"B",IF(Y40<5,"B+",IF(Y40=5,"A",""))))) -> A | AA40: ガバナンス
C42: TBD | F42: 安全 | G42: BSFA インストラクター | H42: インストラクターがいない。 | J42: 拠点にマスターインストラクターはいないが、GBSまたはSBUによるインストラクター教育を受講経験のあるものが、安全防災機能に1名以上配置されている。 | L42: マスターインストラクターが1名以上配置されている。 | N42: マスターインストラクターによる教育が実施されているが、全部署には教育・認定がされていない。 | P42: 各部署のマネージャー全員がマスターインストラクター教育を受講しており、認定されている。
G49: 文書管理 | H49: 回答者は、最新の政府が発行した安全要求を提示できる。 | J49: 管理者は、必須の安全文書とそうでないものをリストで提示できる。 | L49: 全ての安全衛生に関する事業所の標準は管理者がいる。また、3人の回答者は、割り当てられた安全文書がどのように最新版管理されているか説明できる。 | N49: 安全衛生に関する文書・記録の一覧表は定期的に見直されて最新版管理されている。（不要な重複の廃棄・文書管理者の更新・表示形式の統一） | P49: 他事業所/業界の文書管理に関する好事例を入手し、自拠点へ落とし込みしていることを確認できる。または、他事業所と比較した結果がある。
J50: 不足している文書がないかの確認、（あれば）入手するための実施計画が記録で確認できる。 | L50: 安全衛生に関する文書・記録の管理一覧表があり、管理者によって確認・承認されている。
G51: 変更管理 | H51: 変更の起案者、審議者、承認者が任命されている。また、それぞれの役割・責任が定義されている。 | J51: 変更の起案者・審議者・承認者は、変更管理(4M変更）の教育を受けている。また、その記録がある。 | L51: 回答者は、起案された変更がどのように審議されるか説明できる。また、事業所の安全ルール・作業標準が提案内容と共に分析されている。 ３つの変更事例で、安全に関する審議と承認が確認できる。 | N51: RAは、変更管理手順の一部となっており、変更に伴う潜在的なリスク分析を行うことがRAおよび変更記録から確認できる。 | P51: 過去6か月の変更管理要求の50%のサンプルチェックにおいて、類似の変更時に他事業所で顕在化した危険源・リスク、他事業所のベストプラクティスが含まれている。
H52: 変更管理が規定された手順があり、法令確認のステップが含まれている。 | N52: 変更管理手順において、実行された未然防止の管理を提示できる。
G53: マネジメントコミットメント | J53: 少なくとも3人の技能員は、危険源や（改善の）機会を報告時に、叱責・報復が無い、またはそれを禁止するルールがある と回答した。
L54: 回答者は、自身に関係する安全の目標、どのような貢献がなされるか、説明できる。【主任】 | P54: 他事業所の変更管理に関する好事例を入手し、自拠点へ落とし込みしていることを確認できる。または、他事業所と比較した結果がある。
G55: 緊急事態計画 | H55: 自工場の緊急時対応手順の安全に関わるものは、安全機能により法令順守が確認されている。 | J55: 過去1年間、緊急事態訓練の記録がある、また訓練のレビューが完了している。 | L55: 複数のシナリオが策定されている。 | N55: 合理的に予見可能な緊急事態が特定され、訓練もそれに基づいて全てのシフトで実施されている。また、緊急事態対応手順が文書化されているか。 | P55: 回答者は、緊急事態の対応手順について、他工場の好事例を取り入れたり工夫していることを示すことができる。または、他事業所と比較した結果がある。
H56: 緊急時の対応者に期待されること、緊急時の役割に関し、文書化されている。 | J56: 緊急時対応手順は、直近の訓練レビューに基づき、更新されている。 | L56: 緊急時対応計画は、対応者が従うべき明確なルールおよびガイダンスを含んでいる。
G57: コミュニケーション | H57: 安全担当課長が、工場内で安全に関するコミュニケーションを行っているか確認する（法的要求事項、4M変更、標準改訂等）。 | J57: 入社時の安全関連の教育において、災害発生状況、重大リスクおよびその低減方法が含まれているかどうか確認する。 | L57: 技能員は、安全関連の課題（災害・ヒヤリ・不具合など）を発見した際に、だれに報告すべきかを知っているか確認する。 | N57: 技能員は、災害・ヒヤリ・不具合を管理者に報告した後、管理者からその対応について報告を受けているかどうか確認する。 | P57: 技能員が、安全に関する改善活動を行う際は、自身/自部署だけでなく、小集団・CFTで行っているかどうか確認する。
L58: 安全に関する標準は、有効性が評価され、必要に応じて改善されているかどうか確認する。 （安全に関する標準が協議/審議・及び審議意見が反映されているかどうか）

Sheet Safety manager
B2: ■Legend
C3: : Items from Safety Maturity Assessment
C4: : Items that is newly added for solidification assessment
C6: Solidification 5 items | D6: 評価するポイント | E6: 評価項目 | F6: Secondary Categoty | G6: Score | H6: Point | I6: Criteria | J6: Judge
C7: Issue solving | D7: ・課題解決のスピードとレベル ・深層・真因の深堀、しくみ構築と運用 | E7: 災害対応、類災対策 | F7: Information Sharing | G7: =IF(H7=1,"C",IF(H7=2,"B-",IF(H7=3,"B",IF(H7=4,"B+",IF(H7=5,"A"))))) -> C | H7: 1 | I7: ='Safety cal.'!H17 -> Issuing injury report with SBU's support. (Safety Manager)
G8: =IF(H8=1,"C",IF(H8=2,"B-",IF(H8=3,"B",IF(H8=4,"B+",IF(H8=5,"A"))))) -> B- | H8: 2 | I8: ='Safety cal.'!J17 -> Injury report is issued by plant, but there was a delay in the due date in the guideline. (Safety Manager)
G9: =IF(H9=1,"C",IF(H9=2,"B-",IF(H9=3,"B",IF(H9=4,"B+",IF(H9=5,"A"))))) -> B | H9: 3 | I9: ='Safety cal.'!L17 -> Injury report is issued by plant, within the due date that is standardized in the guideline. And root cause analysis and its countermeasure has been completed and these report is issued within the due date as the guideline. (Safety Manager)
G10: =IF(H10=1,"C",IF(H10=2,"B-",IF(H10=3,"B",IF(H10=4,"B+",IF(H10=5,"A"))))) -> B+ | H10: 4 | I10: ='Safety cal.'!N17 -> Injury report is issued by plant, within the due date that is standardized in the guideline. And root cause analysis and its countermeasure has been completed and these report is issued within the due date as the guideline. Also, the countermeasure has been spreaded to similar machines/tasks. After the countermeasure is compleated, the report to SBU has been issued. (Safety Manager)
G11: =IF(H11=1,"C",IF(H11=2,"B-",IF(H11=3,"B",IF(H11=4,"B+",IF(H11=5,"A"))))) -> A | H11: 5 | I11: ='Safety cal.'!P17 -> Past countermeasures have been re-checked its implementation status periodically. *At least, need to check its progress within 1 year. (Safety Manager) | J11: Yes
F12: Recurrence Prevention Process KPI | G12: =IF(H12=1,"C",IF(H12=2,"B-",IF(H12=3,"B",IF(H12=4,"B+",IF(H12=5,"A"))))) -> C | H12: 1 | I12: ='Safety cal.'!H18 -> There is no plan for countermeasures from outside of plant. *"Countermeasure" in this part means that is issued from BSJ7310 (Safety Manager)
G13: =IF(H13=1,"C",IF(H13=2,"B-",IF(H13=3,"B",IF(H13=4,"B+",IF(H13=5,"A"))))) -> B- | H13: 2 | I13: ='Safety cal.'!J18 -> There is a plan for contermeasure, but there is a delay in the plan. *No corrective plan for delay. (Safety Manager)
G14: =IF(H14=1,"C",IF(H14=2,"B-",IF(H14=3,"B",IF(H14=4,"B+",IF(H14=5,"A"))))) -> B | H14: 3 | I14: ='Safety cal.'!L18 -> There is a plan for contermeasure, and it is on-going to the plan, but not yet completed. Or, there is a delay but corrective plan has been made for it, and it is on-going. (Safety Manager)
G15: =IF(H15=1,"C",IF(H15=2,"B-",IF(H15=3,"B",IF(H15=4,"B+",IF(H15=5,"A"))))) -> B+ | H15: 4 | I15: ='Safety cal.'!N18 -> There is a plan for contermeasure, and progressing ahead of the plan, but not yet completed. (Safety Manager)
G16: =IF(H16=1,"C",IF(H16=2,"B-",IF(H16=3,"B",IF(H16=4,"B+",IF(H16=5,"A"))))) -> A | H16: 5 | I16: ='Safety cal.'!P18 -> All contermeasures have been completed. (Safety Manager)
C17: Business Strategy Adjustment | D17: ・Cpk COPQ分析での基盤強化 ・VC・階層を俯瞰した品質経営担保 | E17: マネジメントシステム運用 | F17: Policy/ Purpose/ Target | G17: =IF(H17=1,"C",IF(H17=2,"B-",IF(H17=3,"B",IF(H17=4,"B+",IF(H17=5,"A"))))) -> C | H17: 1 | I17: ='Safety cal.'!H24 -> Safety policy/target has not been issued. (Safety Manager)
G18: =IF(H18=1,"C",IF(H18=2,"B-",IF(H18=3,"B",IF(H18=4,"B+",IF(H18=5,"A"))))) -> A | H18: 5 | I18: ='Safety cal.'!P24 -> There is evidence of OH&S benchmarking with other sites. (System: Safety Manager: No.123)
F19: Implementation Plan | G19: =IF(H19=1,"C",IF(H19=2,"B-",IF(H19=3,"B",IF(H19=4,"B+",IF(H19=5,"A"))))) -> C | H19: 1 | I19: ='Safety cal.'!H25 -> There is no implementation plan for safety. (Safety Manager)
F20: Audit | G20: =IF(H20=1,"C",IF(H20=2,"B-",IF(H20=3,"B",IF(H20=4,"B+",IF(H20=5,"A"))))) -> C | H20: 1 | I20: ='Safety cal.'!H26 -> Internal/external audit has not been conducted. (Safety Manager)
G21: =IF(H21=1,"C",IF(H21=2,"B-",IF(H21=3,"B",IF(H21=4,"B+",IF(H21=5,"A"))))) -> B- | H21: 2 | I21: ='Safety cal.'!J26 -> Internal audit has been conducted, and its report could be found. But, it is not enough to follow up the findings. (System: Safety Manager: No.47)
G22: =IF(H22=1,"C",IF(H22=2,"B-",IF(H22=3,"B",IF(H22=4,"B+",IF(H22=5,"A"))))) -> B | H22: 3 | I22: ='Safety cal.'!L26 -> Items/Non-Conformities pointed out at the internal audits were improved or planed to improve them. (System: Safety Manager: No.77)
G23: =IF(H23=1,"C",IF(H23=2,"B-",IF(H23=3,"B",IF(H23=4,"B+",IF(H23=5,"A"))))) -> B+ | H23: 4 | I23: ='Safety cal.'!N26 -> OFIs found at last internal audit have been improved or have been planed to improve. (System: Safety Manager: No.106)
G24: =IF(H24=1,"C",IF(H24=2,"B-",IF(H24=3,"B",IF(H24=4,"B+",IF(H24=5,"A"))))) -> A | H24: 5 | I24: ='Safety cal.'!P26 -> Regarding the safety management system in the plant, the H&S manager can explain evaluation results by third party, feedback, and the actions. (Organization: Safety Manager: No.20)
C25: Independency and Continuity | D25: ・品質経営知識と意識、活動定着 | E25: 規定項目の自律的実行 | F25: BSFA Training | G25: =IF(H25=1,"C",IF(H25=2,"B-",IF(H25=3,"B",IF(H25=4,"B+",IF(H25=5,"A"))))) -> B- | H25: 2 | I25: ='Safety cal.'!J27 -> All teammates are taking BSFA training more than annually, but the material is not the latest version. (Safety Manager)
G26: =IF(H26=1,"C",IF(H26=2,"B-",IF(H26=3,"B",IF(H26=4,"B+",IF(H26=5,"A"))))) -> B | H26: 3 | I26: ='Safety cal.'!L27 -> All teammates are taking BSFA training more than annually, and the material is the latest version. *Confirm the the material and training records *In case that the material is not updated, if the site have a plan for the training, this item could be judged "Yes". (Safety Manager)
G27: =IF(H27=1,"C",IF(H27=2,"B-",IF(H27=3,"B",IF(H27=4,"B+",IF(H27=5,"A"))))) -> B+ | H27: 4 | I27: ='Safety cal.'!N27 -> After the BSFA training, all teammates' understandings are validated in GENBA situation by manager or supervisor. (Safety Manager)
G28: =IF(H28=1,"C",IF(H28=2,"B-",IF(H28=3,"B",IF(H28=4,"B+",IF(H28=5,"A"))))) -> A | H28: 5 | I28: ='Safety cal.'!P27 -> After the BSFA training, all teammates' understandings are validated in GENBA situation by manager or supervisor, and all teammates could answer correctly. (Safety Manager)
F29: 3S | G29: =IF(H29=1,"C",IF(H29=2,"B-",IF(H29=3,"B",IF(H29=4,"B+",IF(H29=5,"A"))))) -> A | H29: 5 | I29: ='Safety cal.'!P28 -> The best practices on 3S have been gathered from other plants/industry, and it has been incorporated into the site procedure. or There is a evidence of the comparison with other plants. (System: Safety Manager: No.133) | K29: Monthly Safety Patrol,
F30: 4M Change Management | G30: =IF(H30=1,"C",IF(H30=2,"B-",IF(H30=3,"B",IF(H30=4,"B+",IF(H30=5,"A"))))) -> C | H30: 1 | I30: ='Safety cal.'!H33 -> 4M change process is standardized/documented at the site. (Safety Manager)
G31: =IF(H31=1,"C",IF(H31=2,"B-",IF(H31=3,"B",IF(H31=4,"B+",IF(H31=5,"A"))))) -> B- | H31: 2 | I31: ='Safety cal.'!J33 -> 4M change process is standardized/documented at the site, and EHS manager confirm/approve it as a system. (Safety Manager)
G32: =IF(H32=1,"C",IF(H32=2,"B-",IF(H32=3,"B",IF(H32=4,"B+",IF(H32=5,"A"))))) -> B | H32: 3 | I32: ='Safety cal.'!L33 -> In 4M change process, RA before/after the change by EHS team is standardized, and could see the evidence. *at leastt one example should be validated (Safety Manager)
G33: =IF(H33=1,"C",IF(H33=2,"B-",IF(H33=3,"B",IF(H33=4,"B+",IF(H33=5,"A"))))) -> B+ | H33: 4 | I33: ='Safety cal.'!N33 -> The changing point is valiadted not only by documents documents or pictures, but by GENBA validation. (Safety Manager)
G34: =IF(H34=1,"C",IF(H34=2,"B-",IF(H34=3,"B",IF(H34=4,"B+",IF(H34=5,"A"))))) -> A | H34: 5 | I34: ='Safety cal.'!P33 -> After the change, EHS team confirm whether there is any problem or not as intial management. (Safety manager)
E35: マネジメントシステムの 自律的実行 ※マネジメントシステムを 基盤とした スパイラルアップ活動 | F35: Management System: P | G35: =IF(H35=1,"C",IF(H35=2,"B-",IF(H35=3,"B",IF(H35=4,"B+",IF(H35=5,"A"))))) -> C | H35: 1 | I35: ='Safety cal.'!H34 -> There is no IIP for Safety. (Safety Manager)
G36: =IF(H36=1,"C",IF(H36=2,"B-",IF(H36=3,"B",IF(H36=4,"B+",IF(H36=5,"A"))))) -> B- | H36: 2 | I36: ='Safety cal.'!J34 -> Safety IIP is issued only by top-management and safety committee, and the plan is deployed in plant. Or, the plan is approved by plant manager and issued in plant, but it was deployed not all department. (Safety Manager)
G37: =IF(H37=1,"C",IF(H37=2,"B-",IF(H37=3,"B",IF(H37=4,"B+",IF(H37=5,"A"))))) -> B | H37: 3 | I37: ='Safety cal.'!L34 -> Safety IIP is approved by plant manager and safety committee, and it was deployed into all department. (Safety Manager)
C38: Integration/ Incorporation | D38: ・品質経営活動に供する組織とリソース | E38: 工場の管理体制 | F38: Safety Organization | G38: =IF(H38=1,"C",IF(H38=2,"B-",IF(H38=3,"B",IF(H38=4,"B+",IF(H38=5,"A"))))) -> C | H38: 1 | I38: ='Safety cal.'!H38 -> There is a EHS manager. (Safety manager)
G39: =IF(H39=1,"C",IF(H39=2,"B-",IF(H39=3,"B",IF(H39=4,"B+",IF(H39=5,"A"))))) -> B- | H39: 2 | I39: ='Safety cal.'!J38 -> There is a EHS manager but he/she has multiple role. (Safety manager)
G40: =IF(H40=1,"C",IF(H40=2,"B-",IF(H40=3,"B",IF(H40=4,"B+",IF(H40=5,"A"))))) -> B | H40: 3 | I40: ='Safety cal.'!L38 -> Safety/DP Manager's role is exclusive duty in plant. (Safety/DP Manager is managing only safety and DP, and no any other jobs are assigned.) And, a safety staff is asigned in plant. (Safety Manager)
G41: =IF(H41=1,"C",IF(H41=2,"B-",IF(H41=3,"B",IF(H41=4,"B+",IF(H41=5,"A"))))) -> B+ | H41: 4 | I41: ='Safety cal.'!N38 -> Safety/DP Manager's role is exclusive duty in plant. (Safety/DP Manager is managing only safety and DP, and no any other jobs are assigned.) And, a safety staff's role also exclusive duty. (Safety Manager)
G42: =IF(H42=1,"C",IF(H42=2,"B-",IF(H42=3,"B",IF(H42=4,"B+",IF(H42=5,"A"))))) -> A | H42: 5 | I42: ='Safety cal.'!P38 -> Safety/DP Manager's role is exclusive duty in plant. (Safety/DP Manager is managing only safety and DP, and no any other jobs are assigned.) And, his/her experiece is more than three years. (Safety Manager)
F43: SE | G43: =IF(H43=1,"C",IF(H43=2,"B-",IF(H43=3,"B",IF(H43=4,"B+",IF(H43=5,"A"))))) -> C | H43: 1 | I43: ='Safety cal.'!H39 -> There is no Safety Engineer (SE). (Safety Manager)
G44: =IF(H44=1,"C",IF(H44=2,"B-",IF(H44=3,"B",IF(H44=4,"B+",IF(H44=5,"A"))))) -> B- | H44: 2 | I44: ='Safety cal.'!J39 -> SE has multiple roles. (Safety Manager)
G45: =IF(H45=1,"C",IF(H45=2,"B-",IF(H45=3,"B",IF(H45=4,"B+",IF(H45=5,"A"))))) -> B | H45: 3 | I45: ='Safety cal.'!L39 -> There is a SE exclusive staff. (Safety Manager)
G46: =IF(H46=1,"C",IF(H46=2,"B-",IF(H46=3,"B",IF(H46=4,"B+",IF(H46=5,"A"))))) -> B+ | H46: 4 | I46: ='Safety cal.'!N39 -> SE has a official license certified by government. (Safety Manager)
G47: =IF(H47=1,"C",IF(H47=2,"B-",IF(H47=3,"B",IF(H47=4,"B+",IF(H47=5,"A"))))) -> A | H47: 5 | I47: ='Safety cal.'!P39 -> There are SEs (two or more), and they do not have multiple role. (Safety Manager)
F54: 文書管理 | I54: 回答者は、最新の政府が発行した安全要求を提示できる。
F56: 変更管理 | I56: 変更の起案者、審議者、承認者が任命されている。また、それぞれの役割・責任が定義されている。
I57: 変更管理が規定された手順があり、法令確認のステップが含まれている。
F58: マネジメントコミットメント
F60: 緊急事態計画 | I60: 自工場の緊急時対応手順の安全に関わるものは、安全機能により法令順守が確認されている。
I61: 緊急時の対応者に期待されること、緊急時の役割に関し、文書化されている。
F62: コミュニケーション | I62: 安全担当課長が、工場内で安全に関するコミュニケーションを行っているか確認する（法的要求事項、4M変更、標準改訂等）。

Sheet Manager(Safety)
B2: ■Legend
C3: : Items from Safety Maturity Assessment
C4: : Items that is newly added for solidification assessment
C6: Solidification 5 items | D6: 評価するポイント | E6: 評価項目 | F6: Secondary Categoty | G6: Score | H6: Point | I6: Criteria | J6: Judge
C7: Business Strategy Adjustment | D7: ・Cpk COPQ分析での基盤強化 ・VC・階層を俯瞰した品質経営担保 | E7: マネジメントシステム運用 | F7: Policy/ Purpose/ Target | G7: =IF(H7=1,"C",IF(H7=2,"B-",IF(H7=3,"B",IF(H7=4,"B+",IF(H7=5,"A"))))) -> B- | H7: 2 | I7: ='Safety cal.'!J24 -> OH&S policy has been established at site. And the manager can explain it. (System: Plant Manager: No.9) | J7: Yes
G8: =IF(H8=1,"C",IF(H8=2,"B-",IF(H8=3,"B",IF(H8=4,"B+",IF(H8=5,"A"))))) -> B | H8: 3 | I8: ='Safety cal.'!L24 -> Management can describe and explain the site's OH&S objectives and goals. (System: Manager: No.66) | J8: Yes
G9: =IF(H9=1,"C",IF(H9=2,"B-",IF(H9=3,"B",IF(H9=4,"B+",IF(H9=5,"A"))))) -> B+ | H9: 4 | I9: ='Safety cal.'!N24 -> The plan contains goals to be achieved which are relevant to the incidents and risks identified by the SBU. (System: Manager: No.98) | J9: Yes
F10: Implementation Plan | G10: =IF(H10=1,"C",IF(H10=2,"B-",IF(H10=3,"B",IF(H10=4,"B+",IF(H10=5,"A"))))) -> B- | H10: 2 | I10: ='Safety cal.'!J25 -> There are documented OH&S action plans and evidence of OH&S results tracking. (System: Plant Manager: No.10)
G11: =IF(H11=1,"C",IF(H11=2,"B-",IF(H11=3,"B",IF(H11=4,"B+",IF(H11=5,"A"))))) -> B | H11: 3 | I11: ='Safety cal.'!L25 -> Safety KPIs are tracked at plant, department and line level. To solve issues on H&S, site leadership follow safety KPIs, and give directions to review the safety program if necessary. (Leadership: Plant Manager: No.6)
G12: =IF(H12=1,"C",IF(H12=2,"B-",IF(H12=3,"B",IF(H12=4,"B+",IF(H12=5,"A"))))) -> B+ | H12: 4 | I12: ='Safety cal.'!N25 -> Safety KPIs are tracked positively at plant, department and line level - using "Leading indicators"(e.g. Progress of RA, KPI for 3S activity, etc.) Site leadership follow not only lagging indicator(e.g. # of injuries), but also leading indicators, and give directions to review and/or improve safety programs if necessary. (Leadership: Plant Manager: No.14)
G13: =IF(H13=1,"C",IF(H13=2,"B-",IF(H13=3,"B",IF(H13=4,"B+",IF(H13=5,"A"))))) -> A | H13: 5 | I13: ='Safety cal.'!P25 -> The Plant Manager can describe his/her OH&S strategy and its goals, and how it will be implemented and the goals achieved. And, the strategy has been reviewed quarterly - its progress, validity. Also, revision/instruction for the starategy result have been implemented by plant manager. (Leadership: Plant manager: No.21)
C14: Independency and Continuity | D14: ・品質経営知識と意識、活動定着 | E14: マネジメントシステムの 自律的実行 ※マネジメントシステムを 基盤とした スパイラルアップ活動 | F14: Management System: P | G14: =IF(H14=1,"C",IF(H14=2,"B-",IF(H14=3,"B",IF(H14=4,"B+",IF(H14=5,"A"))))) -> B+ | H14: 4 | I14: ='Safety cal.'!N34 -> Safety IIP is approved by plant manager and safety committee, and it was deployed into all department, and all department shared it in team. (Each department has each safety IIP) (Safety Manager) *Ask Manager (not safety)
G15: =IF(H15=1,"C",IF(H15=2,"B-",IF(H15=3,"B",IF(H15=4,"B+",IF(H15=5,"A"))))) -> A | H15: 5 | I15: ='Safety cal.'!P34 -> Before Safety IIP is approved by plant manager and safety committee, the plan has been discussed and built a consensus by all team. And, all teammates has been explained it and confirmed its understandings. (Safety Manager) *Ask Manager (not safety)
F16: Management System: D | G16: =IF(H16=1,"C",IF(H16=2,"B-",IF(H16=3,"B",IF(H16=4,"B+",IF(H16=5,"A"))))) -> C | H16: 1 | I16: ='Safety cal.'!H35 -> Safety activities have not been conducted as the IIP in plant. (Safety Manager) *Ask Manager (not safety)
G17: =IF(H17=1,"C",IF(H17=2,"B-",IF(H17=3,"B",IF(H17=4,"B+",IF(H17=5,"A"))))) -> B- | H17: 2 | I17: ='Safety cal.'!J35 -> Almost of Safety activities have been conducted as the IIP in plant, but some activities have not. (Safety Manager) *Ask Manager (not safety)
G18: =IF(H18=1,"C",IF(H18=2,"B-",IF(H18=3,"B",IF(H18=4,"B+",IF(H18=5,"A"))))) -> B | H18: 3 | I18: ='Safety cal.'!L35 -> Safety activities have been conducted as the IIP in plant. (Safety Manager) *Ask Manager (not safety)
G19: =IF(H19=1,"C",IF(H19=2,"B-",IF(H19=3,"B",IF(H19=4,"B+",IF(H19=5,"A"))))) -> B+ | H19: 4 | I19: ='Safety cal.'!N35 -> Safety activities have been conducted as the IIP in plant, but it is only for direct employee. (Safety Manager) *Ask Manager (not safety)
G20: =IF(H20=1,"C",IF(H20=2,"B-",IF(H20=3,"B",IF(H20=4,"B+",IF(H20=5,"A"))))) -> A | H20: 5 | I20: ='Safety cal.'!P35 -> Managers lead/self-implement/follow-up/instruct safety activities as safety IIP, and all workers in plant have implemented these. (Safety Manager) *Ask Manager (not safety)
F21: Management System: C | G21: =IF(H21=1,"C",IF(H21=2,"B-",IF(H21=3,"B",IF(H21=4,"B+",IF(H21=5,"A"))))) -> C | H21: 1 | I21: ='Safety cal.'!H36 -> Progress of safety IIP have not been followed-up. (Safety Manager) *Ask Manager (not safety)
G22: =IF(H22=1,"C",IF(H22=2,"B-",IF(H22=3,"B",IF(H22=4,"B+",IF(H22=5,"A"))))) -> B- | H22: 2 | I22: ='Safety cal.'!J36 -> Progress of safety IIP have been followed-up almost, but not all items. (Safety Manager) *Ask Manager (not safety)
G23: =IF(H23=1,"C",IF(H23=2,"B-",IF(H23=3,"B",IF(H23=4,"B+",IF(H23=5,"A"))))) -> B | H23: 3 | I23: ='Safety cal.'!L36 -> All items in Safety IIP have been followed-up. (At least once a month) (Safety Manager) *Ask Manager (not safety)
G24: =IF(H24=1,"C",IF(H24=2,"B-",IF(H24=3,"B",IF(H24=4,"B+",IF(H24=5,"A"))))) -> B+ | H24: 4 | I24: ='Safety cal.'!N36 -> All items in Safety IIP have been followed-up more than once a month, but it is not enough to check/confirm it in GENBA. *No evidence to check/confirm in GENBA (Safety Manager) *Ask Manager (not safety)
G25: =IF(H25=1,"C",IF(H25=2,"B-",IF(H25=3,"B",IF(H25=4,"B+",IF(H25=5,"A"))))) -> A | H25: 5 | I25: ='Safety cal.'!P36 -> Progress of Safety IIP have been followed-up by management team, including SVs, and it has been checked/confirmed in GENBA. (Manager, SV) *Ask Manager (not safety)
F26: Management System: A | G26: =IF(H26=1,"C",IF(H26=2,"B-",IF(H26=3,"B",IF(H26=4,"B+",IF(H26=5,"A"))))) -> C | H26: 1 | I26: ='Safety cal.'!H37 -> Safety IIP has been followed-up but review/re-thinking has not been done, issued/OFI have not been extracted. (Safety Manager) *Ask Manager (not safety)
G27: =IF(H27=1,"C",IF(H27=2,"B-",IF(H27=3,"B",IF(H27=4,"B+",IF(H27=5,"A"))))) -> B- | H27: 2 | I27: ='Safety cal.'!J37 -> Safety IIP has been followed-up, and review/re-thinking has not been done, also, issued/OFI have been extracted, but not for all item. (Safety Manager) *Ask Manager (not safety)
G28: =IF(H28=1,"C",IF(H28=2,"B-",IF(H28=3,"B",IF(H28=4,"B+",IF(H28=5,"A"))))) -> B | H28: 3 | I28: ='Safety cal.'!L37 -> Safety IIP has been followed-up, and review/re-thinking has not been done, also, issued/OFI have been extracted, but safety activities have not evolved. (just backing-up or revise frequency) (Safety Manager) *Ask Manager (not safety)
G29: =IF(H29=1,"C",IF(H29=2,"B-",IF(H29=3,"B",IF(H29=4,"B+",IF(H29=5,"A"))))) -> B+ | H29: 4 | I29: ='Safety cal.'!N37 -> Safety IIP has been followed-up, and review/re-thinking has not been done, also, issued/OFI have been extracted, resulting in safety activities have evolved. But, these activities have not been standardized. (Safety Manager) *Ask Manager (not safety)
G30: =IF(H30=1,"C",IF(H30=2,"B-",IF(H30=3,"B",IF(H30=4,"B+",IF(H30=5,"A"))))) -> A | H30: 5 | I30: ='Safety cal.'!P37 -> Safety IIP has been followed-up, and review/re-thinking has not been done, also, issued/OFI have been extracted, resulting in safety activities have evolved. And, these activities have been standardized to keep it going. (Safety Manager) *Ask Manager (not safety)
C31: Integration/ Incorporation | D31: ・品質経営活動に供する組織とリソース | E31: 工場の管理体制 | F31: Budget | G31: =IF(H31=1,"C",IF(H31=2,"B-",IF(H31=3,"B",IF(H31=4,"B+",IF(H31=5,"A"))))) -> C | H31: 1 | I31: ='Safety cal.'!H40 -> Budget for recurrence prevention, RA countermeasure, and working hours (human resource) is not enough. (Safety Manager) *Ask Manager (not safety)
G32: =IF(H32=1,"C",IF(H32=2,"B-",IF(H32=3,"B",IF(H32=4,"B+",IF(H32=5,"A"))))) -> B- | H32: 2 | I32: ='Safety cal.'!J40 -> There is a lack of budget for either recurrence prevention, RA countermeasure, and working hours(human resource). (Safety Manager)
G33: =IF(H33=1,"C",IF(H33=2,"B-",IF(H33=3,"B",IF(H33=4,"B+",IF(H33=5,"A"))))) -> B | H33: 3 | I33: ='Safety cal.'!L40 -> Budget for recurrence prevention, RA countermeasure, and working hours (human resource) is prepared enough as plan. (Safety Manager) *Ask Manager (not safety)
G34: =IF(H34=1,"C",IF(H34=2,"B-",IF(H34=3,"B",IF(H34=4,"B+",IF(H34=5,"A"))))) -> B+ | H34: 4 | I34: ='Safety cal.'!N40 -> Budget is used for recurrence prevention, RA countermeasure, and any other activities as planed. (Safety Manager) *Ask Manager (not safety)
G35: =IF(H35=1,"C",IF(H35=2,"B-",IF(H35=3,"B",IF(H35=4,"B+",IF(H35=5,"A"))))) -> A | H35: 5 | I35: ='Safety cal.'!P40 -> Budget is prepared even for sudden accidents. Or, in case of sudden accidents, additional budget is obtained, and recurrence prevention, RA countermeasure, and any other activities are implemented ahead of schedule. (Safety Manager)
F41: 文書管理 | I41: 回答者は、最新の政府が発行した安全要求を提示できる。
F43: 変更管理 | I43: 変更の起案者、審議者、承認者が任命されている。また、それぞれの役割・責任が定義されている。
I44: 変更管理が規定された手順があり、法令確認のステップが含まれている。
F45: マネジメントコミットメント
F47: 緊急事態計画 | I47: 自工場の緊急時対応手順の安全に関わるものは、安全機能により法令順守が確認されている。
I48: 緊急時の対応者に期待されること、緊急時の役割に関し、文書化されている。
F49: コミュニケーション | I49: 安全担当課長が、工場内で安全に関するコミュニケーションを行っているか確認する（法的要求事項、4M変更、標準改訂等）。

Sheet Safety SV
C3: Solidification 5 items | D3: 評価するポイント | E3: 評価項目 | F3: Secondary Categoty | G3: Score | H3: Point | I3: Criteria | J3: Judge
C4: Issue solving | D4: ・課題解決のスピードとレベル ・深層・真因の深堀、しくみ構築と運用 | E4: 災害対応、類災対策 | F4: Recurrence Prevention | G4: =IF(H4=1,"C",IF(H4=2,"B-",IF(H4=3,"B",IF(H4=4,"B+",IF(H4=5,"A"))))) -> C | H4: 1 | I4: ='Safety cal.'!H16 -> There is evidence that actions have been taken to prevent recurring incidents. And SVs can explain it. And also, confirm at least one example at GENBA. (System: Safety Manager: No.30) *Ask SVs
G5: =IF(H5=1,"C",IF(H5=2,"B-",IF(H5=3,"B",IF(H5=4,"B+",IF(H5=5,"A"))))) -> B | H5: 3 | I5: ='Safety cal.'!L16 -> The safety manager can explain what actions are required for recurrence prevention when occuring a safety accicdent. (System: Safety Manager: No.86)
G6: =IF(H6=1,"C",IF(H6=2,"B-",IF(H6=3,"B",IF(H6=4,"B+",IF(H6=5,"A"))))) -> A | H6: 5 | I6: ='Safety cal.'!P16 -> The safety leader can explain how such reviews are completed and why that method(s) is effective, providing feedback to SBU and assisting in determining countermeasures. (Example: Share more valid safety measreus than measures proposed by GBS/SBU) (System: Safety Manager: No.140)
F7: Injury Reporting | G7: =IF(H7=1,"C",IF(H7=2,"B-",IF(H7=3,"B",IF(H7=4,"B+",IF(H7=5,"A"))))) -> A | H7: 5 | I7: ='Safety cal.'!P17 -> Past countermeasures have been re-checked its implementation status periodically. *At least, need to check its progress within 1 year. (Safety Manager)
C8: Risk Management | D8: ・品質経営不具合の兆候管理 ・探索・発信情報の管理分析力 | E8: RA (兆候管理からの 改善) | F8: RA Progress | G8: =IF(H8=1,"C",IF(H8=2,"B-",IF(H8=3,"B",IF(H8=4,"B+",IF(H8=5,"A"))))) -> C | H8: 1 | I8: ='Safety cal.'!H19 -> There is evidence that the required risk assessments have been done or there is a plan to complete. (System: Safety Manager: No.28)
G9: =IF(H9=1,"C",IF(H9=2,"B-",IF(H9=3,"B",IF(H9=4,"B+",IF(H9=5,"A"))))) -> B- | H9: 2 | I9: ='Safety cal.'!J19 -> There is a risk tracking that lists specific risks on site. (System: Safety Manager: No.53)
G10: =IF(H10=1,"C",IF(H10=2,"B-",IF(H10=3,"B",IF(H10=4,"B+",IF(H10=5,"A"))))) -> B | H10: 3 | I10: ='Safety cal.'!L19 -> There is at least one control prescribed for each risk identified. These controls are either administrative or technical by nature. The remaining risks are written in the work standard. (System: Safety Manager: No.85)
G11: =IF(H11=1,"C",IF(H11=2,"B-",IF(H11=3,"B",IF(H11=4,"B+",IF(H11=5,"A"))))) -> A | H11: 5 | I11: ='Safety cal.'!P19 -> The respondent can show evidence of at least one review performed in the past 12 months where the risk assessment result/process was improved based on external best practice. (System: Safety Manager: No.139)
F12: Equipment RA | G12: =IF(H12=1,"C",IF(H12=2,"B-",IF(H12=3,"B",IF(H12=4,"B+",IF(H12=5,"A"))))) -> C | H12: 1 | I12: ='Safety cal.'!H20 -> There is a plan for Machine RA. (Safety Manager)
G13: =IF(H13=1,"C",IF(H13=2,"B-",IF(H13=3,"B",IF(H13=4,"B+",IF(H13=5,"A"))))) -> B- | H13: 2 | I13: ='Safety cal.'!J20 -> There is a plan for hardware countermeasures, but there is a delay in the plan. *No corrective plan for the delay. (Safety Manager)
G14: =IF(H14=1,"C",IF(H14=2,"B-",IF(H14=3,"B",IF(H14=4,"B+",IF(H14=5,"A"))))) -> B | H14: 3 | I14: ='Safety cal.'!L20 -> There is a plan for hardware countermeasures , and it is on-going to the plan. Or, there is a delay but corrective plan has been made for it, and it is on-going. (Safety Manager)
G15: =IF(H15=1,"C",IF(H15=2,"B-",IF(H15=3,"B",IF(H15=4,"B+",IF(H15=5,"A"))))) -> B+ | H15: 4 | I15: ='Safety cal.'!N20 -> There is a plan for hardware contermeasures, and progressing ahead of the plan, but not yet completed. (Safety Manager)
G16: =IF(H16=1,"C",IF(H16=2,"B-",IF(H16=3,"B",IF(H16=4,"B+",IF(H16=5,"A"))))) -> A | H16: 5 | I16: ='Safety cal.'!P20 -> All contermeasures have been completed. *all risks that could be countered by hardware have been reduced by hardware. (Safety Manager)
F17: Task RA | G17: =IF(H17=1,"C",IF(H17=2,"B-",IF(H17=3,"B",IF(H17=4,"B+",IF(H17=5,"A"))))) -> C | H17: 1 | I17: ='Safety cal.'!H21 -> There is a plan for Task RA. (Safety Manager)
G18: =IF(H18=1,"C",IF(H18=2,"B-",IF(H18=3,"B",IF(H18=4,"B+",IF(H18=5,"A"))))) -> B- | H18: 2 | I18: ='Safety cal.'!J21 -> There is a plan for Task RA, but there is a delay in the plan. *No corrective plan for the delay. (Safety Manager)
G19: =IF(H19=1,"C",IF(H19=2,"B-",IF(H19=3,"B",IF(H19=4,"B+",IF(H19=5,"A"))))) -> B | H19: 3 | I19: ='Safety cal.'!L21 -> There is a plan for Task RA, and it is on-going to the plan. Or, there is a delay but corrective plan has been made for it, and it is on-going. (Safety Manager)
G20: =IF(H20=1,"C",IF(H20=2,"B-",IF(H20=3,"B",IF(H20=4,"B+",IF(H20=5,"A"))))) -> B+ | H20: 4 | I20: ='Safety cal.'!N21 -> There is a plan for Task RA, and progressing ahead of the plan, but not yet completed. (Safety Manager)
G21: =IF(H21=1,"C",IF(H21=2,"B-",IF(H21=3,"B",IF(H21=4,"B+",IF(H21=5,"A"))))) -> A | H21: 5 | I21: ='Safety cal.'!P21 -> All task RA have been completed. (Safety Manager)
F22: LOTO | G22: =IF(H22=1,"C",IF(H22=2,"B-",IF(H22=3,"B",IF(H22=4,"B+",IF(H22=5,"A"))))) -> B | H22: 3 | I22: ='Safety cal.'!L22 -> SVs can explain what operation needs LOTO in their own process, and SOP has been already prepared. (SVs)
G23: =IF(H23=1,"C",IF(H23=2,"B-",IF(H23=3,"B",IF(H23=4,"B+",IF(H23=5,"A"))))) -> A | H23: 5 | I23: ='Safety cal.'!P22 -> LOTO method is standardized as the site's rule, and managers and/or SVs confirm its compliance by patrol or something.(GENBA) In case of instruction is needed, they could instruct it. (SVs)
F24: Training | G24: =IF(H24=1,"C",IF(H24=2,"B-",IF(H24=3,"B",IF(H24=4,"B+",IF(H24=5,"A"))))) -> C | H24: 1 | I24: ='Safety cal.'!H23 -> Safety trainings have been given to workers when new hired and/or trasfered. (SVs)
G25: =IF(H25=1,"C",IF(H25=2,"B-",IF(H25=3,"B",IF(H25=4,"B+",IF(H25=5,"A"))))) -> B- | H25: 2 | I25: ='Safety cal.'!J23 -> Safety training meets regional legal requirement. (SVs)
G26: =IF(H26=1,"C",IF(H26=2,"B-",IF(H26=3,"B",IF(H26=4,"B+",IF(H26=5,"A"))))) -> B | H26: 3 | I26: ='Safety cal.'!L23 -> Operators can work alone after their skill/knowledge is validated by the site's criteria. (SVs)
G27: =IF(H27=1,"C",IF(H27=2,"B-",IF(H27=3,"B",IF(H27=4,"B+",IF(H27=5,"A"))))) -> B+ | H27: 4 | I27: ='Safety cal.'!N23 -> Skill/knowledge training is managed by IIP for all operaters, and its criteria is clear. Also, their skill/knowledge is followed up until they achieve 100% (SVs)
G28: =IF(H28=1,"C",IF(H28=2,"B-",IF(H28=3,"B",IF(H28=4,"B+",IF(H28=5,"A"))))) -> A | H28: 5 | I28: ='Safety cal.'!P23 -> All operators understanding is confirmed periodically, and the confirmation step is standardized. (SVs)
C29: Business Strategy Adjustment | D29: ・Cpk COPQ分析での基盤強化 ・VC・階層を俯瞰した品質経営担保 | E29: マネジメントシステム運用 | F29: Policy/ Purpose/ Target | G29: =IF(H29=1,"C",IF(H29=2,"B-",IF(H29=3,"B",IF(H29=4,"B+",IF(H29=5,"A"))))) -> B- | H29: 2 | I29: ='Safety cal.'!J24 -> OH&S policy has been established at site. And the manager can explain it. (System: Plant Manager: No.9)
G30: =IF(H30=1,"C",IF(H30=2,"B-",IF(H30=3,"B",IF(H30=4,"B+",IF(H30=5,"A"))))) -> B | H30: 3 | I30: ='Safety cal.'!L24 -> Management can describe and explain the site's OH&S objectives and goals. (System: Manager: No.66)
G31: =IF(H31=1,"C",IF(H31=2,"B-",IF(H31=3,"B",IF(H31=4,"B+",IF(H31=5,"A"))))) -> B+ | H31: 4 | I31: ='Safety cal.'!N24 -> The plan contains goals to be achieved which are relevant to the incidents and risks identified by the SBU. (System: Manager: No.98)
C32: Independency and Continuity | D32: ・品質経営知識と意識、活動定着 | E32: 規定項目の自律的実行 | F32: 3S | G32: =IF(H32=1,"C",IF(H32=2,"B-",IF(H32=3,"B",IF(H32=4,"B+",IF(H32=5,"A"))))) -> B- | H32: 2 | I32: ='Safety cal.'!J28 -> There is an officially appointed 3S leader on site. There is evidence of 3S inspections and recommended actions to improve 3S. (System: Safety Manager: No.44+45)
F33: Autonomous KY | G33: C | H33: 1 | I33: ='Safety cal.'!H30 -> Autonomously KY has not been conducted. (SVs) | J33: Yes
F34: KYT/ Practical KYT | G34: =IF(H34=1,"C",IF(H34=2,"B-",IF(H34=3,"B",IF(H34=4,"B+",IF(H34=5,"A"))))) -> C | H34: 1 | I34: ='Safety cal.'!H29 -> KYT has not been implemented. (Safety Manager) *Ask SVs
G35: =IF(H35=1,"C",IF(H35=2,"B-",IF(H35=3,"B",IF(H35=4,"B+",IF(H35=5,"A"))))) -> B- | H35: 2 | I35: ='Safety cal.'!J29 -> There is evidence of a defined KY process that been communicated with all staff at least once in the past year. (System: Manager: No.26)
G36: =IF(H36=1,"C",IF(H36=2,"B-",IF(H36=3,"B",IF(H36=4,"B+",IF(H36=5,"A"))))) -> B | H36: 3 | I36: ='Safety cal.'!L29 -> There is an officially appointed KY leader and KY representatives on site. (System: Manager: No.55)
G37: =IF(H37=1,"C",IF(H37=2,"B-",IF(H37=3,"B",IF(H37=4,"B+",IF(H37=5,"A"))))) -> B+ | H37: 4 | I37: ='Safety cal.'!N29 -> KYT records show that all teammates and temporary staff have submitted a KYT within the last 3 months. KYT records indicate that KYT is completed periodically in accordance with SBU and/or site standard by everyone on site. (System: Safety Manager: No.83+112)
G38: =IF(H38=1,"C",IF(H38=2,"B-",IF(H38=3,"B",IF(H38=4,"B+",IF(H38=5,"A"))))) -> A | H38: 5 | I38: ='Safety cal.'!P29 -> The KYT activity is evaluated and opportunity for inprovement is discussed with the plant manager annually. (System: Safety Manager: No.113)
F39: Safety Rule | G39: =IF(H39=1,"C",IF(H39=2,"B-",IF(H39=3,"B",IF(H39=4,"B+",IF(H39=5,"A"))))) -> B- | H39: 2 | I39: ='Safety cal.'!J32 -> The respondent can clearly indicate how Site Safety Rules are reviewed and improved. (System: Safety Manager: No.41)
G40: =IF(H40=1,"C",IF(H40=2,"B-",IF(H40=3,"B",IF(H40=4,"B+",IF(H40=5,"A"))))) -> B+ | H40: 4 | I40: ='Safety cal.'!N32 -> Line-management conducts floor observations(e.g. site tours) and provide feedbacks to teammates to ensure adherence to safety rules, such as procedures, standards, etc. (Leadership: SVs: No.9)
F46: 文書管理 | I46: 回答者は、最新の政府が発行した安全要求を提示できる。
F48: 変更管理 | I48: 変更の起案者、審議者、承認者が任命されている。また、それぞれの役割・責任が定義されている。
I49: 変更管理が規定された手順があり、法令確認のステップが含まれている。
F50: マネジメントコミットメント
F52: 緊急事態計画 | I52: 自工場の緊急時対応手順の安全に関わるものは、安全機能により法令順守が確認されている。
I53: 緊急時の対応者に期待されること、緊急時の役割に関し、文書化されている。
F54: コミュニケーション | I54: 安全担当課長が、工場内で安全に関するコミュニケーションを行っているか確認する（法的要求事項、4M変更、標準改訂等）。

Sheet Safety Operator
C3: Solidification 5 items | D3: 評価するポイント | E3: 評価項目 | F3: Secondary Categoty | G3: Score | H3: Point | I3: Criteria | J3: Judge | K3: 5 years exp | N3: (Memo) Reason of judgement
C4: Issue solving | D4: ・課題解決のスピードとレベル ・深層・真因の深堀、しくみ構築と運用 | E4: 災害対応、類災対策 | F4: Information Sharing | G4: =IF(H4=1,"C",IF(H4=2,"B-",IF(H4=3,"B",IF(H4=4,"B+",IF(H4=5,"A"))))) -> C | H4: 1 | I4: ='Safety cal.'!H15 -> All teammates stated that, at least, safety manager and site leadership representative (e.g. plant manager, department manager, line manager) was involved in the root cause analysis process when a serious incident(lost-time-injury, etc.) occurred. (Leadership: Operator: No.5)
G5: =IF(H5=1,"C",IF(H5=2,"B-",IF(H5=3,"B",IF(H5=4,"B+",IF(H5=5,"A"))))) -> B- | H5: 2 | I5: ='Safety cal.'!J15 -> All teammates can state that they are informed of recent safety incidents (injury, near-miss, etc.) in their areas and actions have been taken to address these. (Teammate Engagement: Operator: No.7) | O5: 災害受信してるか・自工場・他工場
G6: =IF(H6=1,"C",IF(H6=2,"B-",IF(H6=3,"B",IF(H6=4,"B+",IF(H6=5,"A"))))) -> B | H6: 3 | I6: ='Safety cal.'!L15 -> All teammates say that they are well informed and can explain how the information* communicated contributes to their safety. (System: Operator: No.64) *information: injury, near-miss etc.
G7: =IF(H7=1,"C",IF(H7=2,"B-",IF(H7=3,"B",IF(H7=4,"B+",IF(H7=5,"A"))))) -> B+ | H7: 4 | I7: ='Safety cal.'!N15 -> Teammates can provide examples of accidents which occurred on other facilities and how that information was obtained. (System: Operator: No.110)
G8: =IF(H8=1,"C",IF(H8=2,"B-",IF(H8=3,"B",IF(H8=4,"B+",IF(H8=5,"A"))))) -> A | H8: 5 | I8: ='Safety cal.'!P15 -> H&S risks/measures of other departments have been shared at the safety meeting in your department. (Teammate Engagement: Operator: No.17)
F9: Recurrence Prevention | G9: =IF(H9=1,"C",IF(H9=2,"B-",IF(H9=3,"B",IF(H9=4,"B+",IF(H9=5,"A"))))) -> B- | H9: 2 | I9: ='Safety cal.'!J16 -> A sample of 3 teammates, at least 1 (more than 33%) said they take part in the actions required to prevent safety accidents and provide feedback if these actions are not appropriate or useful. (Teammate Engagement: Operator: No.6) | O9: 再発防止の会議に参加している・または意見している
G10: =IF(H10=1,"C",IF(H10=2,"B-",IF(H10=3,"B",IF(H10=4,"B+",IF(H10=5,"A"))))) -> B+ | H10: 4 | I10: ='Safety cal.'!N16 -> All teammates stated that management had taken specific actions to address hazards they reported, and these actions have been communicated to them. (safety point of view) (Organization: Operator: No.16) | O10: （災害と同時）対策内容
C11: Risk Management | D11: ・品質経営不具合の兆候管理 ・探索・発信情報の管理分析力 | E11: RA (兆候管理からの 改善) | F11: RA Progress | G11: =IF(H11=1,"C",IF(H11=2,"B-",IF(H11=3,"B",IF(H11=4,"B+",IF(H11=5,"A"))))) -> B+ | H11: 4 | I11: ='Safety cal.'!N19 -> The respondent is able to provide at least one recent example of bottom-up communication on hazards and risks. (System: Safety Manager: No.95) | O11: RAの共有
F12: LOTO | G12: =IF(H12=1,"C",IF(H12=2,"B-",IF(H12=3,"B",IF(H12=4,"B+",IF(H12=5,"A"))))) -> C | H12: 1 | I12: ='Safety cal.'!H22 -> The basic LOTO training has been implemented anually, all operators understand basic LOTO operation. And, operator take one's own key and locks to GENBA if it is necessary. (operator) | O12: LOTO
G13: =IF(H13=1,"C",IF(H13=2,"B-",IF(H13=3,"B",IF(H13=4,"B+",IF(H13=5,"A"))))) -> B- | H13: 2 | I13: ='Safety cal.'!J22 -> With the basic LOTO training, ECP has been trained to all operators, and they understand LOTO procedure. *ECP should be included in SOP. *ECP should be prepared for all LOTO devise (Operator) | O13: してるか、基本的な教育？手順？
G14: =IF(H14=1,"C",IF(H14=2,"B-",IF(H14=3,"B",IF(H14=4,"B+",IF(H14=5,"A"))))) -> B+ | H14: 4 | I14: ='Safety cal.'!N22 -> If the operator handle LOTO procedure regularly, he/she can explain its detail procedure. If the operator do not handle LOTO, he/she can explain basic LOTO rule. (Operator)
C15: Independency and Continuity | D15: ・品質経営知識と意識、活動定着 | E15: 規定項目の自律的実行 | F15: BSFA Training | G15: =IF(H15=1,"C",IF(H15=2,"B-",IF(H15=3,"B",IF(H15=4,"B+",IF(H15=5,"A"))))) -> C | H15: 1 | I15: ='Safety cal.'!H27 -> All teammates are taking BSFA training more than annually. (Operator) | O15: BSFA教育 1回/年 移譲
F16: 3S | G16: =IF(H16=1,"C",IF(H16=2,"B-",IF(H16=3,"B",IF(H16=4,"B+",IF(H16=5,"A"))))) -> C | H16: 1 | I16: ='Safety cal.'!H28 -> 3S Documents are displayed in work areas, and there is evidence of this being followed. And, self-check has been implemented. (System: Operator: No.19)
G17: =IF(H17=1,"C",IF(H17=2,"B-",IF(H17=3,"B",IF(H17=4,"B+",IF(H17=5,"A"))))) -> B | H17: 3 | I17: ='Safety cal.'!L28 -> The 3S Visual Standard was prepared and all inspected work areas were cleaned (no debris on floor, no spillages) as defined in the 3S visual standard, and there were no unnecessary objects that were not currently in use in the work area. *work area: production area and office (System: Operator: No.75)
G18: =IF(H18=1,"C",IF(H18=2,"B-",IF(H18=3,"B",IF(H18=4,"B+",IF(H18=5,"A"))))) -> B+ | H18: 4 | I18: ='Safety cal.'!N28 -> 3S activity for the improvement of 3S level has been proceeded. (or Improvement of 3S level can be confirmed, or 3s level is over 4.) (System: Operator: No.105) | O18: レベル④以上か、または改善ちゅうか
F19: Autonomous KY | G19: =IF(H19=1,"C",IF(H19=2,"B-",IF(H19=3,"B",IF(H19=4,"B+",IF(H19=5,"A"))))) -> B- | H19: 2 | I19: ='Safety cal.'!J30 -> Autonomously KY has been conducted but it is conducted by group. (not individual) (Operator) | J19: Yes | O19: 自律的KYしてるか
G20: =IF(H20=1,"C",IF(H20=2,"B-",IF(H20=3,"B",IF(H20=4,"B+",IF(H20=5,"A"))))) -> B | H20: 3 | I20: ='Safety cal.'!L30 -> All teammates conduct autonomously KY everyday, decide KY point and its action to avoid. (need to check evidence) (Operator) | J20: Yes
G21: =IF(H21=1,"C",IF(H21=2,"B-",IF(H21=3,"B",IF(H21=4,"B+",IF(H21=5,"A"))))) -> B+ | H21: 4 | I21: ='Safety cal.'!N30 -> SVs or leaders conduct GENBA patrol to confirm autonomously KY result, and instruct teammates if needed. (Operator) | J21: Yes | O21: 自律的KYの巡回あるか
G22: =IF(H22=1,"C",IF(H22=2,"B-",IF(H22=3,"B",IF(H22=4,"B+",IF(H22=5,"A"))))) -> A | H22: 5 | I22: ='Safety cal.'!P30 -> Visualized the reslut of autonomously KY (making a map), promoted KAIZEN activity besed on the result. Operators can explain an example of KAIZEN activity that is based on autononously KY. *update safety rule, machinery update, etc. *if the site has the system to manage bottom up KAIZEN cycle as from KY activity, this item could be judged "Yes" (Operator) | J22: No | O22: ～改善しているか
F23: RA | G23: =IF(H23=1,"C",IF(H23=2,"B-",IF(H23=3,"B",IF(H23=4,"B+",IF(H23=5,"A"))))) -> C | H23: 1 | I23: ='Safety cal.'!H31 -> All teammates recognize the H&S risks applicable in their areas and confirmed these were addressed in trainings. (Teammate Engagement: Operator: No.1) | O23: 現場のリスク
G24: =IF(H24=1,"C",IF(H24=2,"B-",IF(H24=3,"B",IF(H24=4,"B+",IF(H24=5,"A"))))) -> B- | H24: 2 | I24: ='Safety cal.'!J31 -> A sample of 3 teammates could all state that they took the traning on residual risks based on the work standard. (Teammate Engagement: Operator: No.11) | O24: 残留リスク（III・IV）
G25: =IF(H25=1,"C",IF(H25=2,"B-",IF(H25=3,"B",IF(H25=4,"B+",IF(H25=5,"A"))))) -> B | H25: 3 | I25: ='Safety cal.'!L31 -> A sample of 3 teammates could all describe and explain the greatest potential H&S risks in their work, and what controls they use or are in place to mitigate these risks. (Teammate Engagement: Operator: No.13) | O25: 最大のリスク
G26: =IF(H26=1,"C",IF(H26=2,"B-",IF(H26=3,"B",IF(H26=4,"B+",IF(H26=5,"A"))))) -> B+ | H26: 4 | I26: ='Safety cal.'!N31 -> In a sample of 3 teammates, at least one have participated RA process, and he/she could explain a full and accurate Risk Assessment. (Teammate Engagement: Operator: No.14) | O26: RAかんぺき？
G27: =IF(H27=1,"C",IF(H27=2,"B-",IF(H27=3,"B",IF(H27=4,"B+",IF(H27=5,"A"))))) -> A | H27: 5 | I27: ='Safety cal.'!P31 -> H&S risks/measures of other departments have been shared at the safety meeting in your department. (Teammate Engagement: Operator: No.17) | O27: 他部署のリスク？
F28: Safety Rule | G28: =IF(H28=1,"C",IF(H28=2,"B-",IF(H28=3,"B",IF(H28=4,"B+",IF(H28=5,"A"))))) -> C | H28: 1 | I28: ='Safety cal.'!H32 -> All operators shows understanding of the applicable All Bridgestone Safety Rules in their areas. (System: Operator: No.13) | O28: BS安全ルールしってるか
G29: =IF(H29=1,"C",IF(H29=2,"B-",IF(H29=3,"B",IF(H29=4,"B+",IF(H29=5,"A"))))) -> B | H29: 3 | I29: ='Safety cal.'!L32 -> All teammates can demonstrate knowledge of the Safety Rules and explain key points on safety in the work standard. (System: Operator: No.70) | O29: 標準に反映されているか、安全ルール
G30: =IF(H30=1,"C",IF(H30=2,"B-",IF(H30=3,"B",IF(H30=4,"B+",IF(H30=5,"A"))))) -> A | H30: 5 | I30: ='Safety cal.'!P32 -> The respondent explains that feedback is used to make tangible changes in the Safety Rules and can give at least 1 recent example. （Examples of FB: Responsed to proposed safety rules. Teammates can work based on the safety rules, or require changes due to dificulties to work based on the rules, etc.) (System: Operator: No.128) | O30: 改善事例
F37: 文書管理 | I37: 回答者は、最新の政府が発行した安全要求を提示できる。
F39: 変更管理 | I39: 変更の起案者、審議者、承認者が任命されている。また、それぞれの役割・責任が定義されている。
I40: 変更管理が規定された手順があり、法令確認のステップが含まれている。
F41: マネジメントコミットメント
F43: 緊急事態計画 | I43: 自工場の緊急時対応手順の安全に関わるものは、安全機能により法令順守が確認されている。
I44: 緊急時の対応者に期待されること、緊急時の役割に関し、文書化されている。
F45: コミュニケーション | I45: 安全担当課長が、工場内で安全に関するコミュニケーションを行っているか確認する（法的要求事項、4M変更、標準改訂等）。

Sheet DP MGR
C2: Solidification Assessment [DP] - DP Manager Sheet
C3: Solidification 5 items | D3: Score | E3: Point | F3: Secondary Categoty | G3: Criteria | H3: Judge
C4: Issue solving | D4: =IF(E4=1,"C",IF(E4=2,"B-",IF(E4=3,"B",IF(E4=4,"B+",IF(E4=5,"A"))))) -> C | E4: 1 | F4: Fire reporting | G4: ='DP overall'!F18 -> With SBU Support Issuing fire report with SBU's support. (DP Manager)
D5: =IF(E5=1,"C",IF(E5=2,"B-",IF(E5=3,"B",IF(E5=4,"B+",IF(E5=5,"A"))))) -> B- | E5: 2 | G5: ='DP overall'!H18 -> Issued but Delayed The fire report was issued by the plant; however, there was a delay beyond the due date specified in the guideline. (DP Manager)
D6: =IF(E6=1,"C",IF(E6=2,"B-",IF(E6=3,"B",IF(E6=4,"B+",IF(E6=5,"A"))))) -> B | E6: 3 | G6: ='DP overall'!J18 -> Issued On Time with RCA & Countermeasures The fire report was issued by the plant within the due date standardized in the guideline. Furthermore, the root cause analysis and corresponding countermeasures were completed, and the related report was also issued within the due date specified in the guideline. (DP Manager)
D7: =IF(E7=1,"C",IF(E7=2,"B-",IF(E7=3,"B",IF(E7=4,"B+",IF(E7=5,"A"))))) -> B+ | E7: 4 | G7: ='DP overall'!L18 -> On Time + Countermeasure Expansion & Reporting to SBU The fire report was issued by the plant within the due date standardized in the guideline. The root cause analysis and corresponding countermeasures were also completed, and the report was issued within the required timeframe. In addition, the countermeasures were expanded to similar machines and tasks. After the implementation of the countermeasures, a report was submitted to the SBU.(DP Manager)
D8: =IF(E8=1,"C",IF(E8=2,"B-",IF(E8=3,"B",IF(E8=4,"B+",IF(E8=5,"A"))))) -> C | E8: 1 | F8: Recurrence Prevention Process KPI | G8: ='DP overall'!F19 -> No Plan There is no plan for countermeasures originating from outside of the plant. In this context, “countermeasures” refers to those issued under BSAPIC Request/ Notification. (DP Manager)
D9: =IF(E9=1,"C",IF(E9=2,"B-",IF(E9=3,"B",IF(E9=4,"B+",IF(E9=5,"A"))))) -> B- | E9: 2 | G9: ='DP overall'!H19 -> Plan but Delayed (No Corrective Action) There is a plan for countermeasures; however, the implementation is delayed, and no corrective plan for addressing the delay has been established. (DP Manager)
D10: =IF(E10=1,"C",IF(E10=2,"B-",IF(E10=3,"B",IF(E10=4,"B+",IF(E10=5,"A"))))) -> B | E10: 3 | G10: ='DP overall'!J19 -> Plan in Progress There is a countermeasure plan that is currently in progress but not yet completed. Alternatively, if there is a delay, a corrective plan has been established and is being implemented. (DP Manager)
D11: =IF(E11=1,"C",IF(E11=2,"B-",IF(E11=3,"B",IF(E11=4,"B+",IF(E11=5,"A"))))) -> B+ | E11: 4 | G11: ='DP overall'!L19 -> Do Ahead of Schedule There is a countermeasure plan in place, and progress is ahead of schedule; however, it has not yet been completed. (DP Manager)
D12: =IF(E12=1,"C",IF(E12=2,"B-",IF(E12=3,"B",IF(E12=4,"B+",IF(E12=5,"A"))))) -> A | E12: 5 | G12: ='DP overall'!N19 -> All Countermeasures Completed All countermeasures have been completed. (DP Manager)
C13: Risk Management | D13: =IF(E13=1,"C",IF(E13=2,"B-",IF(E13=3,"B",IF(E13=4,"B+",IF(E13=5,"A"))))) -> C | E13: 1 | F13: Fire RA Progress | G13: ='DP overall'!F20 -> Plan Established There is a plan for Fire RA. (DP Manager)
D14: =IF(E14=1,"C",IF(E14=2,"B-",IF(E14=3,"B",IF(E14=4,"B+",IF(E14=5,"A"))))) -> B- | E14: 2 | G14: ='DP overall'!H20 -> Plan Delayed (No Corrective Action) There is a plan for Fire RA; however, its implementation is delayed, and no corrective plan has been established to address the delay. (DP Manager)
D15: =IF(E15=1,"C",IF(E15=2,"B-",IF(E15=3,"B",IF(E15=4,"B+",IF(E15=5,"A"))))) -> B | E15: 3 | G15: ='DP overall'!J20 -> Plan in Progress There is a plan for Fire RA, which is currently progressing according to the plan. Alternatively, if there is a delay, a corrective plan has been established and is ongoing. In some cases, all Fire RAs have already been completed. The contents of the assessment sheet should be confirmed. (DP Manager)
D16: =IF(E16=1,"C",IF(E16=2,"B-",IF(E16=3,"B",IF(E16=4,"B+",IF(E16=5,"A"))))) -> C | E16: 1 | F16: Fire RA | G16: ='DP overall'!F21 -> No Plan There is no countermeasure plan in place for the risks detected by the Fire RA. (D.P. Manager)
D17: =IF(E17=1,"C",IF(E17=2,"B-",IF(E17=3,"B",IF(E17=4,"B+",IF(E17=5,"A"))))) -> B- | E17: 2 | G17: ='DP overall'!H21 -> Delay without Corrective Plan There is a plan for countermeasures for the fire risk; however, the implementation is delayed, and no corrective plan has been established. (DP Manager)
D18: =IF(E18=1,"C",IF(E18=2,"B-",IF(E18=3,"B",IF(E18=4,"B+",IF(E18=5,"A"))))) -> B | E18: 3 | G18: ='DP overall'!J21 -> Ongoing / Delay with Corrective Plan There is a plan for countermeasures for the fire risk, and it is progressing according to schedule. Alternatively, if there is a delay, a corrective plan has been established and is currently being implemented. (DP Manager)
D19: =IF(E19=1,"C",IF(E19=2,"B-",IF(E19=3,"B",IF(E19=4,"B+",IF(E19=5,"A"))))) -> B+ | E19: 4 | G19: ='DP overall'!L21 -> Ahead of Schedule There is a plan for countermeasures for the fire risk, and progress is ahead of schedule, though completion has not yet been achieved. (DP Manager)
D20: =IF(E20=1,"C",IF(E20=2,"B-",IF(E20=3,"B",IF(E20=4,"B+",IF(E20=5,"A"))))) -> A | E20: 5 | G20: ='DP overall'!N21 -> Completed / Not Applicable All countermeasures for Fire Risk III and IV have been completed, or no Fire Risk III and IV have been identified. (DP Manager)
D21: =IF(E21=1,"C",IF(E21=2,"B-",IF(E21=3,"B",IF(E21=4,"B+",IF(E21=5,"A"))))) -> C | E21: 1 | F21: DP Inspection | G21: ='DP overall'!F22 -> Planned Inspection items (based on legal & BS requirements) are determined at the plant, and there is a plan for inspection. (DP Manager)
D22: =IF(E22=1,"C",IF(E22=2,"B-",IF(E22=3,"B",IF(E22=4,"B+",IF(E22=5,"A"))))) -> B- | E22: 2 | G22: ='DP overall'!H22 -> Delayed – No Corrective Plan Inspection items (based on legal & BS requirements) are determined at the plant, and there is a plan for inspection; however, the plan is delayed, and no corrective plan has been established. (DP Manager)
D23: =IF(E23=1,"C",IF(E23=2,"B-",IF(E23=3,"B",IF(E23=4,"B+",IF(E23=5,"A"))))) -> B | E23: 3 | G23: ='DP overall'!J22 -> Ongoing / Delayed with Corrective Plan Inspection items (based on legal & BS requirements) are determined at the site, and there is a plan for inspection. The plan is ongoing, with evidence that inspections have been conducted as scheduled. Alternatively, if there is a delay, a corrective plan has been established and is currently in progress. (DP Manager)
D24: =IF(E24=1,"C",IF(E24=2,"B-",IF(E24=3,"B",IF(E24=4,"B+",IF(E24=5,"A"))))) -> B+ | E24: 4 | G24: ='DP overall'!L22 -> NG Shared Inspection NG items have been shared within the plant through meetings and other communication channels. (DP Manager)
D25: =IF(E25=1,"C",IF(E25=2,"B-",IF(E25=3,"B",IF(E25=4,"B+",IF(E25=5,"A"))))) -> A | E25: 5 | G25: ='DP overall'!N22 -> Continuous Improvement Inspection items (including standards and procedures) have, in some cases, been reviewed and updated based on inspection results. (DP Manager)
D26: =IF(E26=1,"C",IF(E26=2,"B-",IF(E26=3,"B",IF(E26=4,"B+",IF(E26=5,"A"))))) -> C | E26: 1 | F26: Electrical Wiring Inspection | G26: ='DP overall'!F23 -> Not Conducted / No Plan Inspection to identify defective wiring has not been conducted at the seven visual checkpoints, or there is no plan in place to conduct it. (Including items such as outlets, plugs, overcapacity, tangled cords, electric drums) (DP manager)
D27: =IF(E27=1,"C",IF(E27=2,"B-",IF(E27=3,"B",IF(E27=4,"B+",IF(E27=5,"A"))))) -> B- | E27: 2 | G27: ='DP overall'!H23 -> Conducted but Delayed Inspection has been conducted and there is a plan in place; however, implementation is delayed at the plant. Defects identified have been immediately corrected. At least one inspection point in GENBA should be validated. (DP manager)
D28: =IF(E28=1,"C",IF(E28=2,"B-",IF(E28=3,"B",IF(E28=4,"B+",IF(E28=5,"A"))))) -> B | E28: 3 | G28: ='DP overall'!J23 -> Ongoing / Delayed with Corrective Plan There is a plan for countermeasures based on the defect wiring inspection, and it is progressing according to the plan. Alternatively, if there is a delay, a corrective plan has been established and is currently ongoing. Inspection records of electrical wiring must be confirmed. (DP Manager)
D29: =IF(E29=1,"C",IF(E29=2,"B-",IF(E29=3,"B",IF(E29=4,"B+",IF(E29=5,"A"))))) -> B+ | E29: 4 | G29: ='DP overall'!L23 -> Ahead of Schedule There is a plan for countermeasures from the defect wiring inspection, and progress is ahead of schedule, though not yet completed. (DP manager)
D30: =IF(E30=1,"C",IF(E30=2,"B-",IF(E30=3,"B",IF(E30=4,"B+",IF(E30=5,"A"))))) -> A | E30: 5 | G30: ='DP overall'!N23 -> Completed / No Defects Based on the results of the electrical wiring inspection, no defects requiring countermeasures were identified. (All countermeasures have been completed and no defects were detected.) At least one GENBA should be validated.
D31: =IF(E31=1,"C",IF(E31=2,"B-",IF(E31=3,"B",IF(E31=4,"B+",IF(E31=5,"A"))))) -> C | E31: 1 | F31: ='DP overall'!E24 -> Abnormal noise/ vibration and temperature inspection (Motor, M/C moving part) | G31: ='DP overall'!F24 -> Not Conducted / No Plan Noise/Vibration and Temperature inspection has not been conducted, or there is no plan in place to conduct it. At least one case in GENBA must be validated. (DP manager)
D32: =IF(E32=1,"C",IF(E32=2,"B-",IF(E32=3,"B",IF(E32=4,"B+",IF(E32=5,"A"))))) -> B- | E32: 2 | G32: ='DP overall'!H24 -> Conducted but Delayed Noise/Vibration and Temperature inspection has been conducted, and there is a plan in place; however, the plan is delayed. At least one case in GENBA must be validated. (DP manager)
D33: =IF(E33=1,"C",IF(E33=2,"B-",IF(E33=3,"B",IF(E33=4,"B+",IF(E33=5,"A"))))) -> B | E33: 3 | G33: ='DP overall'!J24 -> Ongoing / Delayed with Corrective Plan / Completed There is a plan for countermeasures from the Noise/Vibration and Temperature inspection, and it is progressing according to the plan. Alternatively, if there is a delay, a corrective plan has been established and is currently ongoing. In some cases, all countermeasures have already been completed. (DP manager)
D34: =IF(E34=1,"C",IF(E34=2,"B-",IF(E34=3,"B",IF(E34=4,"B+",IF(E34=5,"A"))))) -> B+ | E34: 4 | G34: ='DP overall'!L24 -> Ahead of Schedule There is a plan for countermeasures from the Noise/Vibration and Temperature inspection, and progress is ahead of schedule, though not yet completed. (DP Manager)
D35: =IF(E35=1,"C",IF(E35=2,"B-",IF(E35=3,"B",IF(E35=4,"B+",IF(E35=5,"A"))))) -> A | E35: 5 | G35: ='DP overall'!N24 -> Completed / No Defects Based on the results of the Noise/Vibration and Temperature inspection, no defects requiring countermeasures were identified. (All countermeasures have been completed and no defects were detected.) At least one GENBA must be validated. (DP manager)
C36: Business Strategy Adjustment | D36: =IF(E36=1,"C",IF(E36=2,"B-",IF(E36=3,"B",IF(E36=4,"B+",IF(E36=5,"A"))))) -> C | E36: 1 | F36: Policy/ Purpose/ Target | G36: ='DP overall'!F25 -> Not Issued D.P. policy/target has not been issued. (DP Manager)
D37: =IF(E37=1,"C",IF(E37=2,"B-",IF(E37=3,"B",IF(E37=4,"B+",IF(E37=5,"A"))))) -> A | E37: 5 | G37: ='DP overall'!N25 -> Benchmarking There is evidence of OH&S benchmarking with other sites. (System: DP Manager: No.123)
D38: =IF(E38=1,"C",IF(E38=2,"B-",IF(E38=3,"B",IF(E38=4,"B+",IF(E38=5,"A"))))) -> C | E38: 1 | F38: Implementation Plan | G38: ='DP overall'!F26 -> Not Issued D.P. policy/target has not been issued. (DP Manager)
D39: =IF(E39=1,"C",IF(E39=2,"B-",IF(E39=3,"B",IF(E39=4,"B+",IF(E39=5,"A"))))) -> C | E39: 1 | F39: Audit | G39: ='DP overall'!F27 -> Not Conducted Internal audit has not been conducted. (DP Manager)
D40: =IF(E40=1,"C",IF(E40=2,"B-",IF(E40=3,"B",IF(E40=4,"B+",IF(E40=5,"A"))))) -> B- | E40: 2 | G40: ='DP overall'!H27 -> Conducted – Not Shared Internal audit has been conducted, but the results have not been shared within the plant. (DP Manager)
D41: =IF(E41=1,"C",IF(E41=2,"B-",IF(E41=3,"B",IF(E41=4,"B+",IF(E41=5,"A"))))) -> B | E41: 3 | G41: ='DP overall'!J27 -> Conducted – Shared Internal audit has been conducted, and the results have been shared within the plant, including with managers. (DP Manager)
D42: =IF(E42=1,"C",IF(E42=2,"B-",IF(E42=3,"B",IF(E42=4,"B+",IF(E42=5,"A"))))) -> B+ | E42: 4 | G42: ='DP overall'!L27 -> KAIZEN Plan & Implementation Based on the results of the internal audit, a KAIZEN plan has been developed and implemented according to the plan. (DP Manager)
D43: =IF(E43=1,"C",IF(E43=2,"B-",IF(E43=3,"B",IF(E43=4,"B+",IF(E43=5,"A"))))) -> A | E43: 5 | G43: ='DP overall'!N27 -> No Non-Conformities in QM Audit There is no non-conformity (Major/Minor) identified in the QM audit. (DP Manager)
C44: Independency and Continuity | D44: =IF(E44=1,"C",IF(E44=2,"B-",IF(E44=3,"B",IF(E44=4,"B+",IF(E44=5,"A"))))) -> A | E44: 5 | F44: ='DP overall'!E28 -> 3S for flammable/ combustible material storage | G44: ='DP overall'!N28 -> Best Practice Integration & Benchmarking Best practices on 3S have been collected from other plants/industries and incorporated into site procedures, with evidence of benchmarking or comparison with other plants. (System: DP Manager: No.133)
D45: =IF(E45=1,"C",IF(E45=2,"B-",IF(E45=3,"B",IF(E45=4,"B+",IF(E45=5,"A"))))) -> C | E45: 1 | F45: Fire Fighting | G45: ='DP overall'!F31 -> No Training Fire extinguisher training has not been provided. ※ If training is provided, the judgement is “Yes”; if not, the judgement is “No.”
D46: =IF(E46=1,"C",IF(E46=2,"B-",IF(E46=3,"B",IF(E46=4,"B+",IF(E46=5,"A"))))) -> B- | E46: 2 | G46: ='DP overall'!H31 -> Limited Training Fire extinguisher training has been provided only to limited (not all) employees in the facility. Water spraying drills have been provided only to limited (not all) self-firefighting members in the facility.
D47: =IF(E47=1,"C",IF(E47=2,"B-",IF(E47=3,"B",IF(E47=4,"B+",IF(E47=5,"A"))))) -> B | E47: 3 | G47: ='DP overall'!J31 -> Annual Training for All Employees Fire extinguisher training and education are provided to all employees in the facility at least once per year. Water spraying drills are provided annually to all employees appointed as self-firefighting members in the facility.
D48: =IF(E48=1,"C",IF(E48=2,"B-",IF(E48=3,"B",IF(E48=4,"B+",IF(E48=5,"A"))))) -> B+ | E48: 4 | G48: ='DP overall'!L31 -> Expanded Training Water spraying drills and education are also provided at least once per year to employees who are not self-firefighting members. (Disaster Prevention Department)
D49: =IF(E49=1,"C",IF(E49=2,"B-",IF(E49=3,"B",IF(E49=4,"B+",IF(E49=5,"A"))))) -> A | E49: 5 | G49: ='DP overall'!N31 -> Practical Training for Irregular Situations The site plans and conducts practical training for irregular situations such as: - fire at night - electrical power outage - fire on holidays - sudden/unexpected fires
D50: =IF(E50=1,"C",IF(E50=2,"B-",IF(E50=3,"B",IF(E50=4,"B+",IF(E50=5,"A"))))) -> C | E50: 1 | F50: Hot Work | G50: ='DP overall'!F32 -> No Standard / Unsafe Practice There is no standard for hot work, or hot work equipment is used without: - advance application, - advance check*(e.g., presence of combustibles/flammables, preparation of extinguisher/water, spark prevention), - assignment of fire watcher, or - checking for residual fire after work. (If any one of these is missing/defective, the judgement is “No.”)
D51: =IF(E51=1,"C",IF(E51=2,"B-",IF(E51=3,"B",IF(E51=4,"B+",IF(E51=5,"A"))))) -> B- | E51: 2 | G51: ='DP overall'!H32 -> Standards Exist – Defects in Implementation Standards for hot work exist and equipment is used with advance application. However, there are defects in areas such as advance check, assignment of fire watcher, residual fire check, or 3S practices.
D52: =IF(E52=1,"C",IF(E52=2,"B-",IF(E52=3,"B",IF(E52=4,"B+",IF(E52=5,"A"))))) -> B | E52: 3 | G52: ='DP overall'!J32 -> Controlled According to Standards Hot work is controlled in accordance with established standards. ※ At least one site (construction area, periodic repair area, or designated hot work area) must be checked.
D53: =IF(E53=1,"C",IF(E53=2,"B-",IF(E53=3,"B",IF(E53=4,"B+",IF(E53=5,"A"))))) -> C | E53: 1 | F53: ='DP overall'!E34 -> Flammable Material Storage and Usage Area | G53: ='DP overall'!F34 -> Not Inspected / No Controls Flammable material storage and usage areas are not inspected regularly, or inspections are conducted but with no plan to solve problems. No measures are in place to control electrostatic risks (e.g., no grounding/bonding, no humidity control, no anti-static flooring). No monitoring of heat sources (e.g., sunlight exposure, hot surfaces, or nearby equipment generating heat). (DP Manager)
D54: =IF(E54=1,"C",IF(E54=2,"B-",IF(E54=3,"B",IF(E54=4,"B+",IF(E54=5,"A"))))) -> B- | E54: 2 | G54: ='DP overall'!H34 -> Inspection but Delayed / No Recovery Plan Inspections are conducted and risks are identified, but countermeasure implementation is delayed, with no corrective plan to catch up. (DP Manager)
D55: =IF(E55=1,"C",IF(E55=2,"B-",IF(E55=3,"B",IF(E55=4,"B+",IF(E55=5,"A"))))) -> B | E55: 3 | G55: ='DP overall'!J34 -> Plan in Progress (or with Recovery Plan) There is a planned and periodic inspection of fire risks in flammable material storage and usage areas. If NG items related to electrostatic or heat risks are identified, countermeasures are implemented. Storage is arranged to avoid proximity to heat sources, and ventilation or temperature control is introduced as necessary. If delays occur, corrective plans are reviewed and actions are ongoing. (DP Manager)
D56: =IF(E56=1,"C",IF(E56=2,"B-",IF(E56=3,"B",IF(E56=4,"B+",IF(E56=5,"A"))))) -> B+ | E56: 4 | G56: ='DP overall'!L34 -> Immediate Action When problems are found, they are solved immediately. If only temporary measures are applied, permanent measures are planned and moved forward.
D57: =IF(E57=1,"C",IF(E57=2,"B-",IF(E57=3,"B",IF(E57=4,"B+",IF(E57=5,"A"))))) -> A | E57: 5 | G57: ='DP overall'!N34 -> No Problems / Fully Resolved There are no problems, or all previously identified problems have already been solved, and no defects are detected. ※ Confirm at least one example of completed measures on-site.
D58: =IF(E58=1,"C",IF(E58=2,"B-",IF(E58=3,"B",IF(E58=4,"B+",IF(E58=5,"A"))))) -> C | E58: 1 | F58: ='DP overall'!E35 -> Equipment grounding & bounding for Gasoline Cement equipment | G58: ='DP overall'!F35 -> No Grounding / No Plan Gasoline cement equipment is not grounded or bonded, and there is no plan for grounding/bonding inspection. (DP Manager)
D59: =IF(E59=1,"C",IF(E59=2,"B-",IF(E59=3,"B",IF(E59=4,"B+",IF(E59=5,"A"))))) -> B- | E59: 2 | G59: ='DP overall'!H35 -> Inspection but Delay / No Corrective Action Grounding and bonding inspections are carried out, but delays exist in implementing corrective actions, and no recovery plan is established. (DP Manager)
D60: =IF(E60=1,"C",IF(E60=2,"B-",IF(E60=3,"B",IF(E60=4,"B+",IF(E60=5,"A"))))) -> B | E60: 3 | G60: ='DP overall'!J35 -> Plan in Progress (or with Recovery Plan) A grounding and bonding inspection plan exists and is being implemented as planned. If delayed, a corrective plan has been established and is ongoing. (DP Manager)
D61: =IF(E61=1,"C",IF(E61=2,"B-",IF(E61=3,"B",IF(E61=4,"B+",IF(E61=5,"A"))))) -> B+ | E61: 4 | G61: ='DP overall'!L35 -> Onsite confirm implementation Grounding and bonding are inspected periodically, and any NG items are corrected immediately or with a clear recovery plan and complete as plan or ahead plan. On-site verification confirms compliance. (DP Manager)
D62: =IF(E62=1,"C",IF(E62=2,"B-",IF(E62=3,"B",IF(E62=4,"B+",IF(E62=5,"A"))))) -> A | E62: 5 | G62: ='DP overall'!N35 -> Fully Controlled / Continuous Improvement All gasoline cement equipment is properly grounded and bonded. No defects are found, or all defects have already been solved. Best practices or lessons learned are reflected in the grounding and bonding program for continuous improvement. (DP Manager)
D63: =IF(E63=1,"C",IF(E63=2,"B-",IF(E63=3,"B",IF(E63=4,"B+",IF(E63=5,"A"))))) -> C | E63: 1 | F63: ='DP overall'!E36 -> Control of specified combustibles handling areas | G63: ='DP overall'!F36 -> Not Inspected / No 3S Standard Specified combustibles handling areas are not inspected regularly, or inspections are conducted but with no plan to solve identified problems. There is no 3S visual standard (MAP, position, number of things, cleaning level, etc.), or 3S is not conducted according to the 3S standards. (Example: Combustible cutting oil, machine oil storage, waste materials storage) (DP Manager)
D64: =IF(E64=1,"C",IF(E64=2,"B-",IF(E64=3,"B",IF(E64=4,"B+",IF(E64=5,"A"))))) -> B- | E64: 2 | G64: ='DP overall'!H36 -> Inspection with Delay Inspections are carried out and measures to solve the problems are planned, but the plan is delayed. 3S is conducted as per the 3S standards. ※ The plan is not reviewed to catch up. ※ At least one site where the inspection was carried out should be checked. (DP Manager)
D65: =IF(E65=1,"C",IF(E65=2,"B-",IF(E65=3,"B",IF(E65=4,"B+",IF(E65=5,"A"))))) -> B | E65: 3 | G65: ='DP overall'!J36 -> Plan in Progress (or with Reviewed Delay) There is a plan to solve the problems, and measures are being implemented according to the plan. If the plan is delayed with adequate reason, it is reviewed, and measures are conducted according to the reviewed plan (on-going). 3S is conducted as per the 3S standards. (DP Manager)
D66: =IF(E66=1,"C",IF(E66=2,"B-",IF(E66=3,"B",IF(E66=4,"B+",IF(E66=5,"A"))))) -> B+ | E66: 4 | G66: ='DP overall'!L36 -> Immediate Action on Findings When problems are found, they are solved immediately, or a corrective plan is developed and moved forward without delay. 3S is conducted as per the 3S standards. (DP Manager)
D67: =IF(E67=1,"C",IF(E67=2,"B-",IF(E67=3,"B",IF(E67=4,"B+",IF(E67=5,"A"))))) -> A | E67: 5 | G67: ='DP overall'!N36 -> Fully Controlled / No Defects There are no problems, or all identified problems have already been solved and no defects remain. 3S is conducted as per the 3S standards. ※ At least one example of the completed measures on-site should be confirmed. (DP Manager)
D68: =IF(E68=1,"C",IF(E68=2,"B-",IF(E68=3,"B",IF(E68=4,"B+",IF(E68=5,"A"))))) -> C | E68: 1 | F68: ='DP overall'!E37 -> Arson Prevention Control | G68: ='DP overall'!F37 -> No Prevention System There is no security system or preventive measures against arson in place. No patrols, no monitoring system, or no responsibility assigned.
D69: =IF(E69=1,"C",IF(E69=2,"B-",IF(E69=3,"B",IF(E69=4,"B+",IF(E69=5,"A"))))) -> B- | E69: 2 | G69: ='DP overall'!H37 -> Basic Measures but Incomplete A security system (e.g., CCTV, infrared sensors) is planned or partially installed, but patrols and checks are inconsistent. Patrol records are not complete or not reviewed.
D70: =IF(E70=1,"C",IF(E70=2,"B-",IF(E70=3,"B",IF(E70=4,"B+",IF(E70=5,"A"))))) -> B | E70: 3 | G70: ='DP overall'!J37 -> System & Patrol Implemented Security systems (CCTV, infrared sensors) are installed and functional. Security guards regularly patrol combustible storage areas and record the results. DP staff check patrol records and alarm logs regularly.
D71: =IF(E71=1,"C",IF(E71=2,"B-",IF(E71=3,"B",IF(E71=4,"B+",IF(E71=5,"A"))))) -> B+ | E71: 4 | G71: ='DP overall'!L37 -> Monitoring & Corrective Actions Arson prevention patrols are implemented consistently, records are checked, and corrective instructions are given when problems are identified. Regular monthly checks of records are performed by DP staff.
D72: =IF(E72=1,"C",IF(E72=2,"B-",IF(E72=3,"B",IF(E72=4,"B+",IF(E72=5,"A"))))) -> A | E72: 5 | G72: ='DP overall'!N37 -> Fully Controlled & Reviewed Arson prevention measures are fully established, integrated into site security management, and reviewed periodically. Countermeasures are immediately applied when issues are detected. All records (patrols, alarms, corrective actions) are complete and traceable.
D73: =IF(E73=1,"C",IF(E73=2,"B-",IF(E73=3,"B",IF(E73=4,"B+",IF(E73=5,"A"))))) -> C | E73: 1 | F73: ='DP overall'!E38 -> Smoking control | G73: ='DP overall'!F38 -> Not Controlled / Non-Compliant Smoking areas are not designated or managed, and smoking occurs outside the designated areas. There is no standard for smoking control, or no ashtray/noncombustible container is provided.
D74: =IF(E74=1,"C",IF(E74=2,"B-",IF(E74=3,"B",IF(E74=4,"B+",IF(E74=5,"A"))))) -> B- | E74: 2 | G74: ='DP overall'!H38 -> Standards Prepared but Weak Enforcement Standards for smoking control exist, and smoking areas are designated. However, inspections are irregular, and defects (e.g., cigarette butts not in noncombustible containers, missing ashtray/water/fire extinguisher) are not solved promptly.
D75: =IF(E75=1,"C",IF(E75=2,"B-",IF(E75=3,"B",IF(E75=4,"B+",IF(E75=5,"A"))))) -> B | E75: 3 | G75: ='DP overall'!J38 -> Inspection plan designed, NG on delay to improve Smoking areas are designated and fully prepared according to standards. Inspections are carried out regularly (e.g., monthly) to confirm compliance. If there is delay or non-compliance, corrective measures are planned and being implemented.
D76: =IF(E76=1,"C",IF(E76=2,"B-",IF(E76=3,"B",IF(E76=4,"B+",IF(E76=5,"A"))))) -> B+ | E76: 4 | G76: ='DP overall'!L38 -> Active Monitoring & no delay Corrective Action Smoking areas are regularly patrolled and checked (cigarette butt collection, removal of unnecessary combustibles, equipment availability). If standards are not followed, the F.P. Manager gives instructions for correction and follows up until completion.
D77: =IF(E77=1,"C",IF(E77=2,"B-",IF(E77=3,"B",IF(E77=4,"B+",IF(E77=5,"A"))))) -> A | E77: 5 | G77: ='DP overall'!N38 -> Fully Controlled / Best Practice All smoking areas are compliant: cigarette butts are collected in noncombustible containers, unnecessary combustible materials are not placed, and smokers fully understand and comply with smoking rules. If standards are not followed, the site takes immediate corrective action or considers closing the smoking area. (Genba)
D78: =IF(E78=1,"C",IF(E78=2,"B-",IF(E78=3,"B",IF(E78=4,"B+",IF(E78=5,"A"))))) -> C | E78: 1 | F78: ='DP overall'!E39 -> Duct inspection and cleaning | G78: ='DP overall'!F39 -> Not Inspected / No Plan Ducts are not inspected/cleaned regularly, or inspections are performed but there is no plan to solve the identified problems. Inspection holes for ducts are not installed, or there is no control standard for inspection/cleaning.
D79: =IF(E79=1,"C",IF(E79=2,"B-",IF(E79=3,"B",IF(E79=4,"B+",IF(E79=5,"A"))))) -> B- | E79: 2 | G79: ='DP overall'!H39 -> Inspection but Delayed / Incomplete Inspections and cleaning are carried out, and accumulation is checked. However, when NG conditions are found, there is no plan to improve, or a plan exists but is delayed with no recovery plan.
D80: =IF(E80=1,"C",IF(E80=2,"B-",IF(E80=3,"B",IF(E80=4,"B+",IF(E80=5,"A"))))) -> B | E80: 3 | G80: ='DP overall'!J39 -> Planned & Ongoing Measures There is a plan for duct inspection and cleaning. Accumulated dust/combustible materials are measured and cleaned according to the plan. No NG is found, or NG is found but with a clear improvement plan that is being executed on schedule.
D81: =IF(E81=1,"C",IF(E81=2,"B-",IF(E81=3,"B",IF(E81=4,"B+",IF(E81=5,"A"))))) -> B+ | E81: 4 | G81: ='DP overall'!L39 -> Analyze for root cause and improve There is a plan for duct inspection and cleaning and action as plan or ahead plan. When problems are identified (e.g., excess accumulation, foreign materials, risk of ignition), have investigate for the root cause/ analyze for proper improvement
D82: =IF(E82=1,"C",IF(E82=2,"B-",IF(E82=3,"B",IF(E82=4,"B+",IF(E82=5,"A"))))) -> A | E82: 5 | G82: ='DP overall'!N39 -> Fully Controlled / No Defects (no dust accumulated over std.) There are no issues found, or all identified problems have been completely solved. Inspection and cleaning are conducted according to standards, and ducts are within control values. All records are complete, including photos, inspection frequencies, and review by management. The duct system is managed under continuous improvement (lessons learned from past duct fires are applied).
D83: =IF(E83=1,"C",IF(E83=2,"B-",IF(E83=3,"B",IF(E83=4,"B+",IF(E83=5,"A"))))) -> C | E83: 1 | F83: Inspection of unattended areas | G83: ='DP overall'!F40 -> Not Inspected / No Plan Unattended areas are not inspected regularly, or inspections are performed but there is no plan to solve the identified problems. Firefighting equipment (e.g., fire alarms, fire extinguishers) in unattended areas has defects.※Confirm where is designated as unattended areas in the site. (DP Manager)
D84: =IF(E84=1,"C",IF(E84=2,"B-",IF(E84=3,"B",IF(E84=4,"B+",IF(E84=5,"A"))))) -> B- | E84: 2 | G84: ='DP overall'!H40 -> Inspection but Plan Delayed Inspections are carried out and measures to solve problems are planned, but the plan is delayed and not reviewed to catch up. Firefighting equipment in unattended areas has no defect. ※Check min. 1 site where the inspection was carried out. (DP Manager)
D85: =IF(E85=1,"C",IF(E85=2,"B-",IF(E85=3,"B",IF(E85=4,"B+",IF(E85=5,"A"))))) -> B | E85: 3 | G85: ='DP overall'!J40 -> Planned & Ongoing Measures There is a plan to solve problems, and measures are being implemented as planned. If the plan is delayed with adequate reason, it is reviewed and measures are executed according to the revised plan (the measure is ongoing). Firefighting equipment in unattended areas has no defect.(DP Manager)
D86: =IF(E86=1,"C",IF(E86=2,"B-",IF(E86=3,"B",IF(E86=4,"B+",IF(E86=5,"A"))))) -> B+ | E86: 4 | G86: ='DP overall'!L40 -> Immediate Action When problems are found, corrective measures are developed and promptly moved forward (the measure is ongoing). Firefighting equipment in unattended areas has no defect.(DP Manager)
D87: =IF(E87=1,"C",IF(E87=2,"B-",IF(E87=3,"B",IF(E87=4,"B+",IF(E87=5,"A"))))) -> A | E87: 5 | G87: ='DP overall'!N40 -> Fully Controlled / No Defects There are no problems, or all previously identified problems have already been solved and no defects are detected. ※Check min. 1 example of the completed measures on-site. (DP Manager)
D88: =IF(E88=1,"C",IF(E88=2,"B-",IF(E88=3,"B",IF(E88=4,"B+",IF(E88=5,"A"))))) -> C | E88: 1 | F88: ='DP overall'!E43 -> Fire wall/ shutter door inspection | G88: ='DP overall'!F43 -> Not Standardized/ / No Inspection Plan There is no map, control number, or inspection plan for fire doors/shutters. No function check is performed. (DP Manager)
D89: =IF(E89=1,"C",IF(E89=2,"B-",IF(E89=3,"B",IF(E89=4,"B+",IF(E89=5,"A"))))) -> B- | E89: 2 | G89: ='DP overall'!H43 -> Standardized & Planned for inspection Control numbers are assigned, a map of all fire doors/shutters is prepared, and an inspection plan is established but inspection delay plan (DP Manager)
D90: =IF(E90=1,"C",IF(E90=2,"B-",IF(E90=3,"B",IF(E90=4,"B+",IF(E90=5,"A"))))) -> B | E90: 3 | G90: ='DP overall'!J43 -> Inspections Conducted but delay Monthly inspections are carried out around all fire doors/shutters to ensure that no objects or machines are placed underneath. If a delay in the corrective plan exists, or NG conditions are found without countermeasures, it is still recorded under this level. (DP Manager)
D91: =IF(E91=1,"C",IF(E91=2,"B-",IF(E91=3,"B",IF(E91=4,"B+",IF(E91=5,"A"))))) -> B+ | E91: 4 | G91: ='DP overall'!L43 -> Inspection done and clear plan for improvement Monthly inspections are carried out around all fire doors/shutters to ensure that no objects or machines are placed underneath, and to check that no combustibles are placed within 1 meter of fire shutters. All NG items are identified with clear countermeasures, and improvement actions are ongoing. (DP Manager)
D92: =IF(E92=1,"C",IF(E92=2,"B-",IF(E92=3,"B",IF(E92=4,"B+",IF(E92=5,"A"))))) -> A | E92: 5 | G92: ='DP overall'!N43 -> Fully Controlled All inspections are completed ahead of schedule or according to the plan. No NG items remain, and on-site (Genba) confirmation shows full compliance with fire door/shutter requirements.
D93: =IF(E93=1,"C",IF(E93=2,"B-",IF(E93=3,"B",IF(E93=4,"B+",IF(E93=5,"A"))))) -> C | E93: 1 | F93: ='DP overall'!E44 -> Fire prevention control for kitchen | G93: ='DP overall'!F44 -> Not Standardized / No Plan There is no standard or plan for kitchen fire prevention. Main gas taps are not checked after cooking, gas leak detectors are not installed or expired, and no function test is conducted.
D94: =IF(E94=1,"C",IF(E94=2,"B-",IF(E94=3,"B",IF(E94=4,"B+",IF(E94=5,"A"))))) -> B- | E94: 2 | G94: ='DP overall'!H44 -> Standardized but No Records Periodic inspection/checking has been standardized for: Closing the main gas tap after cooking Gas leak detector expiration date check Gas function test However, there are no actual records to confirm that inspections are being conducted.
D95: =IF(E95=1,"C",IF(E95=2,"B-",IF(E95=3,"B",IF(E95=4,"B+",IF(E95=5,"A"))))) -> B | E95: 3 | G95: ='DP overall'!J44 -> Improvement done or with recovery plan There are actual records of periodic inspection/checking at the facility kitchen. Any issues found during inspections have already been corrected, or a recovery plan has been established and is being implemented.
D96: =IF(E96=1,"C",IF(E96=2,"B-",IF(E96=3,"B",IF(E96=4,"B+",IF(E96=5,"A"))))) -> B+ | E96: 4 | G96: ='DP overall'!L44 -> Improvement done ahead plan There are actual records of periodic inspection/checking at the facility kitchen. Any issues found during inspections have already been completed ahead plan. No unresolved defects remain on-site (Genba) without a clear plan.
D97: =IF(E97=1,"C",IF(E97=2,"B-",IF(E97=3,"B",IF(E97=4,"B+",IF(E97=5,"A"))))) -> A | E97: 5 | G97: ='DP overall'!N44 -> Fully Controlled / Continuous Improvement Kitchen fire prevention is fully controlled: All inspections are completed according to standards No defects are found, or all previous findings have been resolved Lessons learned are applied, and continuous improvement measures are implemented (e.g., upgrading detectors, awareness training for staff).
C98: Integration/ Incorporation | D98: =IF(E98=1,"C",IF(E98=2,"B-",IF(E98=3,"B",IF(E98=4,"B+",IF(E98=5,"A"))))) -> C | E98: 1 | F98: DP Organization | G98: ='DP overall'!F45 -> Not Assigned There is no an EHS Manager assigned. (DP manager)
D99: =IF(E99=1,"C",IF(E99=2,"B-",IF(E99=3,"B",IF(E99=4,"B+",IF(E99=5,"A"))))) -> B- | E99: 2 | G99: ='DP overall'!H45 -> Manager with Multiple Roles There is an EHS Manager, but he/she also holds multiple roles in the plant. (DP manager)
D100: =IF(E100=1,"C",IF(E100=2,"B-",IF(E100=3,"B",IF(E100=4,"B+",IF(E100=5,"A"))))) -> B | E100: 3 | G100: ='DP overall'!J45 -> Exclusive Safety/DP Manager + Staff Assigned The Safety/DP Manager’s role is an exclusive duty (managing only safety and DP, with no other jobs assigned). Additionally, a safety staff is assigned in the plant. (DP Manager)
D101: =IF(E101=1,"C",IF(E101=2,"B-",IF(E101=3,"B",IF(E101=4,"B+",IF(E101=5,"A"))))) -> B+ | E101: 4 | G101: ='DP overall'!L45 -> Exclusive Manager + Exclusive Safety Staff The Safety/DP Manager’s role is exclusive duty (managing only safety and DP). The Safety Staff’s role is also exclusive duty.(DP Manager)
...

Sheet MGR
C2: Solidification Assessment [DP] - Manager Sheet
C3: Solidification 5 items | D3: Score | E3: Point | F3: Secondary Categoty | G3: Criteria | H3: Judge
C4: Business Strategy Adjustment | D4: =IF(E4=1,"C",IF(E4=2,"B-",IF(E4=3,"B",IF(E4=4,"B+",IF(E4=5,"A"))))) -> B- | E4: 2 | F4: ='DP overall'!E25 -> Policy/ Purpose/ Target | G4: ='DP overall'!H25 -> Management have Information Management can show the site's OH&S objectives and goals. (System: Manager: No.66) *Ask Manager (not safety)
D5: =IF(E5=1,"C",IF(E5=2,"B-",IF(E5=3,"B",IF(E5=4,"B+",IF(E5=5,"A"))))) -> B | E5: 3 | G5: ='DP overall'!J25 -> Management Understanding Management can describe and explain the site's OH&S objectives and goals. (System: Manager: No.66) *Ask Manager (not safety)
D6: =IF(E6=1,"C",IF(E6=2,"B-",IF(E6=3,"B",IF(E6=4,"B+",IF(E6=5,"A"))))) -> B+ | E6: 4 | G6: ='DP overall'!L25 -> Planned Goals Aligned with Risks The plan contains goals to be achieved which are relevant to the incidents and risks identified by the SBU. (System: Manager: No.98) *Ask Manager (not safety)
D7: =IF(E7=1,"C",IF(E7=2,"B-",IF(E7=3,"B",IF(E7=4,"B+",IF(E7=5,"A"))))) -> B- | E7: 2 | F7: ='DP overall'!E26 -> Implementation Plan | G7: ='DP overall'!H26 -> Basic KPI Tracking D.P. KPIs are tracked at the plant, department, and line level. Site leadership follows D.P. KPIs and provides directions to review the D.P. program if necessary.(Leadership: Plant Manager: No.6) *Ask Manager (not safety)
D8: =IF(E8=1,"C",IF(E8=2,"B-",IF(E8=3,"B",IF(E8=4,"B+",IF(E8=5,"A"))))) -> B | E8: 3 | G8: ='DP overall'!J26 -> KPI Tracking with Corrective Actions D.P. KPIs are tracked consistently at multiple levels. If delays or issues are identified, corrective actions are planned and are in progress to ensure alignment with D.P. objectives.(Leadership: Plant Manager: No.6) *Ask Manager (not safety)
D9: =IF(E9=1,"C",IF(E9=2,"B-",IF(E9=3,"B",IF(E9=4,"B+",IF(E9=5,"A"))))) -> B+ | E9: 4 | G9: ='DP overall'!L26 -> Advanced KPI Tracking (Leading & Lagging Indicators) D.P. KPIs are tracked positively at the plant, department, and line level, using both leading indicators (e.g., training completion rate, inspection results) and lagging indicators (e.g., number of fires). Site leadership monitors both types of indicators and provides directions to review and improve D.P. programs as necessary. (Leadership: Plant Manager: No.14) *Ask Manager (not safety)
D10: =IF(E10=1,"C",IF(E10=2,"B-",IF(E10=3,"B",IF(E10=4,"B+",IF(E10=5,"A"))))) -> A | E10: 5 | G10: ='DP overall'!N26 -> Strategic Implementation & Continuous Review The Plant Manager can describe the D.P. strategy, its goals, and the approach to achieve them. The strategy is reviewed quarterly to assess progress and validity, with revisions or instructions implemented by the Plant Manager.(Leadership: Plant manager: No.21) *Ask Manager (not safety)
C11: Integration/ Incorporation | D11: =IF(E11=1,"C",IF(E11=2,"B-",IF(E11=3,"B",IF(E11=4,"B+",IF(E11=5,"A"))))) -> C | E11: 1 | F11: ='DP overall'!E47 -> Budget | G11: ='DP overall'!F47 -> Not Enough Budget The budget for recurrence prevention, RA countermeasures, and working hours (human resources) is insufficient. (DP Manager) *Ask Manager (not safety)
