Workbook

Sheet Safety Report
X1: Issue:
W2: Date:
B3: Safety Solidification Report
B4: Site | G4: Date
B6: QM foundation (management system) 3 axes
C8: Items | J8: 2025 | L8: 2028 | O8: 3 Axes Chart
J9: Score | K9: Level | L9: Score | M9: Level
I10: Total Avg | J10: =Cal!D47 -> 4.8333333 | K10: =IF(J10<2,"C",IF(J10<3,"B-",IF(J10<4,"B",IF(J10<5,"B+",IF(J10=5,"A",""))))) -> B+
D11: 3 Axes Evaluation | E11: Risk Detection and Reduction/Continuous Improvement | H11: Avg | J11: =Cal!D46 -> 4.5 | K11: =IF(J11=5,"A",IF(J11>=4,"B+",IF(J11>=3,"B",IF(J11>=2,"B-",IF(J11>=1, "C","-"))))) -> B+
H12: Distribution | I12: B+ or more | J12: =Cal!E61 -> 7
I13: B | J13: =Cal!E62 -> 0
I14: B- | J14: =Cal!E63 -> 0
I15: C | J15: =Cal!E64 -> 1
E16: Safety Rule Compliance/Safety Awareness Cultivation | H16: Avg | J16: =Cal!D44 -> 5 | K16: =IF(J16=5,"A",IF(J16>=4,"B+",IF(J16>=3,"B",IF(J16>=2,"B-",IF(J16>=1, "C","-"))))) -> A
H17: Distribution | I17: B+ or more | J17: =Cal!E67 -> 5
I18: B | J18: =Cal!E68 -> 0 | O18: Distribution
I19: B- | J19: =Cal!E69 -> 0 | O19: Risk | Q19: 2028
I20: C | J20: =Cal!E70 -> 0 | Q20: 2025
E21: Strengthening of Governance and Systems to Make Quality Management More Effective | H21: Avg | J21: =Cal!D45 -> 5 | K21: =IF(J21=5,"A",IF(J21>=4,"B+",IF(J21>=3,"B",IF(J21>=2,"B-",IF(J21>=1, "C","-"))))) -> A | O21: Compliance | Q21: 2028
H22: Distribution | I22: B+ or more | J22: =Cal!E73 -> 15 | Q22: 2025
I23: B | J23: =Cal!E74 -> 0 | O23: Governance | Q23: 2028
I24: B- | J24: =Cal!E75 -> 0 | Q24: 2025
I25: C | J25: =Cal!E76 -> 0
B27: QM foundation (management system) 5 axes
C29: Solidification 5 items | F29: 2025 | J29: 2028 | O29: Ave Score | T29: Min Score
F30: Avg | H30: Min | J30: Avg | L30: Min
F31: Score | G31: Level | H31: Score | I31: Level | J31: Score | K31: Level | L31: Score | M31: Level
C32: Issue solving | F32: =Cal!$E52 -> 4 | G32: =IF(F32<2,"C",IF(F32<3,"B-",IF(F32<4,"B",IF(F32<5,"B+",IF(F32=5,"A",""))))) -> B+ | H32: =Cal!$D52 -> 1 | I32: =IF(H32<2,"C",IF(H32<3,"B-",IF(H32<4,"B",IF(H32<5,"B+",IF(H32=5,"A",""))))) -> C
C33: Risk Management | F33: =Cal!$E53 -> 5 | G33: =IF(F33<2,"C",IF(F33<3,"B-",IF(F33<4,"B",IF(F33<5,"B+",IF(F33=5,"A",""))))) -> A | H33: =Cal!$D53 -> 5 | I33: =IF(H33<2,"C",IF(H33<3,"B-",IF(H33<4,"B",IF(H33<5,"B+",IF(H33=5,"A",""))))) -> A
C34: Business Strategy Adjustment | F34: =Cal!$E54 -> 5 | G34: =IF(F34<2,"C",IF(F34<3,"B-",IF(F34<4,"B",IF(F34<5,"B+",IF(F34=5,"A",""))))) -> A | H34: =Cal!$D54 -> 5 | I34: =IF(H34<2,"C",IF(H34<3,"B-",IF(H34<4,"B",IF(H34<5,"B+",IF(H34=5,"A",""))))) -> A
C35: Independency and Continuity | F35: =Cal!$E55 -> 5 | G35: =IF(F35<2,"C",IF(F35<3,"B-",IF(F35<4,"B",IF(F35<5,"B+",IF(F35=5,"A",""))))) -> A | H35: =Cal!$D55 -> 5 | I35: =IF(H35<2,"C",IF(H35<3,"B-",IF(H35<4,"B",IF(H35<5,"B+",IF(H35=5,"A",""))))) -> A
C36: Integration/ Incorporation | F36: =Cal!$E56 -> 5 | G36: =IF(F36<2,"C",IF(F36<3,"B-",IF(F36<4,"B",IF(F36<5,"B+",IF(F36=5,"A",""))))) -> A | H36: =Cal!$D56 -> 5 | I36: =IF(H36<2,"C",IF(H36<3,"B-",IF(H36<4,"B",IF(H36<5,"B+",IF(H36=5,"A",""))))) -> A
C38: Total | F38: =AVERAGE(F32:F36) -> 4.8 | G38: =IF(F38<2,"C",IF(F38<3,"B-",IF(F38<4,"B",IF(F38<5,"B+",IF(F38=5,"A",""))))) -> B+ | H38: =AVERAGE(H32:H36) -> 4.2 | I38: =IF(H38<2,"C",IF(H38<3,"B-",IF(H38<4,"B",IF(H38<5,"B+",IF(H38=5,"A",""))))) -> B+
B40: Comment

Sheet (ref.) Safety Cover
B3: Safety Solidification Report
B4: Site | G4: Date
B6: QM foundation (management system) 3 axes
C8: Items | J8: 2025 | L8: 2024 | O8: 3 Axes Chart
J9: Score | L9: Score
I10: Total Ave | J10: ='(ref.) Cal'!E43 -> #REF! | K10: =IF(J10<2,"C",IF(J10<3,"B-",IF(J10<4,"B",IF(J10<5,"B+",IF(J10=5,"A",""))))) -> #REF! | L10: ='(ref.) Cal'!D43 -> #N/A | M10: =IF(L10=5,"A",IF(L10>=4,"B+",IF(L10>=3,"B",IF(L10>=2,"B-",IF(L10>=1, "C","-"))))) -> #N/A
D11: 3 Axes Evaluation | E11: Risk Detection and Reduction/Continuous Improvement | H11: Ave | J11: ='(ref.) Cal'!E42 -> #REF! | K11: =IF(J11=5,"A",IF(J11>=4,"B+",IF(J11>=3,"B",IF(J11>=2,"B-",IF(J11>=1, "C","-"))))) -> #REF! | L11: ='(ref.) Cal'!D42 -> #N/A | M11: =IF(L11=5,"A",IF(L11>=4,"B+",IF(L11>=3,"B",IF(L11>=2,"B-",IF(L11>=1, "C","-"))))) -> #N/A
H12: Distribution | I12: B+ or more | J12: ='(ref.) Cal'!F57 -> 7 | L12: ='(ref.) Cal'!E57 -> 0
I13: B | J13: ='(ref.) Cal'!F58 -> 0 | L13: ='(ref.) Cal'!E58 -> 0
I14: B- | J14: ='(ref.) Cal'!F59 -> 0 | L14: ='(ref.) Cal'!E59 -> 0
I15: C | J15: ='(ref.) Cal'!F60 -> 1 | L15: ='(ref.) Cal'!E60 -> 0
E16: Safety Rule Compliance/Safety Awareness Cultivation | H16: Ave | J16: ='(ref.) Cal'!E40 -> 5 | K16: =IF(J16=5,"A",IF(J16>=4,"B+",IF(J16>=3,"B",IF(J16>=2,"B-",IF(J16>=1, "C","-"))))) -> A | L16: ='(ref.) Cal'!D40 -> #N/A | M16: =IF(L16=5,"A",IF(L16>=4,"B+",IF(L16>=3,"B",IF(L16>=2,"B-",IF(L16>=1, "C","-"))))) -> #N/A
H17: Distribution | I17: B+ or more | J17: ='(ref.) Cal'!F63 -> 5 | L17: ='(ref.) Cal'!E63 -> 0
I18: B | J18: ='(ref.) Cal'!F64 -> 0 | L18: ='(ref.) Cal'!E64 -> 0 | O18: Distribution
I19: B- | J19: ='(ref.) Cal'!F65 -> 0 | L19: ='(ref.) Cal'!E65 -> 0 | O19: Risk | Q19: 2025
I20: C | J20: ='(ref.) Cal'!F66 -> 0 | L20: ='(ref.) Cal'!E66 -> 0 | Q20: 2024
E21: Strengthening of Governance and Systems to Make Quality Management More Effective | H21: Ave | J21: ='(ref.) Cal'!E41 -> 5 | K21: =IF(J21=5,"A",IF(J21>=4,"B+",IF(J21>=3,"B",IF(J21>=2,"B-",IF(J21>=1, "C","-"))))) -> A | L21: ='(ref.) Cal'!D41 -> #N/A | M21: =IF(L21=5,"A",IF(L21>=4,"B+",IF(L21>=3,"B",IF(L21>=2,"B-",IF(L21>=1, "C","-"))))) -> #N/A | O21: Compliance | Q21: 2025
H22: Distribution | I22: B+ or more | J22: ='(ref.) Cal'!F69 -> 12 | L22: ='(ref.) Cal'!E69 -> 0 | Q22: 2024
I23: B | J23: ='(ref.) Cal'!F70 -> 0 | L23: ='(ref.) Cal'!E70 -> 0 | O23: Governance | Q23: 2025
I24: B- | J24: ='(ref.) Cal'!F71 -> 0 | L24: ='(ref.) Cal'!E71 -> 0 | Q24: 2024
I25: C | J25: ='(ref.) Cal'!F72 -> 0 | L25: ='(ref.) Cal'!E72 -> 0
B27: QM foundation (management system) 5 axes
C29: Solidification 5 items | F29: 2025 | J29: 2024 | O29: Ave Score | T29: Min Score
F30: Ave | H30: Min | J30: Ave | L30: Min
F31: Score | H31: Score | J31: Score | L31: Score
C32: Issue solving | F32: ='(ref.) Cal'!G48 -> 4 | G32: =IF(F32<2,"C",IF(F32<3,"B-",IF(F32<4,"B",IF(F32<5,"B+",IF(F32=5,"A",""))))) -> B+ | H32: ='(ref.) Cal'!F48 -> 1 | I32: =IF(H32<2,"C",IF(H32<3,"B-",IF(H32<4,"B",IF(H32<5,"B+",IF(H32=5,"A",""))))) -> C | J32: ='(ref.) Cal'!E48 -> #N/A | K32: =IF(J32<2,"C",IF(J32<3,"B-",IF(J32<4,"B",IF(J32<5,"B+",IF(J32=5,"A",""))))) -> #N/A | L32: ='(ref.) Cal'!D48 -> #N/A | M32: =IF(L32<2,"C",IF(L32<3,"B-",IF(L32<4,"B",IF(L32<5,"B+",IF(L32=5,"A",""))))) -> #N/A
C33: Risk Management | F33: ='(ref.) Cal'!G49 -> 5 | G33: =IF(F33<2,"C",IF(F33<3,"B-",IF(F33<4,"B",IF(F33<5,"B+",IF(F33=5,"A",""))))) -> A | H33: ='(ref.) Cal'!F49 -> 5 | I33: =IF(H33<2,"C",IF(H33<3,"B-",IF(H33<4,"B",IF(H33<5,"B+",IF(H33=5,"A",""))))) -> A | J33: ='(ref.) Cal'!E49 -> #N/A | K33: =IF(J33<2,"C",IF(J33<3,"B-",IF(J33<4,"B",IF(J33<5,"B+",IF(J33=5,"A",""))))) -> #N/A | L33: ='(ref.) Cal'!D49 -> #N/A | M33: =IF(L33<2,"C",IF(L33<3,"B-",IF(L33<4,"B",IF(L33<5,"B+",IF(L33=5,"A",""))))) -> #N/A
C34: Business Strategy Adjustment | F34: ='(ref.) Cal'!G50 -> 5 | G34: =IF(F34<2,"C",IF(F34<3,"B-",IF(F34<4,"B",IF(F34<5,"B+",IF(F34=5,"A",""))))) -> A | H34: ='(ref.) Cal'!F50 -> 5 | I34: =IF(H34<2,"C",IF(H34<3,"B-",IF(H34<4,"B",IF(H34<5,"B+",IF(H34=5,"A",""))))) -> A | J34: ='(ref.) Cal'!E50 -> #N/A | K34: =IF(J34<2,"C",IF(J34<3,"B-",IF(J34<4,"B",IF(J34<5,"B+",IF(J34=5,"A",""))))) -> #N/A | L34: ='(ref.) Cal'!D50 -> #N/A | M34: =IF(L34<2,"C",IF(L34<3,"B-",IF(L34<4,"B",IF(L34<5,"B+",IF(L34=5,"A",""))))) -> #N/A
C35: Independency and Continuity | F35: ='(ref.) Cal'!G51 -> #REF! | G35: =IF(F35<2,"C",IF(F35<3,"B-",IF(F35<4,"B",IF(F35<5,"B+",IF(F35=5,"A",""))))) -> #REF! | H35: ='(ref.) Cal'!F51 -> #REF! | I35: =IF(H35<2,"C",IF(H35<3,"B-",IF(H35<4,"B",IF(H35<5,"B+",IF(H35=5,"A",""))))) -> #REF! | J35: ='(ref.) Cal'!E51 -> #N/A | K35: =IF(J35<2,"C",IF(J35<3,"B-",IF(J35<4,"B",IF(J35<5,"B+",IF(J35=5,"A",""))))) -> #N/A | L35: ='(ref.) Cal'!D51 -> #N/A | M35: =IF(L35<2,"C",IF(L35<3,"B-",IF(L35<4,"B",IF(L35<5,"B+",IF(L35=5,"A",""))))) -> #N/A
C36: Integration/ Incorporation | F36: ='(ref.) Cal'!G52 -> 5 | G36: =IF(F36<2,"C",IF(F36<3,"B-",IF(F36<4,"B",IF(F36<5,"B+",IF(F36=5,"A",""))))) -> A | H36: ='(ref.) Cal'!F52 -> 5 | I36: =IF(H36<2,"C",IF(H36<3,"B-",IF(H36<4,"B",IF(H36<5,"B+",IF(H36=5,"A",""))))) -> A | J36: ='(ref.) Cal'!E52 -> #N/A | K36: =IF(J36<2,"C",IF(J36<3,"B-",IF(J36<4,"B",IF(J36<5,"B+",IF(J36=5,"A",""))))) -> #N/A | L36: ='(ref.) Cal'!D52 -> #N/A | M36: =IF(L36<2,"C",IF(L36<3,"B-",IF(L36<4,"B",IF(L36<5,"B+",IF(L36=5,"A",""))))) -> #N/A
C38: Total Ave | F38: =AVERAGE(F32:F36) -> #REF! | G38: =IF(F38<2,"C",IF(F38<3,"B-",IF(F38<4,"B",IF(F38<5,"B+",IF(F38=5,"A",""))))) -> #REF! | H38: =AVERAGE(H32:H36) -> #REF! | I38: =IF(H38<2,"C",IF(H38<3,"B-",IF(H38<4,"B",IF(H38<5,"B+",IF(H38=5,"A",""))))) -> #REF! | J38: =AVERAGE(J32:J36) -> #N/A | K38: =IF(J38<2,"C",IF(J38<3,"B-",IF(J38<4,"B",IF(J38<5,"B+",IF(J38=5,"A",""))))) -> #N/A | L38: =AVERAGE(L32:L36) -> #N/A | M38: =IF(L38<2,"C",IF(L38<3,"B-",IF(L38<4,"B",IF(L38<5,"B+",IF(L38=5,"A",""))))) -> #N/A
B40: Comment
C42: <Improvement Status from the last year's instruction> From last year, some issues found in the 2024 assessment have been improved, and at this time, we could observe some items could be more improved. <Comments from 3 axes points of view> Safety activities have been conducted and followed-up as plan by EHS team's leadership. Please promote KAIZEN improvement with use of autonomously KY, RA, etc. with reviewing the activities progress and result. Not only making periodical action plan, but we can find other points could be improved. <Risk> RIsk management have been well maintained. By comparing the reslut of RA with same machine, process, not only inside plant but other SC plant to realize what/where the risks exist, and how to reduce it. *In GENBA tour at this time, we could find some machines that have risks by using one hand swith - should have both hands swith when it is upgraded/renewed. Please see the appendix for detail. <Compliance> This area's score is lower than the other two area because of basic training leakage. (BSFA/LOTO) These kind of basic training should be periodically given to all teammates, to make them understand/remind the contents. Please make sure all training framework again. <Governance> Almost safety activities are well managed by action plan and its reviewing. For more works as BMT(plant wide), please confrim all managers understanding of safety activity - why do we need the items in action plan. And make sure of sharing management review from safety/DP point of view with all managers to understand safety safety activities result and what issues do we have.

Sheet DP Cover
B3: D.P. Solidification Report
B4: Site | G4: Date
B6: QM foundation (management system) 3 axes
C8: Items | J8: 2025 | L8: 2024 | O8: 3 Axes Chart
J9: Score | L9: Score
I10: Total Ave | J10: ='(ref.) Cal'!E81 -> 4.1666667 | K10: =IF(J10<2,"C",IF(J10<3,"B-",IF(J10<4,"B",IF(J10<5,"B+",IF(J10=5,"A",""))))) -> B+ | L10: ='(ref.) Cal'!D81 -> #REF! | M10: =IF(L10<2,"C",IF(L10<3,"B-",IF(L10<4,"B",IF(L10<5,"B+",IF(L10=5,"A",""))))) -> #REF!
D11: 3 Axes Evaluation | E11: Risk Detection and Reduction/Continuous Improvement | H11: Ave | J11: ='(ref.) Cal'!E80 -> 4 | K11: =IF(J11=5,"A",IF(J11>=4,"B+",IF(J11>=3,"B",IF(J11>=2,"B-",IF(J11>=1, "C","-"))))) -> B+ | L11: ='(ref.) Cal'!D80 -> #REF! | M11: =IF(L11=5,"A",IF(L11>=4,"B+",IF(L11>=3,"B",IF(L11>=2,"B-",IF(L11>=1, "C","-"))))) -> #REF!
H12: Distribution | I12: B+ or more | J12: ='(ref.) Cal'!F93 -> 6 | L12: ='(ref.) Cal'!E93 -> 0
I13: B | J13: ='(ref.) Cal'!F94 -> 3 | L13: ='(ref.) Cal'!E94 -> 0
I14: B- | J14: ='(ref.) Cal'!F95 -> 0 | L14: ='(ref.) Cal'!E95 -> 0
I15: C | J15: ='(ref.) Cal'!F96 -> 0 | L15: ='(ref.) Cal'!E96 -> 0
E16: Safety Rule Compliance/Safety Awareness Cultivation | H16: Ave | J16: ='(ref.) Cal'!E78 -> 4.5 | K16: =IF(J16=5,"A",IF(J16>=4,"B+",IF(J16>=3,"B",IF(J16>=2,"B-",IF(J16>=1, "C","-"))))) -> B+ | L16: ='(ref.) Cal'!D78 -> #REF! | M16: =IF(L16=5,"A",IF(L16>=4,"B+",IF(L16>=3,"B",IF(L16>=2,"B-",IF(L16>=1, "C","-"))))) -> #REF!
H17: Distribution | I17: B+ or more | J17: ='(ref.) Cal'!F99 -> 7 | L17: ='(ref.) Cal'!E99 -> 0
I18: B | J18: ='(ref.) Cal'!F100 -> 0 | L18: ='(ref.) Cal'!E100 -> 0 | O18: Distribution
I19: B- | J19: ='(ref.) Cal'!F101 -> 0 | L19: ='(ref.) Cal'!E101 -> 0 | O19: Risk | Q19: 2025
I20: C | J20: ='(ref.) Cal'!F102 -> 1 | L20: ='(ref.) Cal'!E102 -> 0 | Q20: 2024
E21: Strengthening of Governance and Systems to Make Quality Management More Effective | H21: Ave | J21: ='(ref.) Cal'!E79 -> 4 | K21: =IF(J21=5,"A",IF(J21>=4,"B+",IF(J21>=3,"B",IF(J21>=2,"B-",IF(J21>=1, "C","-"))))) -> B+ | L21: ='(ref.) Cal'!D79 -> #REF! | M21: =IF(L21=5,"A",IF(L21>=4,"B+",IF(L21>=3,"B",IF(L21>=2,"B-",IF(L21>=1, "C","-"))))) -> #REF! | O21: Compliance | Q21: 2025
H22: Distribution | I22: B+ or more | J22: ='(ref.) Cal'!F105 -> 5 | L22: ='(ref.) Cal'!E105 -> 0 | Q22: 2024
I23: B | J23: ='(ref.) Cal'!F106 -> 1 | L23: ='(ref.) Cal'!E106 -> 0 | O23: Governance | Q23: 2025
I24: B- | J24: ='(ref.) Cal'!F107 -> 0 | L24: ='(ref.) Cal'!E107 -> 0 | Q24: 2024
I25: C | J25: ='(ref.) Cal'!F108 -> 1 | L25: ='(ref.) Cal'!E108 -> 0
B27: QM foundation (management system) 5 axes
C29: Solidification 5 items | F29: 2025 | J29: 2024 | O29: Ave Score | T29: Min Score
F30: Ave | H30: Min | J30: Ave | L30: Min
F31: Score | H31: Score | J31: Score | L31: Score
C32: Issue solving | F32: ='(ref.) Cal'!G85 -> 4.6666667 | G32: =IF(F32<2,"C",IF(F32<3,"B-",IF(F32<4,"B",IF(F32<5,"B+",IF(F32=5,"A",""))))) -> B+ | H32: ='(ref.) Cal'!F85 -> 4 | I32: =IF(H32<2,"C",IF(H32<3,"B-",IF(H32<4,"B",IF(H32<5,"B+",IF(H32=5,"A",""))))) -> B+ | J32: ='(ref.) Cal'!E85 -> #REF! | K32: =IF(J32<2,"C",IF(J32<3,"B-",IF(J32<4,"B",IF(J32<5,"B+",IF(J32=5,"A",""))))) -> #REF! | L32: ='(ref.) Cal'!D85 -> #REF! | M32: =IF(L32<2,"C",IF(L32<3,"B-",IF(L32<4,"B",IF(L32<5,"B+",IF(L32=5,"A",""))))) -> #REF!
C33: Risk Management | F33: ='(ref.) Cal'!G86 -> 4 | G33: =IF(F33<2,"C",IF(F33<3,"B-",IF(F33<4,"B",IF(F33<5,"B+",IF(F33=5,"A",""))))) -> B+ | H33: ='(ref.) Cal'!F86 -> 3 | I33: =IF(H33<2,"C",IF(H33<3,"B-",IF(H33<4,"B",IF(H33<5,"B+",IF(H33=5,"A",""))))) -> B | J33: ='(ref.) Cal'!E86 -> #REF! | K33: =IF(J33<2,"C",IF(J33<3,"B-",IF(J33<4,"B",IF(J33<5,"B+",IF(J33=5,"A",""))))) -> #REF! | L33: ='(ref.) Cal'!D86 -> #REF! | M33: =IF(L33<2,"C",IF(L33<3,"B-",IF(L33<4,"B",IF(L33<5,"B+",IF(L33=5,"A",""))))) -> #REF!
C34: Business Strategy Adjustment | F34: ='(ref.) Cal'!G87 -> 4 | G34: =IF(F34<2,"C",IF(F34<3,"B-",IF(F34<4,"B",IF(F34<5,"B+",IF(F34=5,"A",""))))) -> B+ | H34: ='(ref.) Cal'!F87 -> 3 | I34: =IF(H34<2,"C",IF(H34<3,"B-",IF(H34<4,"B",IF(H34<5,"B+",IF(H34=5,"A",""))))) -> B | J34: ='(ref.) Cal'!E87 -> #REF! | K34: =IF(J34<2,"C",IF(J34<3,"B-",IF(J34<4,"B",IF(J34<5,"B+",IF(J34=5,"A",""))))) -> #REF! | L34: ='(ref.) Cal'!D87 -> #REF! | M34: =IF(L34<2,"C",IF(L34<3,"B-",IF(L34<4,"B",IF(L34<5,"B+",IF(L34=5,"A",""))))) -> #REF!
C35: Independency and Continuity | F35: ='(ref.) Cal'!G88 -> 4.4 | G35: =IF(F35<2,"C",IF(F35<3,"B-",IF(F35<4,"B",IF(F35<5,"B+",IF(F35=5,"A",""))))) -> B+ | H35: ='(ref.) Cal'!F88 -> 1 | I35: =IF(H35<2,"C",IF(H35<3,"B-",IF(H35<4,"B",IF(H35<5,"B+",IF(H35=5,"A",""))))) -> C | J35: ='(ref.) Cal'!E88 -> #REF! | K35: =IF(J35<2,"C",IF(J35<3,"B-",IF(J35<4,"B",IF(J35<5,"B+",IF(J35=5,"A",""))))) -> #REF! | L35: ='(ref.) Cal'!D88 -> #REF! | M35: =IF(L35<2,"C",IF(L35<3,"B-",IF(L35<4,"B",IF(L35<5,"B+",IF(L35=5,"A",""))))) -> #REF!
C36: Integration/ Incorporation | F36: ='(ref.) Cal'!G89 -> 3 | G36: =IF(F36<2,"C",IF(F36<3,"B-",IF(F36<4,"B",IF(F36<5,"B+",IF(F36=5,"A",""))))) -> B | H36: ='(ref.) Cal'!F89 -> 1 | I36: =IF(H36<2,"C",IF(H36<3,"B-",IF(H36<4,"B",IF(H36<5,"B+",IF(H36=5,"A",""))))) -> C | J36: ='(ref.) Cal'!E89 -> #REF! | K36: =IF(J36<2,"C",IF(J36<3,"B-",IF(J36<4,"B",IF(J36<5,"B+",IF(J36=5,"A",""))))) -> #REF! | L36: ='(ref.) Cal'!D89 -> #REF! | M36: =IF(L36<2,"C",IF(L36<3,"B-",IF(L36<4,"B",IF(L36<5,"B+",IF(L36=5,"A",""))))) -> #REF!
C38: Total Ave | F38: =AVERAGE(F32:F36) -> 4.0133333 | G38: =IF(F38<2,"C",IF(F38<3,"B-",IF(F38<4,"B",IF(F38<5,"B+",IF(F38=5,"A",""))))) -> B+ | H38: =AVERAGE(H32:H36) -> 2.4 | I38: =IF(H38<2,"C",IF(H38<3,"B-",IF(H38<4,"B",IF(H38<5,"B+",IF(H38=5,"A",""))))) -> B- | J38: =AVERAGE(J32:J36) -> #REF! | K38: =IF(J38<2,"C",IF(J38<3,"B-",IF(J38<4,"B",IF(J38<5,"B+",IF(J38=5,"A",""))))) -> #REF! | L38: =AVERAGE(L32:L36) -> #REF! | M38: =IF(L38<2,"C",IF(L38<3,"B-",IF(L38<4,"B",IF(L38<5,"B+",IF(L38=5,"A",""))))) -> #REF!
B40: Comment
C42: <Improvement Status from the last year's instruction> Total score is stable and almost good condition from DP point of view. But a few issue could be found in this assessment, please see the instruction for detail and promote more KAIZEN activity. <Comments from 3 axes points of view> From three axes point if view, BMT is in good condtion. Please keep this conditon and improve as stated in DP instruction. <Risk> All items have been validated B or more. With conducting new (BSJP tire version) Fire RA, clarify risks in workplace and promote it to reduce them. <Compliance> Almost good condtion. But we could find common fire prevention rule's understanding and its training is not good enough in the interview. Please confirm the action plan including the training based on IMD fire standard. <Governance> Almost good condition, but some manager could not state the policy/IIP/budget management strategy of BMT. Please make sure that all manager have understood it including issues from review of activities in the action plant to make sure all managers are on same page.

Sheet Safety Instruction
L1: 発行日： | M1: 45128
C2: Solidification Assessment Safety Instruction
C4: Site | D4: {='Safety Report'!D4:F4} -> 0 | E4: 0 | F4: 0 | M4: 継続：現状維持、 レベルアップ：A、B＋、Bレベルへの改善 新規：過去に指摘・提案がない
C6: Solidification 5 items | D6: Point of Evaluation | E6: Primary Categoty | F6: Secondary Categoty | G6: 3 Axes Evaluation | H6: Result | I6: 2028 Target | J6: Issues and/or Changes | K6: Instruction - Items could be Incorporated into MBP | L6: Implementation Items | M6: Category
H7: 2025 | M7: Continue | N7: Level up | O7: New
C9: Issue solving | D9: Quickness of issue solving Deep root cause analysis, standardization and implementation | E9: Cuntermeasures and Recurrence prevention | F9: Information Sharing | G9: Governance | H9: ='Safety overall result'!Z10 -> A | N9: X | R9: 情報展開 | S9: Information Sharing
F10: Recurrence Prevention | G10: Risk | H10: ='Safety overall result'!Z11 -> A | N10: X | R10: 再発防止 対策 | S10: Recurrence Prevention
F11: Injury Reporting | G11: Governance | H11: ='Safety overall result'!Z12 -> A | M11: X | R11: 災害報告 | S11: Injury Reporting
F12: Recurrence Prevention Process KPI | G12: Risk | H12: ='Safety overall result'!Z13 -> C | M12: X | R12: 類災対策 プロセスKPI | S12: Recurrence Prevention Process KPI
C13: Risk Management | D13: Symptom Management for QM defect Management and analysis of information which is explored, issued | E13: Risk Management | F13: RA Progress | G13: Risk | H13: ='Safety overall result'!Z14 -> A | M13: X | R13: RA評価推進 | S13: RA Progress
F14: Equipment RA | G14: Risk | H14: ='Safety overall result'!Z15 -> A | N14: X | R14: 設備RA プロセスKPI | S14: Equipment RA
F15: Task RA | G15: Risk | H15: ='Safety overall result'!Z16 -> A | N15: X | R15: 作業RA プロセスKPI | S15: Task RA
F16: LOTO | G16: Compliance | H16: ='Safety overall result'!Z17 -> A | N16: X | R16: LOTO 運用徹底 | S16: LOTO
F17: LOTO management | G17: Compliance | H17: ='Safety overall result'!Z18 -> A
F18: Contractor management | G18: Compliance | H18: ='Safety overall result'!Z19 -> A
F19: Training | G19: Compliance | H19: ='Safety overall result'!Z20 -> A | M19: X | R19: TYM/TS
C20: Business Strategy Adjustment | D20: Fundamental enhancement by Cpk and COPQ analysis QM management assurance across value chain | E20: Management System | F20: Policy/ Purpose/ Target | G20: Governance | H20: ='Safety overall result'!Z21 -> A | N20: X | R20: 教育訓練 | S20: Training
F21: Implementation Plan | G21: Governance | H21: ='Safety overall result'!Z22 -> A | N21: X | R21: 方針・目的・目標 | S21: Policy/ Purpose/ Target
F22: Audit | G22: Governance | H22: ='Safety overall result'!Z23 -> A | M22: X | R22: 実施計画 | S22: Implementation Plan
F23: Working std. (Review/Revise) | G23: Governance | H23: ='Safety overall result'!Z24 -> A
F24: TS/TYM (Trouble management) | G24: Governance | H24: ='Safety overall result'!Z25 -> A
F25: Safety Patrol/Monitoring | G25: Governance | H25: ='Safety overall result'!Z26 -> A
C26: Independency and Continuity | D26: Awareness and knowledge for QM | E26: Independent implementation of BSFA | F26: BSFA Training | G26: Compliance | H26: ='Safety overall result'!Z27 -> A | N26: X | R26: 監査 | S26: Audit
F27: 3S | G27: Risk | H27: ='Safety overall result'!Z28 -> A | N27: X | R27: BS共通安全 規定項目 教育 | S27: BSFA Training
F28: KYT/ Practical KYT | G28: Compliance | H28: ='Safety overall result'!Z29 -> A | M28: X | R28: 3S | S28: 3S
F29: Autonomously KY | G29: Risk | H29: ='Safety overall result'!#REF! -> #REF! | M29: X | R29: KYT 実践型KYT | S29: KYT/ Practical KYT
F30: RA | G30: Risk | H30: ='Safety overall result'!Z30 -> A | N30: X | R30: 自律的KY ・改善 | S30: Autonomously KY
F31: Safety Rule | G31: Compliance | H31: ='Safety overall result'!Z31 -> A | N31: X | R31: RA | S31: RA
F32: 4M Change Management | G32: Risk | H32: ='Safety overall result'!Z32 -> A | M32: X | R32: 安全ルール | S32: Safety Rule
F33: Management System: P | G33: Governance | H33: ='Safety overall result'!Z33 -> A | M33: X | R33: 4M変更管理 | S33: 4M Change Management
F34: Management System: D | G34: Governance | H34: ='Safety overall result'!Z34 -> A | M34: X | R34: 【モデル工場】 P | S34: Management System: P
F35: Management System: C | G35: Governance | H35: ='Safety overall result'!Z35 -> A | N35: X | R35: 【モデル工場】 D | S35: Management System: D
F36: Management System: A | G36: Governance | H36: ='Safety overall result'!Z36 -> A | N36: X | R36: 【モデル工場】 C | S36: Management System: C
C37: Integration/ Incorporation | D37: Resource and Organization for QM | E37: Plant Management | F37: Safety Organization | G37: Governance | H37: ='Safety overall result'!Z37 -> A | M37: X | R37: 【モデル工場】 A | S37: Management System: A
F38: SE | G38: Governance | H38: ='Safety overall result'!Z38 -> A | R38: 安全組織 | S38: Safety Organization
F39: Budget | G39: Governance | H39: ='Safety overall result'!Z39 -> A | N39: X | R39: 安全担当
R40: SE | S40: SE
R41: 安全専任 職長
R42: 予算確保 | S42: Budget

Sheet DP instruction
M1: 発行日： | N1: 45128
C2: Solidification Assessment DP Instruction
C4: Site | D4: ='Safety Instruction.'!D4 -> 0 | N4: 継続：現状維持、 レベルアップ：A、B＋、Bレベルへの改善 新規：過去に指摘・提案がない
C6: Solidification 5 items | D6: Point of Evaluation | E6: Primary Categoty | F6: Secondary Categoty | G6: 3 Axes Evaluation | H6: Solidification Score | J6: 2026 Target | K6: Issues and/or Changes | L6: Instruction - Items could be Incorporated into MBP | M6: Implementation Items | N6: Category
H7: 2024 | I7: 2025 | N7: Continue | O7: Level up | P7: New
C9: Issue solving | D9: Quickness of issue solving Deep root cause analysis, standardization and implementation | E9: Cuntermeasures and Recurrence prevention | F9: Information Sharing | G9: Governance | H9: =INDEX(Data!#REF!,MATCH('DP instruction'!F9,Data!#REF!,0),MATCH('DP instruction'!$D$4,Data!#REF!,0)) -> #REF! | I9: ='DP cal.'!X15 -> A | J9: A | K9: Keep the current condition. | L9: - | M9: Continue to share the incident information. | N9: X
F10: Recurrence Prevention | G10: Risk | H10: =INDEX(Data!#REF!,MATCH('DP instruction'!F10,Data!#REF!,0),MATCH('DP instruction'!$D$4,Data!#REF!,0)) -> #REF! | I10: ='DP cal.'!X16 -> B+ | J10: A | K10: Recurrence prevention measures have been taken but some SV could not state actual aciton clearly. | L10: Make sure all SVs understanding of recurrence prevention measures, especially in case that the action is related to their process. | M10: Consider to make SVs explain not only measures itself but its back ground, what they need in their own process. | O10: X
F11: Fire Reporting | G11: Governance | H11: =INDEX(Data!#REF!,MATCH('DP instruction'!F11,Data!#REF!,0),MATCH('DP instruction'!$D$4,Data!#REF!,0)) -> #REF! | I11: ='DP cal.'!X17 -> A | J11: A | K11: Keep the current condition. | L11: - | M11: Continue to report in case any incidents happened. | N11: X
F12: Recurrence Prevention Process KPI | G12: Risk | H12: =INDEX(Data!#REF!,MATCH('DP instruction'!F12,Data!#REF!,0),MATCH('DP instruction'!$D$4,Data!#REF!,0)) -> #REF! | I12: ='DP cal.'!X18 -> B | J12: B+ | K12: Recurrence prevention measures are on-going to the plan, but not yet completed. | L12: Consider progressing ahead of the plan | M12: Discuss whether the plan can be moved forward. | O12: X
C13: Risk Management | D13: Symptom Management for QM defect Management and analysis of information which is explored, issued | E13: RA | F13: Fire RA Progress | G13: Risk | H13: =INDEX(Data!#REF!,MATCH('DP instruction'!F13,Data!#REF!,0),MATCH('DP instruction'!$D$4,Data!#REF!,0)) -> #REF! | I13: ='DP cal.'!X19 -> B | J13: B+ | K13: Fire RA have not been completed so that the result have not been shared in the plant. | L13: Please complete Fire RA and share its result in plant. | M13: Complete Fire RA and prepare an opportunity to educate teammates about the fire risks of each process. | O13: X
F14: Fire RA | G14: Risk | H14: =INDEX(Data!#REF!,MATCH('DP instruction'!F14,Data!#REF!,0),MATCH('DP instruction'!$D$4,Data!#REF!,0)) -> #REF! | I14: ='DP cal.'!X20 -> B | J14: B+ | K14: Countermeasures for the fire risk are on-going to the plan. | L14: Consider progressing ahead of the plan | M14: Discuss whether the plan can be moved forward. | O14: X
F15: DP Inspection | G15: Risk | H15: =INDEX(Data!#REF!,MATCH('DP instruction'!F15,Data!#REF!,0),MATCH('DP instruction'!$D$4,Data!#REF!,0)) -> #REF! | I15: ='DP cal.'!X21 -> A | J15: A | K15: Keep the current condition. | L15: - | M15: Continue to keep inspection from DP point of view. | N15: X
F16: Electrical Wiring Inspection | G16: Risk | H16: =INDEX(Data!#REF!,MATCH('DP instruction'!F16,Data!#REF!,0),MATCH('DP instruction'!$D$4,Data!#REF!,0)) -> #REF! | I16: ='DP cal.'!X22 -> A | J16: A | K16: Keep the current condition. | L16: - | M16: Continue to keep DP inspection including electrical wiring inspection. | N16: X
F17: Noise patrol | G17: Risk | H17: =INDEX(Data!#REF!,MATCH('DP instruction'!F17,Data!#REF!,0),MATCH('DP instruction'!$D$4,Data!#REF!,0)) -> #REF! | I17: ='DP cal.'!X23 -> A | J17: A | K17: Keep the current condition. | L17: - | M17: Continue to keep inspection including noise check. | N17: X
C18: Business Strategy Adjustment | D18: Fundamental enhancement by Cpk and COPQ analysis QM management assurance across value chain | E18: Management System | F18: Policy/ Purpose/ Target | G18: Governance | H18: =INDEX(Data!#REF!,MATCH('DP instruction'!F18,Data!#REF!,0),MATCH('DP instruction'!$D$4,Data!#REF!,0)) -> #REF! | I18: ='DP cal.'!X24 -> A | J18: A | K18: Keep the current condition. | L18: - | M18: Continue to keep policy management. | N18: X
F19: Implementation Plan | G19: Governance | H19: =INDEX(Data!#REF!,MATCH('DP instruction'!F19,Data!#REF!,0),MATCH('DP instruction'!$D$4,Data!#REF!,0)) -> #REF! | I19: ='DP cal.'!X25 -> B | J19: B+ | K19: Some manager could not clearly stated the resut of last year, and what is updated/improved point(s) in the action plan. | L19: From previous result, please review the IIP's progress (and good/bad point) and consider to update it to go more forward. | M19: Consider to have a step to review the result of IIP, and update BMT's safety activity based on the review. | O19: X
F20: Audit | G20: Governance | H20: =INDEX(Data!#REF!,MATCH('DP instruction'!F20,Data!#REF!,0),MATCH('DP instruction'!$D$4,Data!#REF!,0)) -> #REF! | I20: ='DP cal.'!X26 -> B+ | J20: A | K20: Internal audit have been completed and some NC and OFI found and taking countermeasure in on progress. | L20: Promote to plan and conduct countermeasures for non-conformities. | M20: Discuss plans for non-conformities and promote countermeasures | O20: X
C21: Independency and Continuity | D21: Awareness and knowledge for QM | E21: Management System | F21: 3S *DP perspective (for flammable/combastible material storage) | G21: Risk | H21: =INDEX(Data!#REF!,MATCH('DP instruction'!F21,Data!#REF!,0),MATCH('DP instruction'!$D$4,Data!#REF!,0)) -> #REF! | I21: ='DP cal.'!X27 -> B+ | J21: A | K21: Workplace 3S is good condition, and almost of area's 3S level 4. | L21: Keep 3S condition based on 3S guideline. | M21: For more improvement, communication with the other site could be helpful so please consider to have this kind of opportunity. | O21: X
F22: KYT/ Practical KYT *DP point of view | G22: Compliance | H22: =INDEX(Data!#REF!,MATCH('DP instruction'!F22,Data!#REF!,0),MATCH('DP instruction'!$D$4,Data!#REF!,0)) -> #REF! | I22: ='DP cal.'!X28 -> A | J22: A | K22: Keep the current condition. | L22: - | N22: X
F23: Autonomous KY *DP point of view | G23: Risk | H23: =INDEX(Data!#REF!,MATCH('DP instruction'!F23,Data!#REF!,0),MATCH('DP instruction'!$D$4,Data!#REF!,0)) -> #REF! | I23: ='DP cal.'!X29 -> B+ | J23: A | K23: Autonomous KY activity is well going and updated compare with last year. | L23: Please consider to visualize KY point in map to make it easy to see which place has high risk. | M23: Please consider to use the maps to visualize everyone's KY point, and KAIZEN cycle to improve it. | O23: X
F24: Common Fire Prevention Rule | G24: Compliance | H24: =INDEX(Data!#REF!,MATCH('DP instruction'!F24,Data!#REF!,0),MATCH('DP instruction'!$D$4,Data!#REF!,0)) -> #REF! | I24: ='DP cal.'!X30 -> C | J24: B | K24: Some operators state that the training has been given not periodically. (few times from hired) | L24: Please conduct commom fire prevention rules training at least once a year, to all teammates. | M24: Make sure that the action plan includes training of common fire prevention rule. | O24: X
F25: Fire Fighting | G25: Compliance | H25: =INDEX(Data!#REF!,MATCH('DP instruction'!F25,Data!#REF!,0),MATCH('DP instruction'!$D$4,Data!#REF!,0)) -> #REF! | I25: ='DP cal.'!X31 -> A | J25: A | K25: Keep the current condition. | L25: - | N25: X
F26: Hot Work | G26: Compliance | H26: =INDEX(Data!#REF!,MATCH('DP instruction'!F26,Data!#REF!,0),MATCH('DP instruction'!$D$4,Data!#REF!,0)) -> #REF! | I26: ='DP cal.'!X32 -> A | J26: A | K26: Keep the current condition. | L26: - | N26: X
F27: Inspection/ clean-up of mobile equipment | G27: Compliance | H27: =INDEX(Data!#REF!,MATCH('DP instruction'!F27,Data!#REF!,0),MATCH('DP instruction'!$D$4,Data!#REF!,0)) -> #REF! | I27: ='DP cal.'!X33 -> A | J27: A | K27: Keep the current condition. | L27: - | N27: X
F28: Compliance of standards and inspection for gasoline cement houses and Warehouse storing flammable materials | G28: Compliance | H28: =INDEX(Data!#REF!,MATCH('DP instruction'!F28,Data!#REF!,0),MATCH('DP instruction'!$D$4,Data!#REF!,0)) -> #REF! | I28: ='DP cal.'!X34 -> A | J28: A | K28: Keep the current condition. | L28: - | N28: X
F29: Control of specified combustibles handling areas | G29: Compliance | H29: =INDEX(Data!#REF!,MATCH('DP instruction'!F29,Data!#REF!,0),MATCH('DP instruction'!$D$4,Data!#REF!,0)) -> #REF! | I29: ='DP cal.'!X35 -> A | J29: A | K29: Keep the current condition. | L29: - | N29: X
F30: Inspection of unattended areas | G30: Compliance | H30: =INDEX(Data!#REF!,MATCH('DP instruction'!F30,Data!#REF!,0),MATCH('DP instruction'!$D$4,Data!#REF!,0)) -> #REF! | I30: ='DP cal.'!X36 -> A | J30: A | K30: Keep the current condition. | L30: - | N30: X
F31: Carbon MUST items Selfcheck | G31: Compliance | H31: =INDEX(Data!#REF!,MATCH('DP instruction'!F31,Data!#REF!,0),MATCH('DP instruction'!$D$4,Data!#REF!,0)) -> #REF! | I31: ='DP cal.'!X37 -> 0
F32: Carbon MUST items Training | G32: Compliance | H32: =INDEX(Data!#REF!,MATCH('DP instruction'!F32,Data!#REF!,0),MATCH('DP instruction'!$D$4,Data!#REF!,0)) -> #REF! | I32: ='DP cal.'!X38 -> 0
C33: Integration/ Incorporation | D33: Resource and Organization for QM | E33: Plant Management | F33: DP Organization | G33: Governance | H33: =INDEX(Data!#REF!,MATCH('DP instruction'!F33,Data!#REF!,0),MATCH('DP instruction'!$D$4,Data!#REF!,0)) -> #REF! | I33: ='DP cal.'!X39 -> A | J33: A | K33: Keep the current condition. | L33: - | M33: Continue to keep EHS organization. | N33: X
F34: Legal lisence | G34: Governance | H34: =INDEX(Data!#REF!,MATCH('DP instruction'!F34,Data!#REF!,0),MATCH('DP instruction'!$D$4,Data!#REF!,0)) -> #REF! | I34: ='DP cal.'!X40 -> 0
F35: Budget | G35: Governance | H35: =INDEX(Data!#REF!,MATCH('DP instruction'!F35,Data!#REF!,0),MATCH('DP instruction'!$D$4,Data!#REF!,0)) -> #REF! | I35: ='DP cal.'!X41 -> C | J35: B+ | K35: Budget for DP was prepared and well managed, but some manager stated safety budget was not enough. | L35: Make sure all manager's understanding for management of budget - prioriy, validity and so on. | M35: Make sure of all teammates understanding of budget management. | O35: X
C46: 自他事業所のトラブル内容の共有化、また、対策推進の際は技能員の意見を聞き、対応状況のフィードバックについても確実に実施していること、職長の危険物取扱者資格(乙4)についても対象者全員が取得しておりましたので活動の継続をお願いします。 精練防災専任の配置については、24MBP/OBへ組み入れ、計画通りの推進をお願い致します。
C47: 安全活動全般について、標準通りの管理ができており、更にPDCAサイクルを回して継続的な改善が実施され、トラブル対応等についても、技能員の意見を聞き、フィードバックも確実に実施されておりましたので活動の継続をお願いします。 個々の活動については、工程や対象者により、実施内容の差（自律的KY、３Sビジュアル標準等）がありました。 更に安全活動を向上させ盤石な体制に向け、マネジメントチーム（基幹職・主任）全員で工場全体の安全活動推進状況を 現物現場で有効性を確認し、抽出した課題について討議する等、仕組の構築や標準化について検討をお願い致します。

Sheet Safety overall result
H1: Judgement Criteria
B2: Legend | I2: ・Pick the lowest score from each items | Q2: Ver_1:2023/3/31作成
C3: : Items from Safety Maturity Assessment | I3: ・Time scope is one year from evaluating | Q3: Ver_2:2024/3/19作成
C4: : Items that is newly added for solidification assessment | I4: ・ Questions for operators, need to have interview at least one person from production department. | Q4: Ver_3:2025/4/1作成
B5: Blue text | C5: : Items added by BSAPIC | I5: ・In case of question that is asking its progress, that should be evaluated at the day of evaluation. | Q5: Ver_4:2025/8/9 BSAPIC updated
C7: Solidification 5 items | D7: Point of Evaluation | E7: Primary Categoty | F7: Safety/ DP | G7: Secondary Categoty | H7: Current Issues Disposition | I7: Judge | J7: Potential Risk Prevention | K7: Judge | L7: Potential Risk Prevention | M7: Judge | N7: Proactive Prevention | O7: Judge | P7: Independent Quality Management | Q7: Judge | S7: 安全/ 防災 | T7: Judement | Y7: Score | Z7: Grade | AA7: 3 Axis
H8: 1 | J8: 2 | L8: 3 | N8: 4 | P8: 5 | T8: 1 | U8: 2 | V8: 3 | W8: 4 | X8: 5
H9: C | J9: B- | L9: B | N9: B+ | P9: A | T9: C | U9: B- | V9: B | W9: B+ | X9: A
C10: Issue solving | D10: Quickness of issue solving Deep root cause analysis, standardization and implementation | F10: Safety | G10: Information Sharing | H10: All teammates stated that, at least, safety manager and site leadership representative (e.g. plant manager, department manager, line manager) was involved in the root cause analysis process when a serious incident(lost-time-injury, etc.) occurred. (Leadership: Operator: No.5) | J10: All teammates can state that they are informed of recent safety incidents (injury, near-miss, etc.) in their areas and actions have been taken to address these. (Teammate Engagement: Operator: No.7) | L10: All teammates say that they are well informed and can explain how the information* communicated contributes to their safety. (System: Operator: No.64) *information: injury, near-miss etc. | N10: Teammates can provide examples of accidents which occurred on other facilities and how that information was obtained. (System: Operator: No.110) | P10: H&S risks/measures of other departments have been shared at the safety meeting in your department. (Teammate Engagement: Operator: No.17) | S10: Safety | T10: =I10 -> 0 | U10: =K10 -> 0 | V10: =M10 -> 0 | W10: =O10 -> 0 | X10: =Q10 -> 0 | Y10: =IF(T10="No",1,IF(U10="No",1,IF(V10="No",2,IF(W10="No",3,IF(X10="No",4,5))))) -> 5 | Z10: =IF(Y10<2,"C",IF(Y10<3,"B-",IF(Y10<4,"B",IF(Y10<5,"B+",IF(Y10=5,"A",""))))) -> A | AA10: Governance
F11: Safety | G11: Recurrence Prevention | H11: There is evidence that actions have been taken to prevent recurring incidents. And SVs can explain it. And also, confirm at least one example at GENBA. (System: Safety Manager: No.30) *Ask SVs | J11: A sample of 3 teammates, at least 1 (more than 33%) said they take part in the actions required to prevent safety accidents and provide feedback if these actions are not appropriate or useful. (Teammate Engagement: Operator: No.6) | L11: The safety manager can explain what actions are required for recurrence prevention when occuring a safety accicdent. (System: Safety Manager: No.86) *Ask SVs | N11: All teammates stated that management had taken specific actions to address hazards they reported, and these actions have been communicated to them. (safety point of view) (Organization: Operator: No.16) | P11: The safety leader can explain how such reviews are completed and why that method(s) is effective, providing feedback to SBU and assisting in determining countermeasures. (Example: Share more valid safety measreus than measures proposed by GBS/SBU) (System: Safety Manager: No.140) *Ask SVs | S11: Safety | T11: =I11 -> 0 | U11: =K11 -> 0 | V11: =M11 -> 0 | W11: =O11 -> 0 | X11: =Q11 -> 0 | Y11: =IF(T11="No",1,IF(U11="No",1,IF(V11="No",2,IF(W11="No",3,IF(X11="No",4,5))))) -> 5 | Z11: =IF(Y11<2,"C",IF(Y11<3,"B-",IF(Y11<4,"B",IF(Y11<5,"B+",IF(Y11=5,"A",""))))) -> A | AA11: Risk
F12: Safety | G12: Injury Reporting | H12: Issuing injury report with SBU's support. (Safety Manager) | J12: Injury report is issued by plant, but there was a delay in the due date in the guideline. (Safety Manager) | L12: Injury report is issued by plant, within the due date that is standardized in the guideline. And root cause analysis and its countermeasure has been completed and these report is issued within the due date as the guideline. (Safety Manager) | N12: Injury report is issued by plant, within the due date that is standardized in the guideline. And root cause analysis and its countermeasure has been completed and these report is issued within the due date as the guideline. Also, the countermeasure has been spreaded to similar machines/tasks. After the countermeasure is compleated, the report to SBU has been issued. (Safety Manager) | P12: Past countermeasures have been re-checked its implementation status periodically. *At least, need to check its progress within 1 year. (Safety Manager) | S12: Safety | T12: =I12 -> 0 | U12: =K12 -> 0 | V12: =M12 -> 0 | W12: =O12 -> 0 | X12: =Q12 -> 0 | Y12: =IF(T12="No",1,IF(U12="No",1,IF(V12="No",2,IF(W12="No",3,IF(X12="No",4,5))))) -> 5 | Z12: =IF(Y12<2,"C",IF(Y12<3,"B-",IF(Y12<4,"B",IF(Y12<5,"B+",IF(Y12=5,"A",""))))) -> A | AA12: Governance
F13: Safety | G13: Recurrence Prevention Process KPI | H13: There is no plan for countermeasures from outside of plant. *"Countermeasure" in this part means that is issued from BSJ7310 (Safety Manager) | J13: There is a plan for contermeasure, but there is a delay in the plan. *No corrective plan for delay. (Safety Manager) | L13: There is a plan for contermeasure, and it is on-going to the plan, but not yet completed. Or, there is a delay but corrective plan has been made for it, and it is on-going. (Safety Manager) | N13: There is a plan for contermeasure, and progressing ahead of the plan, but not yet completed. (Safety Manager) | P13: All contermeasures have been completed. (Safety Manager) | S13: Safety | T13: =I13 -> Yes | U13: =K13 -> No | V13: =M13 -> 0 | W13: =O13 -> 0 | X13: =Q13 -> 0 | Y13: =IF(T13="No",1,IF(U13="No",1,IF(V13="No",2,IF(W13="No",3,IF(X13="No",4,5))))) -> 1 | Z13: =IF(Y13<2,"C",IF(Y13<3,"B-",IF(Y13<4,"B",IF(Y13<5,"B+",IF(Y13=5,"A",""))))) -> C | AA13: Risk
C14: Risk Management | D14: Symptom Management for QM defct Management and analysis of information which is exploared, issued | E14: RA | F14: Safety | G14: RA Progress | H14: There is evidence that the required risk assessments have been done or there is a plan to complete. (System: Safety Manager: No.28) *Ask SVs | J14: There is a risk tracking that lists specific risks on site. (System: Safety Manager: No.50) *Ask SVs | L14: There is at least one control prescribed for each risk identified. These controls are either administrative or technical by nature. The remaining risks are post & written in the work standard. (System: Safety Manager: No.90) *Ask SVs | N14: The respondent is able to provide at least one recent example of bottom-up communication on hazards and risks. (System: Safety Manager: No.xx) *Ask SVs | P14: The respondent can show evidence of at least one review performed in the past 12 months where the risk assessment result/process was improved based on external best practice. (System: Safety Manager: No.154) *Ask SVs | S14: Safety | T14: =I14 -> 0 | U14: =K14 -> 0 | V14: =M14 -> 0 | W14: =O14 -> 0 | X14: =Q14 -> 0 | Y14: =IF(T14="No",1,IF(U14="No",1,IF(V14="No",2,IF(W14="No",3,IF(X14="No",4,5))))) -> 5 | Z14: =IF(Y14<2,"C",IF(Y14<3,"B-",IF(Y14<4,"B",IF(Y14<5,"B+",IF(Y14=5,"A",""))))) -> A | AA14: Risk
F15: Safety | G15: Equipment RA | H15: There is a plan for Machine RA. (Safety Manager) | J15: There is a plan for hardware countermeasures, but there is a delay in the plan. *No corrective plan for the delay. (Safety Manager) | L15: There is a plan for hardware countermeasures , and it is on-going to the plan. Or, there is a delay but corrective plan has been made for it, and it is on-going. (Safety Manager) | N15: There is a plan for hardware contermeasures, and progressing ahead of the plan, but not yet completed. (Safety Manager) | P15: All contermeasures have been completed. *all risks that could be countered by hardware have been reduced by hardware. (Safety Manager) | S15: Safety | T15: =I15 -> 0 | U15: =K15 -> 0 | V15: =M15 -> 0 | W15: =O15 -> 0 | X15: =Q15 -> 0 | Y15: =IF(T15="No",1,IF(U15="No",1,IF(V15="No",2,IF(W15="No",3,IF(X15="No",4,5))))) -> 5 | Z15: =IF(Y15<2,"C",IF(Y15<3,"B-",IF(Y15<4,"B",IF(Y15<5,"B+",IF(Y15=5,"A",""))))) -> A | AA15: Risk
F16: Safety | G16: Task RA | H16: There is a plan for Task RA. (Safety Manager) | J16: There is a plan for Task RA, but there is a delay in the plan. *No corrective plan for the delay. (Safety Manager) | L16: There is a plan for Task RA, and it is on-going to the plan. Or, there is a delay but corrective plan has been made for it, and it is on-going. (Safety Manager) | N16: There is a plan for Task RA, and progressing ahead of the plan, but not yet completed. (Safety Manager) | P16: All task RA have been completed. (Safety Manager) | S16: Safety | T16: =I16 -> 0 | U16: =K16 -> 0 | V16: =M16 -> 0 | W16: =O16 -> 0 | X16: =Q16 -> 0 | Y16: =IF(T16="No",1,IF(U16="No",1,IF(V16="No",2,IF(W16="No",3,IF(X16="No",4,5))))) -> 5 | Z16: =IF(Y16<2,"C",IF(Y16<3,"B-",IF(Y16<4,"B",IF(Y16<5,"B+",IF(Y16=5,"A",""))))) -> A | AA16: Risk
F17: Safety | G17: LOTO (Training) | H17: The basic LOTO training has been implemented anually, all operators understand basic LOTO operation. And, operator take one's own key and locks to GENBA if it is necessary. (operator) | J17: With the basic LOTO training, ECP has been trained to all operators, and they understand LOTO procedure. *ECP should be included in SOP. *ECP should be prepared for all LOTO devise (Operator) | L17: With the basic LOTO training, ECP has been trained to all operators, and they understand LOTO procedure. *ECP included in SOP, included all related energy and prepared for all LOTO device (Operator) | N17: If the operator handle LOTO procedure regularly, he/she can explain and implement its detail procedure. If the operator do not handle LOTO, he/she can explain basic LOTO rule. (Operator) | P17: Operator provide feedback or suggestions of their difficulty/improvement point of LOTO/ECP e.g. identify potential risks where LOTO should be applied and remind or guide others before unsafe conditions happen (Operator) | S17: Safety | T17: =I17 -> 0 | U17: =K17 -> 0 | V17: =M17 -> 0 | W17: =O17 -> 0 | X17: =Q17 -> 0 | Y17: =IF(T17="No",1,IF(U17="No",1,IF(V17="No",2,IF(W17="No",3,IF(X17="No",4,5))))) -> 5 | Z17: =IF(Y17<2,"C",IF(Y17<3,"B-",IF(Y17<4,"B",IF(Y17<5,"B+",IF(Y17=5,"A",""))))) -> A | AA17: Compliance
F18: Safety | G18: LOTO management | H18: SVs lack clarity on which operations require LOTO, unclear list. (SVs) | J18: SVs can explain LOTO operation/can't do LOTO, but unclear for SOP/APM for task, which can't apply LOTO or no implementation onsite (SVs) | L18: SVs can explain which operation needs LOTO in their own process. There's list of task (production, maintenance), which can/can't do LOTO, SOP has been already prepared and proper application of APM (e.g., orange tag) where LOTO cannot be applied (SVs) | N18: SVs actively ensure operators understand and follow LOTO and APM rules, regularly refresh knowledge, and verify compliance before starting tasks (SVs) | P18: Department/Section has a culture where SVs not only apply LOTO/APM consistently but also lead cross-functional learning, share best practices, and continuously improve SOPs to prevent energy hazards across all operations (SVs) | S18: Safety | T18: =I18 -> 0 | U18: =K18 -> 0 | V18: =M18 -> 0 | W18: =O18 -> 0 | X18: =Q18 -> 0 | Y18: =IF(T18="No",1,IF(U18="No",1,IF(V18="No",2,IF(W18="No",3,IF(X18="No",4,5))))) -> 5 | Z18: =IF(Y18<2,"C",IF(Y18<3,"B-",IF(Y18<4,"B",IF(Y18<5,"B+",IF(Y18=5,"A",""))))) -> A | AA18: Compliance
F19: Safety | G19: Contractor management | H19: There's no pre-work planning and meeting or no review risk of contrator work e.g. no JSA/RA (Safety manager) | J19: There's pre-work planning and meeting to identify risk and there's JSA/RA but measure onsite is insufficient or there's risk onsite (Safety manager) | L19: - Identify all risks in JSA/RA with sufficient measure onsite. - Risk and measure has been communicated to all related members - All members conduct KY before start work (Safety manager) | N19: There's communication to BS-PIC & contractor if any change and risk has been reviewed, take measure and communicate additional/changed risk to related person (Safety manager) | P19: All risks onsite has been controlled and contractor fully complied with standard and feedback risk/insufficient measure that may happen during work. (Safety manager) | S19: Safety | T19: =I19 -> 0 | U19: =K19 -> 0 | V19: =M19 -> 0 | W19: =O19 -> 0 | X19: =Q19 -> 0 | Y19: =IF(T19="No",1,IF(U19="No",1,IF(V19="No",2,IF(W19="No",3,IF(X19="No",4,5))))) -> 5 | Z19: =IF(Y19<2,"C",IF(Y19<3,"B-",IF(Y19<4,"B",IF(Y19<5,"B+",IF(Y19=5,"A",""))))) -> A | AA19: Compliance
F20: Safety | G20: Training | H20: Safety trainings have been given to workers when new hired and/or trasfered. (SVs) | J20: Safety training meets regional legal requirement. (SVs) | L20: Operators can work alone after their skill/knowledge is validated by the site's criteria. (SVs) | N20: Skill/knowledge training is managed by IIP for all operaters, and its criteria is clear. Also, their skill/knowledge is followed up until they achieve 100% (SVs) | P20: All operators understanding is confirmed periodically, and the confirmation step is standardized. (SVs) | S20: Safety | T20: =I20 -> 0 | U20: =K20 -> 0 | V20: =M20 -> 0 | W20: =O20 -> 0 | X20: =Q20 -> 0 | Y20: =IF(T20="No",1,IF(U20="No",1,IF(V20="No",2,IF(W20="No",3,IF(X20="No",4,5))))) -> 5 | Z20: =IF(Y20<2,"C",IF(Y20<3,"B-",IF(Y20<4,"B",IF(Y20<5,"B+",IF(Y20=5,"A",""))))) -> A | AA20: Compliance
C21: Business Strategy Adjustment | D21: Fundamental enhancement by Cpk and COPQ analysis QM management assurerance across value chain | E21: Management System | F21: Safety | G21: Policy/ Purpose/ Target | H21: Safety policy/target has not been issued. (Safety Manager) | J21: OH&S policy has been established at site. And the manager can explain it. (System: Plant Manager: No.9) (Mgr + SV) | L21: Management can describe and explain the site's OH&S objectives and goals. (Mgr + SV) | N21: The plan contains goals to be achieved which are relevant to the incidents and risks identified by the SBU. (Mgr + SV) | P21: There is evidence of OH&S benchmarking with other sites. (System: Safety Manager: No.123) (Mgr + SV) | S21: Safety | T21: =I21 -> 0 | U21: =K21 -> 0 | V21: =M21 -> 0 | W21: =O21 -> 0 | X21: =Q21 -> 0 | Y21: =IF(T21="No",1,IF(U21="No",1,IF(V21="No",2,IF(W21="No",3,IF(X21="No",4,5))))) -> 5 | Z21: =IF(Y21<2,"C",IF(Y21<3,"B-",IF(Y21<4,"B",IF(Y21<5,"B+",IF(Y21=5,"A",""))))) -> A | AA21: Governance
F22: Safety | G22: Implementation Plan | H22: There is no implementation plan for safety. (Safety Manager) | J22: There are documented OH&S action plans and evidence of OH&S results tracking. (Mgr) | L22: Safety KPIs are tracked at plant, department and line level. To solve issues on H&S, site leadership follow safety KPIs, and give directions to review the safety program if necessary. (Leadership: Plant Manager: No.7) (Mgr) | N22: Safety KPIs are tracked positively at plant, department and line level - using "Leading indicators"(e.g. Progress of RA, KPI for 3S activity, etc.) Site leadership follow not only lagging indicator(e.g. # of injuries), but also leading indicators, and give directions to review and/or improve safety programs if necessary. (Leadership: Plant Manager: No.16) (Mgr) | P22: The Plant Manager can describe his/her OH&S strategy and its goals, and how it will be implemented and the goals achieved. And, the strategy has been reviewed quarterly - its progress, validity. Also, revision/instruction for the starategy result have been implemented by plant manager. (Leadership: Plant manager: No.24) (mgr.) | S22: Safety | T22: =I22 -> 0 | U22: =K22 -> 0 | V22: =M22 -> 0 | W22: =O22 -> 0 | X22: =Q22 -> 0 | Y22: =IF(T22="No",1,IF(U22="No",1,IF(V22="No",2,IF(W22="No",3,IF(X22="No",4,5))))) -> 5 | Z22: =IF(Y22<2,"C",IF(Y22<3,"B-",IF(Y22<4,"B",IF(Y22<5,"B+",IF(Y22=5,"A",""))))) -> A | AA22: Governance
F23: Safety | G23: Audit | H23: Internal/external audit has not been conducted. (Safety Manager) | J23: Internal audit has been conducted, and its report could be found. But, it is not enough to follow up the findings. (System: Safety Manager: No.47) | L23: Items/Non-Conformities pointed out at the internal audits were improved or planed to improve them. (System: Safety Manager: No.77) | N23: OFIs found at last internal audit have been improved or have been planed to improve. (System: Safety Manager: No.106) | P23: Regarding the safety management system in the plant, the H&S manager can explain evaluation results by third party, feedback, and the actions. (Organization: Safety Manager: No.20) | S23: Safety | T23: =I23 -> 0 | U23: =K23 -> 0 | V23: =M23 -> 0 | W23: =O23 -> 0 | X23: =Q23 -> 0 | Y23: =IF(T23="No",1,IF(U23="No",1,IF(V23="No",2,IF(W23="No",3,IF(X23="No",4,5))))) -> 5 | Z23: =IF(Y23<2,"C",IF(Y23<3,"B-",IF(Y23<4,"B",IF(Y23<5,"B+",IF(Y23=5,"A",""))))) -> A | AA23: Governance
F24: Safety | G24: Working std. (Review/Revise) | H24: There's working standard but no mention necessary safety key point or no review/revise working std. as determined period of plant's std. (mgr.) | J24: There's working standard and review/revise as period but missing some necessary safety key point (mgr.) | L24: There's working standard with cover all necessary safety key point and it's review/revise periodically as plant std. (mgr.) | N24: O/P feedback missing step/improvement point and inform for further enhancement and there's evidence (mgr.) | P24: The best practices on working std. creation activity has been gathered from other facility/plants/industry, and it has been incorporated into plant. | S24: Safety | T24: =I24 -> 0 | U24: =K24 -> 0 | V24: =M24 -> 0 | W24: =O24 -> 0 | X24: =Q24 -> 0 | Y24: =IF(T24="No",1,IF(U24="No",1,IF(V24="No",2,IF(W24="No",3,IF(X24="No",4,5))))) -> 5 | Z24: =IF(Y24<2,"C",IF(Y24<3,"B-",IF(Y24<4,"B",IF(Y24<5,"B+",IF(Y24=5,"A",""))))) -> A | AA24: Governance
F25: Safety | G25: TS/TYM (Trouble management) | H25: There's list of troubles but no review or classification of risks *Ask Manager (not safety) | J25: Actions taken only after frequent troubles occur, without systematic risk classification or preventive planning *Ask Manager (not safety) | L25: There's list of trouble, review risk of each trouble to classify for TS/TYM action, create all TS standard, communicate to related O/P and they understand risk and how to avoid those risk. *Ask Manager (not safety) | N25: Analyze trouble trend especially frequent trouble by considering potential risk and take measure for reduction. *Ask Manager (not safety) | P25: The best practices/similar trouble of has been gathered from other facility/plants/industry, and implement in the plant or clear KPI to reduce frequent trouble *Ask Manager (not safety) | S25: Safety | T25: =I25 -> 0 | U25: =K25 -> 0 | V25: =M25 -> 0 | W25: =O25 -> 0 | X25: =Q25 -> 0 | Y25: =IF(T25="No",1,IF(U25="No",1,IF(V25="No",2,IF(W25="No",3,IF(X25="No",4,5))))) -> 5 | Z25: =IF(Y25<2,"C",IF(Y25<3,"B-",IF(Y25<4,"B",IF(Y25<5,"B+",IF(Y25=5,"A",""))))) -> A | AA25: Governance
F26: Safety | G26: Safety Patrol/Monitoring | H26: There's only general/same issue of patrol/monitoring e.g. no cleaning, improper parking cart etc. without law compliance/risk point finding and/or no follow up. (Mgr, SV) | J26: Risks, non-compliance, or unsafe behaviors are identified but follow up only after being highlighted by audits, incidents. (Mgr, SV) | L26: The patroller identify risk/non-compliance/unsafe behavior during patrol/monitoring and measure has been followed up until completion (Mgr, SV) | N26: Patrollers/section actively engage responsible persons, track corrective actions, and verify effectiveness to ensure risks are fully mitigated. (Mgr, SV) | P26: The patrol/monitoring process not only eliminate identified risks but also drive cross-functional learning among section, and a culture where everyone proactively prevents unsafe behaviors (Mgr, SV) | S26: Safety | T26: =I26 -> 0 | U26: =K26 -> 0 | V26: =M26 -> 0 | W26: =O26 -> 0 | X26: =Q26 -> 0 | Y26: =IF(T26="No",1,IF(U26="No",1,IF(V26="No",2,IF(W26="No",3,IF(X26="No",4,5))))) -> 5 | Z26: =IF(Y26<2,"C",IF(Y26<3,"B-",IF(Y26<4,"B",IF(Y26<5,"B+",IF(Y26=5,"A",""))))) -> A | AA26: Governance
C27: Independency and Continuity | D27: Awareness and knowledge for QM | E27: Independent implementation of BSFA | F27: Safety | G27: BSFA Training | H27: All teammates are taking BSFA training more than annually. (Operator) | J27: All teammates are taking BSFA training more than annually, but the material is not the latest version. (Safety Manager) | L27: All teammates are taking BSFA training more than annually, and the material is the latest version. *Confirm the the material and training records *In case that the material is not updated, if the site have a plan for the training, this item could be judged "Yes". (Safety Manager) | N27: After the BSFA training, all teammates' understandings are validated in GENBA situation by manager or supervisor. (Safety Manager) | P27: After the BSFA training, all teammates' understandings are validated in GENBA situation by manager or supervisor, and all teammates could answer correctly. (Safety Manager) | S27: Safety | T27: =I27 -> 0 | U27: =K27 -> 0 | V27: =M27 -> 0 | W27: =O27 -> 0 | X27: =Q27 -> 0 | Y27: =IF(T27="No",1,IF(U27="No",1,IF(V27="No",2,IF(W27="No",3,IF(X27="No",4,5))))) -> 5 | Z27: =IF(Y27<2,"C",IF(Y27<3,"B-",IF(Y27<4,"B",IF(Y27<5,"B+",IF(Y27=5,"A",""))))) -> A | AA27: Compliance
F28: Safety | G28: 3S | H28: 3S Documents are displayed in work areas, and there is evidence of this being followed. And, self-check has been implemented. (System: Operator: No.19) | J28: There is an officially appointed 3S leader on site. There is evidence of 3S inspections and recommended actions to improve 3S. (System: Safety Manager: No.44+45) (SV) | L28: 3S standard setting: The 3S standard was set with considering of risk/rule compliance and work ability e.g. no necessary item place inside dangerous zone etc. 3S onsite implementation: All inspected work areas were cleaned (no debris on floor, no spillages) as defined in the 3S visual standard, and there were no unnecessary objects that were not currently in use in the work area. *work area: production area and office (System: Operator: No.75) | N28: 3S activity for the improvement of 3S level has been proceeded. (or Improvement of 3S level can be confirmed, or 3s level is over 4.) (System: Operator: No.105) | P28: The best practices on 3S have been gathered from other plants/industry, and it has been incorporated into the site procedure. or There is a evidence of the comparison with other plants. (System: Safety Manager: No.133) (Safety manager) | S28: Safety | T28: =I28 -> 0 | U28: =K28 -> 0 | V28: =M28 -> 0 | W28: =O28 -> 0 | X28: =Q28 -> 0 | Y28: =IF(T28="No",1,IF(U28="No",1,IF(V28="No",2,IF(W28="No",3,IF(X28="No",4,5))))) -> 5 | Z28: =IF(Y28<2,"C",IF(Y28<3,"B-",IF(Y28<4,"B",IF(Y28<5,"B+",IF(Y28=5,"A",""))))) -> A | AA28: Risk
F29: Safety | G29: KYT/ Practical KYT | H29: KYT has not been implemented. (Safety Manager) *Ask SVs | J29: There is evidence of a defined KY process that been communicated with all staff at least once in the past year. (System: Manager: No.26) | L29: There is an officially appointed KY leader and KY representatives on site. KYT records show that everyone (all teammates and temporary staff) completed KYT monthly | N29: KY is performed by everyone onsite (at workstation, equipment, machine, office) The results from KYT/KY onsite used to develop new safety rules or adjust old rules or improvement of safety measures for hazards((risk mitigation/administrative measures) | P29: The KYT activity is evaluated and opportunity for inprovement is discussed with the plant manager annually. (System: Safety Manager: No.113) | S29: Safety | T29: =I29 -> 0 | U29: =K29 -> 0 | V29: =M29 -> 0 | W29: =O29 -> 0 | X29: =Q29 -> 0 | Y29: =IF(T29="No",1,IF(U29="No",1,IF(V29="No",2,IF(W29="No",3,IF(X29="No",4,5))))) -> 5 | Z29: =IF(Y29<2,"C",IF(Y29<3,"B-",IF(Y29<4,"B",IF(Y29<5,"B+",IF(Y29=5,"A",""))))) -> A | AA29: Compliance
F30: Safety | G30: RA | H30: All teammates recognize the H&S risks applicable in their areas and confirmed these were addressed in trainings. (Teammate Engagement: Operator: No.1) | J30: A sample of 3 teammates could all state that they took the traning on residual risks based on the work standard. (Teammate Engagement: Operator: No.11) | L30: A sample of 3 teammates could all describe and explain the greatest potential H&S risks in their work, and what controls they use or are in place to mitigate these risks. (Teammate Engagement: Operator: No.13) | N30: In a sample of 3 teammates, at least one have participated RA process, and he/she could explain a full and accurate Risk Assessment. (Teammate Engagement: Operator: No.14) | P30: H&S risks/measures of other departments have been shared at the safety meeting in your department. (Teammate Engagement: Operator: No.17) | S30: Safety | T30: =I30 -> 0 | U30: =K30 -> 0 | V30: =M30 -> 0 | W30: =O30 -> 0 | X30: =Q30 -> 0 | Y30: =IF(T30="No",1,IF(U30="No",1,IF(V30="No",2,IF(W30="No",3,IF(X30="No",4,5))))) -> 5 | Z30: =IF(Y30<2,"C",IF(Y30<3,"B-",IF(Y30<4,"B",IF(Y30<5,"B+",IF(Y30=5,"A",""))))) -> A | AA30: Risk
F31: Safety | G31: Safety Rule | H31: All operators shows understanding of the applicable All Bridgestone Safety Rules in their areas. (System: Operator: No.13) | J31: The respondent can clearly indicate how Site Safety Rules are reviewed and improved. (System: Safety Manager: No.41) (SV) | L31: All teammates can demonstrate knowledge of the Safety Rules and explain key points on safety in the work standard. (System: Operator: No.70) | N31: Line-management conducts floor observations(e.g. site tours) and provide feedbacks to teammates to ensure adherence to safety rules, such as procedures, standards, etc. (Leadership: SVs: No.9) (SV) | P31: The respondent explains that feedback is used to make tangible changes in the Safety Rules and can give at least 1 recent example. （Examples of FB: Responsed to proposed safety rules. Teammates can work based on the safety rules, or require changes due to dificulties to work based on the rules, etc.) (System: Operator: No.128) | S31: Safety | T31: =I31 -> 0 | U31: =K31 -> 0 | V31: =M31 -> 0 | W31: =O31 -> 0 | X31: =Q31 -> 0 | Y31: =IF(T31="No",1,IF(U31="No",1,IF(V31="No",2,IF(W31="No",3,IF(X31="No",4,5))))) -> 5 | Z31: =IF(Y31<2,"C",IF(Y31<3,"B-",IF(Y31<4,"B",IF(Y31<5,"B+",IF(Y31=5,"A",""))))) -> A | AA31: Compliance
F32: Safety | G32: 4M Change Management | H32: 4M change process is standardized/documented at the site. (Safety Manager) | J32: 4M change process is standardized/documented at the site, and EHS manager confirm/approve it as a system. (Safety Manager) | L32: In 4M change process, RA before/after the change by EHS team is standardized, and could see the evidence. *at leastt one example should be validated (Safety Manager) | N32: The changing point is valiadted not only by documents documents or pictures, but by GENBA validation. (Safety Manager) | P32: After the change, EHS team confirm whether there is any problem or not as intial management. (Safety manager) | S32: Safety | T32: =I32 -> 0 | U32: =K32 -> 0 | V32: =M32 -> 0 | W32: =O32 -> 0 | X32: =Q32 -> 0 | Y32: =IF(T32="No",1,IF(U32="No",1,IF(V32="No",2,IF(W32="No",3,IF(X32="No",4,5))))) -> 5 | Z32: =IF(Y32<2,"C",IF(Y32<3,"B-",IF(Y32<4,"B",IF(Y32<5,"B+",IF(Y32=5,"A",""))))) -> A | AA32: Risk
E33: Autonomously Managemet System | F33: Safety | G33: Management System: P | H33: There is no IIP for Safety. (Safety Manager) | J33: Safety IIP is issued only by top-management and safety committee, and the plan is deployed in plant. Or, the plan is approved by plant manager and issued in plant, but it was deployed not all department. (Safety Manager) | L33: Safety IIP is approved by plant manager and safety committee, and it was deployed into all department. (Safety Manager) | N33: Safety IIP is approved by plant manager and safety committee, and it was deployed into all department, and all department shared it in team. (Each department has each safety IIP) (Safety Manager) *Ask Manager (not safety) | P33: Before Safety IIP is approved by plant manager and safety committee, the plan has been discussed and built a consensus by all team. And, all teammates has been explained it and confirmed its understandings. (Safety Manager) *Ask Manager (not safety) | S33: Safety | T33: =I33 -> 0 | U33: =K33 -> 0 | V33: =M33 -> 0 | W33: =O33 -> 0 | X33: =Q33 -> 0 | Y33: =IF(T33="No",1,IF(U33="No",1,IF(V33="No",2,IF(W33="No",3,IF(X33="No",4,5))))) -> 5 | Z33: =IF(Y33<2,"C",IF(Y33<3,"B-",IF(Y33<4,"B",IF(Y33<5,"B+",IF(Y33=5,"A",""))))) -> A | AA33: Governance
F34: Safety | G34: Management System: D | H34: Safety activities have not been conducted as the IIP in plant. (Safety Manager) *Ask Manager (not safety) | J34: Almost of Safety activities have been conducted as the IIP in plant, but some activities have not. (Safety Manager) *Ask Manager (not safety) | L34: Safety activities have been conducted as the IIP in plant. (Safety Manager) *Ask Manager (not safety) | N34: Safety activities have been conducted as the IIP in plant, but it is only for direct employee. (Safety Manager) *Ask Manager (not safety) | P34: Managers lead/self-implement/follow-up/instruct safety activities as safety IIP, and all workers in plant have implemented these. (Safety Manager) *Ask Manager (not safety) | S34: Safety | T34: =I34 -> 0 | U34: =K34 -> 0 | V34: =M34 -> 0 | W34: =O34 -> 0 | X34: =Q34 -> 0 | Y34: =IF(T34="No",1,IF(U34="No",1,IF(V34="No",2,IF(W34="No",3,IF(X34="No",4,5))))) -> 5 | Z34: =IF(Y34<2,"C",IF(Y34<3,"B-",IF(Y34<4,"B",IF(Y34<5,"B+",IF(Y34=5,"A",""))))) -> A | AA34: Governance
F35: Safety | G35: Management System: C | H35: Progress of safety IIP have not been followed-up. (Safety Manager) *Ask Manager (not safety) | J35: Progress of safety IIP have been followed-up almost, but not all items. (Safety Manager) *Ask Manager (not safety) | L35: All items in Safety IIP have been followed-up. (At least once a month) (Safety Manager) *Ask Manager (not safety) | N35: All items in Safety IIP have been followed-up more than once a month, but it is not enough to check/confirm it in GENBA. *No evidence to check/confirm in GENBA (Safety Manager) *Ask Manager (not safety) | P35: Progress of Safety IIP have been followed-up by management team, including SVs, and it has been checked/confirmed in GENBA. (Manager, SV) *Ask Manager (not safety) | S35: Safety | T35: =I35 -> 0 | U35: =K35 -> 0 | V35: =M35 -> 0 | W35: =O35 -> 0 | X35: =Q35 -> 0 | Y35: =IF(T35="No",1,IF(U35="No",1,IF(V35="No",2,IF(W35="No",3,IF(X35="No",4,5))))) -> 5 | Z35: =IF(Y35<2,"C",IF(Y35<3,"B-",IF(Y35<4,"B",IF(Y35<5,"B+",IF(Y35=5,"A",""))))) -> A | AA35: Governance
F36: Safety | G36: Management System: A | H36: Safety IIP has been followed-up but review/re-thinking has not been done, issued/OFI have not been extracted. (Safety Manager) *Ask Manager (not safety) | J36: Safety IIP has been followed-up, and review/re-thinking has not been done, also, issued/OFI have been extracted, but not for all item. (Safety Manager) *Ask Manager (not safety) | L36: Safety IIP has been followed-up, and review/re-thinking has not been done, also, issued/OFI have been extracted, but safety activities have not evolved. (just backing-up or revise frequency) (Safety Manager) *Ask Manager (not safety) | N36: Safety IIP has been followed-up, and review/re-thinking has not been done, also, issued/OFI have been extracted, resulting in safety activities have evolved. But, these activities have not been standardized. (Safety Manager) *Ask Manager (not safety) | P36: Safety IIP has been followed-up, and review/re-thinking has not been done, also, issued/OFI have been extracted, resulting in safety activities have evolved. And, these activities have been standardized to keep it going. (Safety Manager) *Ask Manager (not safety) | S36: Safety | T36: =I36 -> 0 | U36: =K36 -> 0 | V36: =M36 -> 0 | W36: =O36 -> 0 | X36: =Q36 -> 0 | Y36: =IF(T36="No",1,IF(U36="No",1,IF(V36="No",2,IF(W36="No",3,IF(X36="No",4,5))))) -> 5 | Z36: =IF(Y36<2,"C",IF(Y36<3,"B-",IF(Y36<4,"B",IF(Y36<5,"B+",IF(Y36=5,"A",""))))) -> A | AA36: Governance
C37: Integration/ Incorporation | D37: Resource and Organization for QM | E37: Plant Management | F37: Safety | G37: Safety Organization | H37: There is a EHS manager. (Safety manager) | J37: There is a EHS manager but he/she has multiple role. (Safety manager) | L37: Safety/DP Manager's role is exclusive duty in plant. (Safety/DP Manager is managing only safety and DP, and no any other jobs are assigned.) And, a safety staff is asigned in plant. (Safety Manager) | N37: Safety/DP Manager's role is exclusive duty in plant. (Safety/DP Manager is managing only safety and DP, and no any other jobs are assigned.) And, a safety staff's role also exclusive duty. (Safety Manager) | P37: Safety/DP Manager's role is exclusive duty in plant. (Safety/DP Manager is managing only safety and DP, and no any other jobs are assigned.) And, his/her experiece is more than three years. (Safety Manager) | S37: Safety | T37: =I37 -> 0 | U37: =K37 -> 0 | V37: =M37 -> 0 | W37: =O37 -> 0 | X37: =Q37 -> 0 | Y37: =IF(T37="No",1,IF(U37="No",1,IF(V37="No",2,IF(W37="No",3,IF(X37="No",4,5))))) -> 5 | Z37: =IF(Y37<2,"C",IF(Y37<3,"B-",IF(Y37<4,"B",IF(Y37<5,"B+",IF(Y37=5,"A",""))))) -> A | AA37: Governance
F38: Safety | G38: SE | H38: There is no Safety Engineer (SE). (Safety Manager) | J38: SE has certified by GBS/BSAPIC SBU with multiple roles. (Safety Manager) | L38: There is a SE exclusive staff. (Certified and has only SE role) (Safety Manager) | N38: SE has a official license certified from International certifications e.g. CMSE, JIS, CE, ISO etc. for Machinery Safety expert (Safety Manager) | P38: There are SEs (two or more), and they do not have multiple role. (Safety Manager) | S38: Safety | T38: =I38 -> 0 | U38: =K38 -> 0 | V38: =M38 -> 0 | W38: =O38 -> 0 | X38: =Q38 -> 0 | Y38: =IF(T38="No",1,IF(U38="No",1,IF(V38="No",2,IF(W38="No",3,IF(X38="No",4,5))))) -> 5 | Z38: =IF(Y38<2,"C",IF(Y38<3,"B-",IF(Y38<4,"B",IF(Y38<5,"B+",IF(Y38=5,"A",""))))) -> A | AA38: Governance
F39: Safety | G39: Budget | H39: Budget for recurrence prevention, RA countermeasure, and working hours (human resource) is not enough. (Safety Manager) *Ask Manager (not safety) | J39: There is a lack of budget for either recurrence prevention, RA countermeasure, and working hours(human resource). (Safety Manager) | L39: Budget for recurrence prevention, RA countermeasure, and working hours (human resource) is prepared enough as plan. (Safety Manager) *Ask Manager (not safety) | N39: Budget is used for recurrence prevention, RA countermeasure, and any other activities as planed. (Safety Manager) *Ask Manager (not safety) | P39: Budget is prepared even for sudden accidents. Or, in case of sudden accidents, additional budget is obtained, and recurrence prevention, RA countermeasure, and any other activities are implemented ahead of schedule. (Safety Manager) | S39: Safety | T39: =I39 -> 0 | U39: =K39 -> 0 | V39: =M39 -> 0 | W39: =O39 -> 0 | X39: =Q39 -> 0 | Y39: =IF(T39="No",1,IF(U39="No",1,IF(V39="No",2,IF(W39="No",3,IF(X39="No",4,5))))) -> 5 | Z39: =IF(Y39<2,"C",IF(Y39<3,"B-",IF(Y39<4,"B",IF(Y39<5,"B+",IF(Y39=5,"A",""))))) -> A | AA39: Governance
D40: Example of SE international certification
C41: TBD | F41: 安全 | G41: BSFA インストラクター | H41: インストラクターがいない。 | J41: 拠点にマスターインストラクターはいないが、GBSまたはSBUによるインストラクター教育を受講経験のあるものが、安全防災機能に1名以上配置されている。 | L41: マスターインストラクターが1名以上配置されている。 | N41: マスターインストラクターによる教育が実施されているが、全部署には教育・認定がされていない。 | P41: 各部署のマネージャー全員がマスターインストラクター教育を受講しており、認定されている。
D42: * CMSE® – Certified Machinery Safety Expert (TÜV NORD & Pilz, Germany)
D43: * JIS B 9700:2013 Safety of machinery — General principles for design — Risk assessment and risk reduction"
D44: * ISO 12100:2010 – Safety of Machinery: General Principles for Design, Risk Assessment and Risk Reduction
D45: * CE Machinery Directive Competence (EU)
D46: * IEC 62061:2021 – Functional Safety of Machinery
G49: 文書管理 | H49: 回答者は、最新の政府が発行した安全要求を提示できる。 | J49: 管理者は、必須の安全文書とそうでないものをリストで提示できる。 | L49: 全ての安全衛生に関する事業所の標準は管理者がいる。また、3人の回答者は、割り当てられた安全文書がどのように最新版管理されているか説明できる。 | N49: 安全衛生に関する文書・記録の一覧表は定期的に見直されて最新版管理されている。（不要な重複の廃棄・文書管理者の更新・表示形式の統一） | P49: 他事業所/業界の文書管理に関する好事例を入手し、自拠点へ落とし込みしていることを確認できる。または、他事業所と比較した結果がある。
J50: 不足している文書がないかの確認、（あれば）入手するための実施計画が記録で確認できる。 | L50: 安全衛生に関する文書・記録の管理一覧表があり、管理者によって確認・承認されている。
G51: 変更管理 | H51: 変更の起案者、審議者、承認者が任命されている。また、それぞれの役割・責任が定義されている。 | J51: 変更の起案者・審議者・承認者は、変更管理(4M変更）の教育を受けている。また、その記録がある。 | L51: 回答者は、起案された変更がどのように審議されるか説明できる。また、事業所の安全ルール・作業標準が提案内容と共に分析されている。 ３つの変更事例で、安全に関する審議と承認が確認できる。 | N51: RAは、変更管理手順の一部となっており、変更に伴う潜在的なリスク分析を行うことがRAおよび変更記録から確認できる。 | P51: 過去6か月の変更管理要求の50%のサンプルチェックにおいて、類似の変更時に他事業所で顕在化した危険源・リスク、他事業所のベストプラクティスが含まれている。
H52: 変更管理が規定された手順があり、法令確認のステップが含まれている。 | N52: 変更管理手順において、実行された未然防止の管理を提示できる。
G53: マネジメントコミットメント | J53: 少なくとも3人の技能員は、危険源や（改善の）機会を報告時に、叱責・報復が無い、またはそれを禁止するルールがある と回答した。
L54: 回答者は、自身に関係する安全の目標、どのような貢献がなされるか、説明できる。【主任】 | P54: 他事業所の変更管理に関する好事例を入手し、自拠点へ落とし込みしていることを確認できる。または、他事業所と比較した結果がある。
G55: 緊急事態計画 | H55: 自工場の緊急時対応手順の安全に関わるものは、安全機能により法令順守が確認されている。 | J55: 過去1年間、緊急事態訓練の記録がある、また訓練のレビューが完了している。 | L55: 複数のシナリオが策定されている。 | N55: 合理的に予見可能な緊急事態が特定され、訓練もそれに基づいて全てのシフトで実施されている。また、緊急事態対応手順が文書化されているか。 | P55: 回答者は、緊急事態の対応手順について、他工場の好事例を取り入れたり工夫していることを示すことができる。または、他事業所と比較した結果がある。
H56: 緊急時の対応者に期待されること、緊急時の役割に関し、文書化されている。 | J56: 緊急時対応手順は、直近の訓練レビューに基づき、更新されている。 | L56: 緊急時対応計画は、対応者が従うべき明確なルールおよびガイダンスを含んでいる。
G57: コミュニケーション | H57: 安全担当課長が、工場内で安全に関するコミュニケーションを行っているか確認する（法的要求事項、4M変更、標準改訂等）。 | J57: 入社時の安全関連の教育において、災害発生状況、重大リスクおよびその低減方法が含まれているかどうか確認する。 | L57: 技能員は、安全関連の課題（災害・ヒヤリ・不具合など）を発見した際に、だれに報告すべきかを知っているか確認する。 | N57: 技能員は、災害・ヒヤリ・不具合を管理者に報告した後、管理者からその対応について報告を受けているかどうか確認する。 | P57: 技能員が、安全に関する改善活動を行う際は、自身/自部署だけでなく、小集団・CFTで行っているかどうか確認する。
L58: 安全に関する標準は、有効性が評価され、必要に応じて改善されているかどうか確認する。 （安全に関する標準が協議/審議・及び審議意見が反映されているかどうか）

Sheet Safety manager
B2: ■Legend
C3: : Items from Safety Maturity Assessment
C4: : Items that is newly added for solidification assessment
C6: Solidification 5 items | D6: 評価するポイント | E6: 評価項目 | F6: Secondary Categoty | G6: Score | H6: Point | I6: Criteria | J6: Judge
C7: Issue solving | D7: ・課題解決のスピードとレベル ・深層・真因の深堀、しくみ構築と運用 | E7: 災害対応、類災対策 | F7: Information Sharing | G7: =IF(H7=1,"C",IF(H7=2,"B-",IF(H7=3,"B",IF(H7=4,"B+",IF(H7=5,"A"))))) -> C | H7: 1 | I7: ='Safety overall result'!H12 -> Issuing injury report with SBU's support. (Safety Manager)
G8: =IF(H8=1,"C",IF(H8=2,"B-",IF(H8=3,"B",IF(H8=4,"B+",IF(H8=5,"A"))))) -> B- | H8: 2 | I8: ='Safety overall result'!J12 -> Injury report is issued by plant, but there was a delay in the due date in the guideline. (Safety Manager)
G9: =IF(H9=1,"C",IF(H9=2,"B-",IF(H9=3,"B",IF(H9=4,"B+",IF(H9=5,"A"))))) -> B | H9: 3 | I9: ='Safety overall result'!L12 -> Injury report is issued by plant, within the due date that is standardized in the guideline. And root cause analysis and its countermeasure has been completed and these report is issued within the due date as the guideline. (Safety Manager)
G10: =IF(H10=1,"C",IF(H10=2,"B-",IF(H10=3,"B",IF(H10=4,"B+",IF(H10=5,"A"))))) -> B+ | H10: 4 | I10: ='Safety overall result'!N12 -> Injury report is issued by plant, within the due date that is standardized in the guideline. And root cause analysis and its countermeasure has been completed and these report is issued within the due date as the guideline. Also, the countermeasure has been spreaded to similar machines/tasks. After the countermeasure is compleated, the report to SBU has been issued. (Safety Manager)
G11: =IF(H11=1,"C",IF(H11=2,"B-",IF(H11=3,"B",IF(H11=4,"B+",IF(H11=5,"A"))))) -> A | H11: 5 | I11: ='Safety overall result'!P12 -> Past countermeasures have been re-checked its implementation status periodically. *At least, need to check its progress within 1 year. (Safety Manager)
F12: Recurrence Prevention Process KPI | G12: =IF(H12=1,"C",IF(H12=2,"B-",IF(H12=3,"B",IF(H12=4,"B+",IF(H12=5,"A"))))) -> C | H12: 1 | I12: ='Safety overall result'!H13 -> There is no plan for countermeasures from outside of plant. *"Countermeasure" in this part means that is issued from BSJ7310 (Safety Manager)
G13: =IF(H13=1,"C",IF(H13=2,"B-",IF(H13=3,"B",IF(H13=4,"B+",IF(H13=5,"A"))))) -> B- | H13: 2 | I13: ='Safety overall result'!J13 -> There is a plan for contermeasure, but there is a delay in the plan. *No corrective plan for delay. (Safety Manager)
G14: =IF(H14=1,"C",IF(H14=2,"B-",IF(H14=3,"B",IF(H14=4,"B+",IF(H14=5,"A"))))) -> B | H14: 3 | I14: ='Safety overall result'!L13 -> There is a plan for contermeasure, and it is on-going to the plan, but not yet completed. Or, there is a delay but corrective plan has been made for it, and it is on-going. (Safety Manager)
G15: =IF(H15=1,"C",IF(H15=2,"B-",IF(H15=3,"B",IF(H15=4,"B+",IF(H15=5,"A"))))) -> B+ | H15: 4 | I15: ='Safety overall result'!N13 -> There is a plan for contermeasure, and progressing ahead of the plan, but not yet completed. (Safety Manager)
G16: =IF(H16=1,"C",IF(H16=2,"B-",IF(H16=3,"B",IF(H16=4,"B+",IF(H16=5,"A"))))) -> A | H16: 5 | I16: ='Safety overall result'!P13 -> All contermeasures have been completed. (Safety Manager)
C17: Risk Management | F17: Equipment RA | G17: =IF(H17=1,"C",IF(H17=2,"B-",IF(H17=3,"B",IF(H17=4,"B+",IF(H17=5,"A"))))) -> C | H17: 1 | I17: There is a plan for Machine RA. (Safety Manager)
G18: =IF(H18=1,"C",IF(H18=2,"B-",IF(H18=3,"B",IF(H18=4,"B+",IF(H18=5,"A"))))) -> B- | H18: 2 | I18: There is a plan for hardware countermeasures, but there is a delay in the plan. *No corrective plan for the delay. (Safety Manager)
G19: =IF(H19=1,"C",IF(H19=2,"B-",IF(H19=3,"B",IF(H19=4,"B+",IF(H19=5,"A"))))) -> B | H19: 3 | I19: There is a plan for hardware countermeasures , and it is on-going to the plan. Or, there is a delay but corrective plan has been made for it, and it is on-going. (Safety Manager)
G20: =IF(H20=1,"C",IF(H20=2,"B-",IF(H20=3,"B",IF(H20=4,"B+",IF(H20=5,"A"))))) -> B+ | H20: 4 | I20: There is a plan for hardware contermeasures, and progressing ahead of the plan, but not yet completed. (Safety Manager)
G21: =IF(H21=1,"C",IF(H21=2,"B-",IF(H21=3,"B",IF(H21=4,"B+",IF(H21=5,"A"))))) -> A | H21: 5 | I21: All contermeasures have been completed. *all risks that could be countered by hardware have been reduced by hardware. (Safety Manager)
F22: Task RA | G22: =IF(H22=1,"C",IF(H22=2,"B-",IF(H22=3,"B",IF(H22=4,"B+",IF(H22=5,"A"))))) -> C | H22: 1 | I22: There is a plan for Task RA. (Safety Manager)
G23: =IF(H23=1,"C",IF(H23=2,"B-",IF(H23=3,"B",IF(H23=4,"B+",IF(H23=5,"A"))))) -> B- | H23: 2 | I23: There is a plan for Task RA, but there is a delay in the plan. *No corrective plan for the delay. (Safety Manager)
G24: =IF(H24=1,"C",IF(H24=2,"B-",IF(H24=3,"B",IF(H24=4,"B+",IF(H24=5,"A"))))) -> B | H24: 3 | I24: There is a plan for Task RA, and it is on-going to the plan. Or, there is a delay but corrective plan has been made for it, and it is on-going. (Safety Manager)
G25: =IF(H25=1,"C",IF(H25=2,"B-",IF(H25=3,"B",IF(H25=4,"B+",IF(H25=5,"A"))))) -> B+ | H25: 4 | I25: There is a plan for Task RA, and progressing ahead of the plan, but not yet completed. (Safety Manager)
G26: =IF(H26=1,"C",IF(H26=2,"B-",IF(H26=3,"B",IF(H26=4,"B+",IF(H26=5,"A"))))) -> A | H26: 5 | I26: All task RA have been completed. (Safety Manager)
C27: Business Strategy Adjustment | D27: ・Cpk COPQ分析での基盤強化 ・VC・階層を俯瞰した品質経営担保 | E27: マネジメントシステム運用 | F27: Policy/ Purpose/ Target | G27: =IF(H27=1,"C",IF(H27=2,"B-",IF(H27=3,"B",IF(H27=4,"B+",IF(H27=5,"A"))))) -> C | H27: 1 | I27: ='Safety overall result'!H21 -> Safety policy/target has not been issued. (Safety Manager)
G28: =IF(H28=1,"C",IF(H28=2,"B-",IF(H28=3,"B",IF(H28=4,"B+",IF(H28=5,"A"))))) -> A | H28: 5 | I28: ='Safety overall result'!P21 -> There is evidence of OH&S benchmarking with other sites. (System: Safety Manager: No.123) (Mgr + SV)
F29: Implementation Plan | G29: =IF(H29=1,"C",IF(H29=2,"B-",IF(H29=3,"B",IF(H29=4,"B+",IF(H29=5,"A"))))) -> C | H29: 1 | I29: ='Safety overall result'!H22 -> There is no implementation plan for safety. (Safety Manager)
F30: Audit | G30: =IF(H30=1,"C",IF(H30=2,"B-",IF(H30=3,"B",IF(H30=4,"B+",IF(H30=5,"A"))))) -> C | H30: 1 | I30: ='Safety overall result'!H23 -> Internal/external audit has not been conducted. (Safety Manager)
G31: =IF(H31=1,"C",IF(H31=2,"B-",IF(H31=3,"B",IF(H31=4,"B+",IF(H31=5,"A"))))) -> B- | H31: 2 | I31: ='Safety overall result'!J23 -> Internal audit has been conducted, and its report could be found. But, it is not enough to follow up the findings. (System: Safety Manager: No.47)
G32: =IF(H32=1,"C",IF(H32=2,"B-",IF(H32=3,"B",IF(H32=4,"B+",IF(H32=5,"A"))))) -> B | H32: 3 | I32: ='Safety overall result'!L23 -> Items/Non-Conformities pointed out at the internal audits were improved or planed to improve them. (System: Safety Manager: No.77)
G33: =IF(H33=1,"C",IF(H33=2,"B-",IF(H33=3,"B",IF(H33=4,"B+",IF(H33=5,"A"))))) -> B+ | H33: 4 | I33: ='Safety overall result'!N23 -> OFIs found at last internal audit have been improved or have been planed to improve. (System: Safety Manager: No.106)
G34: =IF(H34=1,"C",IF(H34=2,"B-",IF(H34=3,"B",IF(H34=4,"B+",IF(H34=5,"A"))))) -> A | H34: 5 | I34: ='Safety overall result'!P23 -> Regarding the safety management system in the plant, the H&S manager can explain evaluation results by third party, feedback, and the actions. (Organization: Safety Manager: No.20)
C35: Independency and Continuity | D35: ・品質経営知識と意識、活動定着 | E35: 規定項目の自律的実行 | F35: BSFA Training | G35: =IF(H35=1,"C",IF(H35=2,"B-",IF(H35=3,"B",IF(H35=4,"B+",IF(H35=5,"A"))))) -> B- | H35: 2 | I35: ='Safety overall result'!J27 -> All teammates are taking BSFA training more than annually, but the material is not the latest version. (Safety Manager)
G36: =IF(H36=1,"C",IF(H36=2,"B-",IF(H36=3,"B",IF(H36=4,"B+",IF(H36=5,"A"))))) -> B | H36: 3 | I36: ='Safety overall result'!L27 -> All teammates are taking BSFA training more than annually, and the material is the latest version. *Confirm the the material and training records *In case that the material is not updated, if the site have a plan for the training, this item could be judged "Yes". (Safety Manager)
G37: =IF(H37=1,"C",IF(H37=2,"B-",IF(H37=3,"B",IF(H37=4,"B+",IF(H37=5,"A"))))) -> B+ | H37: 4 | I37: ='Safety overall result'!N27 -> After the BSFA training, all teammates' understandings are validated in GENBA situation by manager or supervisor. (Safety Manager)
G38: =IF(H38=1,"C",IF(H38=2,"B-",IF(H38=3,"B",IF(H38=4,"B+",IF(H38=5,"A"))))) -> A | H38: 5 | I38: ='Safety overall result'!P27 -> After the BSFA training, all teammates' understandings are validated in GENBA situation by manager or supervisor, and all teammates could answer correctly. (Safety Manager)
F39: 3S | G39: =IF(H39=1,"C",IF(H39=2,"B-",IF(H39=3,"B",IF(H39=4,"B+",IF(H39=5,"A"))))) -> A | H39: 5 | I39: ='Safety overall result'!P28 -> The best practices on 3S have been gathered from other plants/industry, and it has been incorporated into the site procedure. or There is a evidence of the comparison with other plants. (System: Safety Manager: No.133) (Safety manager)
F40: 4M Change Management | G40: =IF(H40=1,"C",IF(H40=2,"B-",IF(H40=3,"B",IF(H40=4,"B+",IF(H40=5,"A"))))) -> C | H40: 1 | I40: ='Safety overall result'!H32 -> 4M change process is standardized/documented at the site. (Safety Manager)
G41: =IF(H41=1,"C",IF(H41=2,"B-",IF(H41=3,"B",IF(H41=4,"B+",IF(H41=5,"A"))))) -> B- | H41: 2 | I41: ='Safety overall result'!J32 -> 4M change process is standardized/documented at the site, and EHS manager confirm/approve it as a system. (Safety Manager)
G42: =IF(H42=1,"C",IF(H42=2,"B-",IF(H42=3,"B",IF(H42=4,"B+",IF(H42=5,"A"))))) -> B | H42: 3 | I42: ='Safety overall result'!L32 -> In 4M change process, RA before/after the change by EHS team is standardized, and could see the evidence. *at leastt one example should be validated (Safety Manager)
G43: =IF(H43=1,"C",IF(H43=2,"B-",IF(H43=3,"B",IF(H43=4,"B+",IF(H43=5,"A"))))) -> B+ | H43: 4 | I43: ='Safety overall result'!N32 -> The changing point is valiadted not only by documents documents or pictures, but by GENBA validation. (Safety Manager)
G44: =IF(H44=1,"C",IF(H44=2,"B-",IF(H44=3,"B",IF(H44=4,"B+",IF(H44=5,"A"))))) -> A | H44: 5 | I44: ='Safety overall result'!P32 -> After the change, EHS team confirm whether there is any problem or not as intial management. (Safety manager)
E45: マネジメントシステムの 自律的実行 ※マネジメントシステムを 基盤とした スパイラルアップ活動 | F45: Management System: P | G45: =IF(H45=1,"C",IF(H45=2,"B-",IF(H45=3,"B",IF(H45=4,"B+",IF(H45=5,"A"))))) -> C | H45: 1 | I45: ='Safety overall result'!H33 -> There is no IIP for Safety. (Safety Manager)
G46: =IF(H46=1,"C",IF(H46=2,"B-",IF(H46=3,"B",IF(H46=4,"B+",IF(H46=5,"A"))))) -> B- | H46: 2 | I46: ='Safety overall result'!J33 -> Safety IIP is issued only by top-management and safety committee, and the plan is deployed in plant. Or, the plan is approved by plant manager and issued in plant, but it was deployed not all department. (Safety Manager)
G47: =IF(H47=1,"C",IF(H47=2,"B-",IF(H47=3,"B",IF(H47=4,"B+",IF(H47=5,"A"))))) -> B | H47: 3 | I47: ='Safety overall result'!L33 -> Safety IIP is approved by plant manager and safety committee, and it was deployed into all department. (Safety Manager)
C48: Integration/ Incorporation | D48: ・品質経営活動に供する組織とリソース | E48: 工場の管理体制 | F48: Safety Organization | G48: =IF(H48=1,"C",IF(H48=2,"B-",IF(H48=3,"B",IF(H48=4,"B+",IF(H48=5,"A"))))) -> C | H48: 1 | I48: ='Safety overall result'!H37 -> There is a EHS manager. (Safety manager)
G49: =IF(H49=1,"C",IF(H49=2,"B-",IF(H49=3,"B",IF(H49=4,"B+",IF(H49=5,"A"))))) -> B- | H49: 2 | I49: ='Safety overall result'!J37 -> There is a EHS manager but he/she has multiple role. (Safety manager)
G50: =IF(H50=1,"C",IF(H50=2,"B-",IF(H50=3,"B",IF(H50=4,"B+",IF(H50=5,"A"))))) -> B | H50: 3 | I50: ='Safety overall result'!L37 -> Safety/DP Manager's role is exclusive duty in plant. (Safety/DP Manager is managing only safety and DP, and no any other jobs are assigned.) And, a safety staff is asigned in plant. (Safety Manager)
G51: =IF(H51=1,"C",IF(H51=2,"B-",IF(H51=3,"B",IF(H51=4,"B+",IF(H51=5,"A"))))) -> B+ | H51: 4 | I51: ='Safety overall result'!N37 -> Safety/DP Manager's role is exclusive duty in plant. (Safety/DP Manager is managing only safety and DP, and no any other jobs are assigned.) And, a safety staff's role also exclusive duty. (Safety Manager)
G52: =IF(H52=1,"C",IF(H52=2,"B-",IF(H52=3,"B",IF(H52=4,"B+",IF(H52=5,"A"))))) -> A | H52: 5 | I52: ='Safety overall result'!P37 -> Safety/DP Manager's role is exclusive duty in plant. (Safety/DP Manager is managing only safety and DP, and no any other jobs are assigned.) And, his/her experiece is more than three years. (Safety Manager)
F53: SE | G53: =IF(H53=1,"C",IF(H53=2,"B-",IF(H53=3,"B",IF(H53=4,"B+",IF(H53=5,"A"))))) -> C | H53: 1 | I53: ='Safety overall result'!H38 -> There is no Safety Engineer (SE). (Safety Manager)
G54: =IF(H54=1,"C",IF(H54=2,"B-",IF(H54=3,"B",IF(H54=4,"B+",IF(H54=5,"A"))))) -> B- | H54: 2 | I54: ='Safety overall result'!J38 -> SE has certified by GBS/BSAPIC SBU with multiple roles. (Safety Manager)
G55: =IF(H55=1,"C",IF(H55=2,"B-",IF(H55=3,"B",IF(H55=4,"B+",IF(H55=5,"A"))))) -> B | H55: 3 | I55: ='Safety overall result'!L38 -> There is a SE exclusive staff. (Certified and has only SE role) (Safety Manager)
G56: =IF(H56=1,"C",IF(H56=2,"B-",IF(H56=3,"B",IF(H56=4,"B+",IF(H56=5,"A"))))) -> B+ | H56: 4 | I56: ='Safety overall result'!N38 -> SE has a official license certified from International certifications e.g. CMSE, JIS, CE, ISO etc. for Machinery Safety expert (Safety Manager)
G57: =IF(H57=1,"C",IF(H57=2,"B-",IF(H57=3,"B",IF(H57=4,"B+",IF(H57=5,"A"))))) -> A | H57: 5 | I57: ='Safety overall result'!P38 -> There are SEs (two or more), and they do not have multiple role. (Safety Manager)
F64: 文書管理 | I64: 回答者は、最新の政府が発行した安全要求を提示できる。
F66: 変更管理 | I66: 変更の起案者、審議者、承認者が任命されている。また、それぞれの役割・責任が定義されている。
I67: 変更管理が規定された手順があり、法令確認のステップが含まれている。
F68: マネジメントコミットメント
F70: 緊急事態計画 | I70: 自工場の緊急時対応手順の安全に関わるものは、安全機能により法令順守が確認されている。
I71: 緊急時の対応者に期待されること、緊急時の役割に関し、文書化されている。
F72: コミュニケーション | I72: 安全担当課長が、工場内で安全に関するコミュニケーションを行っているか確認する（法的要求事項、4M変更、標準改訂等）。

Sheet Manager(Safety)
B2: ■Legend
C3: : Items from Safety Maturity Assessment
C4: : Items that is newly added for solidification assessment
C6: Solidification 5 items | D6: 評価するポイント | E6: 評価項目 | F6: Secondary Categoty | G6: Score | H6: Point | I6: Criteria | J6: Judge
C7: Business Strategy Adjustment | D7: ・Cpk COPQ分析での基盤強化 ・VC・階層を俯瞰した品質経営担保 | E7: マネジメントシステム運用 | F7: Policy/ Purpose/ Target | G7: =IF(H7=1,"C",IF(H7=2,"B-",IF(H7=3,"B",IF(H7=4,"B+",IF(H7=5,"A"))))) -> B- | H7: 2 | I7: ='Safety overall result'!J21 -> OH&S policy has been established at site. And the manager can explain it. (System: Plant Manager: No.9) (Mgr + SV)
G8: =IF(H8=1,"C",IF(H8=2,"B-",IF(H8=3,"B",IF(H8=4,"B+",IF(H8=5,"A"))))) -> B | H8: 3 | I8: ='Safety overall result'!L21 -> Management can describe and explain the site's OH&S objectives and goals. (Mgr + SV)
G9: =IF(H9=1,"C",IF(H9=2,"B-",IF(H9=3,"B",IF(H9=4,"B+",IF(H9=5,"A"))))) -> B+ | H9: 4 | I9: ='Safety overall result'!N21 -> The plan contains goals to be achieved which are relevant to the incidents and risks identified by the SBU. (Mgr + SV)
F10: Implementation Plan | G10: =IF(H10=1,"C",IF(H10=2,"B-",IF(H10=3,"B",IF(H10=4,"B+",IF(H10=5,"A"))))) -> B- | H10: 2 | I10: ='Safety overall result'!J22 -> There are documented OH&S action plans and evidence of OH&S results tracking. (Mgr)
G11: =IF(H11=1,"C",IF(H11=2,"B-",IF(H11=3,"B",IF(H11=4,"B+",IF(H11=5,"A"))))) -> B | H11: 3 | I11: ='Safety overall result'!L22 -> Safety KPIs are tracked at plant, department and line level. To solve issues on H&S, site leadership follow safety KPIs, and give directions to review the safety program if necessary. (Leadership: Plant Manager: No.7) (Mgr)
G12: =IF(H12=1,"C",IF(H12=2,"B-",IF(H12=3,"B",IF(H12=4,"B+",IF(H12=5,"A"))))) -> B+ | H12: 4 | I12: ='Safety overall result'!N22 -> Safety KPIs are tracked positively at plant, department and line level - using "Leading indicators"(e.g. Progress of RA, KPI for 3S activity, etc.) Site leadership follow not only lagging indicator(e.g. # of injuries), but also leading indicators, and give directions to review and/or improve safety programs if necessary. (Leadership: Plant Manager: No.16) (Mgr)
G13: =IF(H13=1,"C",IF(H13=2,"B-",IF(H13=3,"B",IF(H13=4,"B+",IF(H13=5,"A"))))) -> A | H13: 5 | I13: ='Safety overall result'!P22 -> The Plant Manager can describe his/her OH&S strategy and its goals, and how it will be implemented and the goals achieved. And, the strategy has been reviewed quarterly - its progress, validity. Also, revision/instruction for the starategy result have been implemented by plant manager. (Leadership: Plant manager: No.24) (mgr.)
F14: Working std. (Review/Revise) | G14: =IF(H14=1,"C",IF(H14=2,"B-",IF(H14=3,"B",IF(H14=4,"B+",IF(H14=5,"A"))))) -> C | H14: 1 | I14: There's working standard but no mention necessary safety key point or no review/revise working std. as determined period of plant's std. (mgr.)
G15: =IF(H15=1,"C",IF(H15=2,"B-",IF(H15=3,"B",IF(H15=4,"B+",IF(H15=5,"A"))))) -> B- | H15: 2 | I15: There's working standard and review/revise as period but missing some necessary safety key point (mgr.)
G16: =IF(H16=1,"C",IF(H16=2,"B-",IF(H16=3,"B",IF(H16=4,"B+",IF(H16=5,"A"))))) -> B | H16: 3 | I16: There's working standard with cover all necessary safety key point and it's review/revise periodically as plant std. (mgr.)
G17: =IF(H17=1,"C",IF(H17=2,"B-",IF(H17=3,"B",IF(H17=4,"B+",IF(H17=5,"A"))))) -> B+ | H17: 4 | I17: O/P feedback missing step/improvement point and inform for further enhancement and there's evidence (mgr.)
G18: =IF(H18=1,"C",IF(H18=2,"B-",IF(H18=3,"B",IF(H18=4,"B+",IF(H18=5,"A"))))) -> A | H18: 5 | I18: The best practices on working std. creation activity has been gathered from other facility/plants/industry, and it has been incorporated into plant.
F19: TS/TYM (Trouble management) | G19: =IF(H19=1,"C",IF(H19=2,"B-",IF(H19=3,"B",IF(H19=4,"B+",IF(H19=5,"A"))))) -> C | H19: 1 | I19: There's list of troubles but no review or classification of risks *Ask Manager (not safety)
G20: =IF(H20=1,"C",IF(H20=2,"B-",IF(H20=3,"B",IF(H20=4,"B+",IF(H20=5,"A"))))) -> B- | H20: 2 | I20: Actions taken only after frequent troubles occur, without systematic risk classification or preventive planning *Ask Manager (not safety)
G21: =IF(H21=1,"C",IF(H21=2,"B-",IF(H21=3,"B",IF(H21=4,"B+",IF(H21=5,"A"))))) -> B | H21: 3 | I21: There's list of trouble, review risk of each trouble to classify for TS/TYM action, create all TS standard, communicate to related O/P and they understand risk and how to avoid those risk. *Ask Manager (not safety)
G22: =IF(H22=1,"C",IF(H22=2,"B-",IF(H22=3,"B",IF(H22=4,"B+",IF(H22=5,"A"))))) -> B+ | H22: 4 | I22: Analyze trouble trend especially frequent trouble by considering potential risk and take measure for reduction. *Ask Manager (not safety)
G23: =IF(H23=1,"C",IF(H23=2,"B-",IF(H23=3,"B",IF(H23=4,"B+",IF(H23=5,"A"))))) -> A | H23: 5 | I23: The best practices/similar trouble of has been gathered from other facility/plants/industry, and implement in the plant or clear KPI to reduce frequent trouble *Ask Manager (not safety)
F24: Safety Patrol/Monitoring | G24: =IF(H24=1,"C",IF(H24=2,"B-",IF(H24=3,"B",IF(H24=4,"B+",IF(H24=5,"A"))))) -> C | H24: 1 | I24: There's only general/same issue of patrol/monitoring e.g. no cleaning, improper parking cart etc. without law compliance/risk point finding and/or no follow up. (Mgr, SV)
G25: =IF(H25=1,"C",IF(H25=2,"B-",IF(H25=3,"B",IF(H25=4,"B+",IF(H25=5,"A"))))) -> B- | H25: 2 | I25: Risks, non-compliance, or unsafe behaviors are identified but follow up only after being highlighted by audits, incidents. (Mgr, SV)
G26: =IF(H26=1,"C",IF(H26=2,"B-",IF(H26=3,"B",IF(H26=4,"B+",IF(H26=5,"A"))))) -> B | H26: 3 | I26: The patroller identify risk/non-compliance/unsafe behavior during patrol/monitoring and measure has been followed up until completion (Mgr, SV)
G27: =IF(H27=1,"C",IF(H27=2,"B-",IF(H27=3,"B",IF(H27=4,"B+",IF(H27=5,"A"))))) -> B+ | H27: 4 | I27: Patrollers/section actively engage responsible persons, track corrective actions, and verify effectiveness to ensure risks are fully mitigated. (Mgr, SV)
G28: =IF(H28=1,"C",IF(H28=2,"B-",IF(H28=3,"B",IF(H28=4,"B+",IF(H28=5,"A"))))) -> A | H28: 5 | I28: The patrol/monitoring process not only eliminate identified risks but also drive cross-functional learning among section, and a culture where everyone proactively prevents unsafe behaviors (Mgr, SV)
C29: Independency and Continuity | D29: ・品質経営知識と意識、活動定着 | E29: マネジメントシステムの 自律的実行 ※マネジメントシステムを 基盤とした スパイラルアップ活動 | F29: Management System: P | G29: =IF(H29=1,"C",IF(H29=2,"B-",IF(H29=3,"B",IF(H29=4,"B+",IF(H29=5,"A"))))) -> B+ | H29: 4 | I29: ='Safety overall result'!N33 -> Safety IIP is approved by plant manager and safety committee, and it was deployed into all department, and all department shared it in team. (Each department has each safety IIP) (Safety Manager) *Ask Manager (not safety)
G30: =IF(H30=1,"C",IF(H30=2,"B-",IF(H30=3,"B",IF(H30=4,"B+",IF(H30=5,"A"))))) -> A | H30: 5 | I30: ='Safety overall result'!P33 -> Before Safety IIP is approved by plant manager and safety committee, the plan has been discussed and built a consensus by all team. And, all teammates has been explained it and confirmed its understandings. (Safety Manager) *Ask Manager (not safety)
F31: Management System: D | G31: =IF(H31=1,"C",IF(H31=2,"B-",IF(H31=3,"B",IF(H31=4,"B+",IF(H31=5,"A"))))) -> C | H31: 1 | I31: ='Safety overall result'!H34 -> Safety activities have not been conducted as the IIP in plant. (Safety Manager) *Ask Manager (not safety)
G32: =IF(H32=1,"C",IF(H32=2,"B-",IF(H32=3,"B",IF(H32=4,"B+",IF(H32=5,"A"))))) -> B- | H32: 2 | I32: ='Safety overall result'!J34 -> Almost of Safety activities have been conducted as the IIP in plant, but some activities have not. (Safety Manager) *Ask Manager (not safety)
G33: =IF(H33=1,"C",IF(H33=2,"B-",IF(H33=3,"B",IF(H33=4,"B+",IF(H33=5,"A"))))) -> B | H33: 3 | I33: ='Safety overall result'!L34 -> Safety activities have been conducted as the IIP in plant. (Safety Manager) *Ask Manager (not safety)
G34: =IF(H34=1,"C",IF(H34=2,"B-",IF(H34=3,"B",IF(H34=4,"B+",IF(H34=5,"A"))))) -> B+ | H34: 4 | I34: ='Safety overall result'!N34 -> Safety activities have been conducted as the IIP in plant, but it is only for direct employee. (Safety Manager) *Ask Manager (not safety)
G35: =IF(H35=1,"C",IF(H35=2,"B-",IF(H35=3,"B",IF(H35=4,"B+",IF(H35=5,"A"))))) -> A | H35: 5 | I35: ='Safety overall result'!P34 -> Managers lead/self-implement/follow-up/instruct safety activities as safety IIP, and all workers in plant have implemented these. (Safety Manager) *Ask Manager (not safety)
F36: Management System: C | G36: =IF(H36=1,"C",IF(H36=2,"B-",IF(H36=3,"B",IF(H36=4,"B+",IF(H36=5,"A"))))) -> C | H36: 1 | I36: ='Safety overall result'!H35 -> Progress of safety IIP have not been followed-up. (Safety Manager) *Ask Manager (not safety)
G37: =IF(H37=1,"C",IF(H37=2,"B-",IF(H37=3,"B",IF(H37=4,"B+",IF(H37=5,"A"))))) -> B- | H37: 2 | I37: ='Safety overall result'!J35 -> Progress of safety IIP have been followed-up almost, but not all items. (Safety Manager) *Ask Manager (not safety)
G38: =IF(H38=1,"C",IF(H38=2,"B-",IF(H38=3,"B",IF(H38=4,"B+",IF(H38=5,"A"))))) -> B | H38: 3 | I38: ='Safety overall result'!L35 -> All items in Safety IIP have been followed-up. (At least once a month) (Safety Manager) *Ask Manager (not safety)
G39: =IF(H39=1,"C",IF(H39=2,"B-",IF(H39=3,"B",IF(H39=4,"B+",IF(H39=5,"A"))))) -> B+ | H39: 4 | I39: ='Safety overall result'!N35 -> All items in Safety IIP have been followed-up more than once a month, but it is not enough to check/confirm it in GENBA. *No evidence to check/confirm in GENBA (Safety Manager) *Ask Manager (not safety)
G40: =IF(H40=1,"C",IF(H40=2,"B-",IF(H40=3,"B",IF(H40=4,"B+",IF(H40=5,"A"))))) -> A | H40: 5 | I40: ='Safety overall result'!P35 -> Progress of Safety IIP have been followed-up by management team, including SVs, and it has been checked/confirmed in GENBA. (Manager, SV) *Ask Manager (not safety)
F41: Management System: A | G41: =IF(H41=1,"C",IF(H41=2,"B-",IF(H41=3,"B",IF(H41=4,"B+",IF(H41=5,"A"))))) -> C | H41: 1 | I41: ='Safety overall result'!H36 -> Safety IIP has been followed-up but review/re-thinking has not been done, issued/OFI have not been extracted. (Safety Manager) *Ask Manager (not safety)
G42: =IF(H42=1,"C",IF(H42=2,"B-",IF(H42=3,"B",IF(H42=4,"B+",IF(H42=5,"A"))))) -> B- | H42: 2 | I42: ='Safety overall result'!J36 -> Safety IIP has been followed-up, and review/re-thinking has not been done, also, issued/OFI have been extracted, but not for all item. (Safety Manager) *Ask Manager (not safety)
G43: =IF(H43=1,"C",IF(H43=2,"B-",IF(H43=3,"B",IF(H43=4,"B+",IF(H43=5,"A"))))) -> B | H43: 3 | I43: ='Safety overall result'!L36 -> Safety IIP has been followed-up, and review/re-thinking has not been done, also, issued/OFI have been extracted, but safety activities have not evolved. (just backing-up or revise frequency) (Safety Manager) *Ask Manager (not safety)
G44: =IF(H44=1,"C",IF(H44=2,"B-",IF(H44=3,"B",IF(H44=4,"B+",IF(H44=5,"A"))))) -> B+ | H44: 4 | I44: ='Safety overall result'!N36 -> Safety IIP has been followed-up, and review/re-thinking has not been done, also, issued/OFI have been extracted, resulting in safety activities have evolved. But, these activities have not been standardized. (Safety Manager) *Ask Manager (not safety)
G45: =IF(H45=1,"C",IF(H45=2,"B-",IF(H45=3,"B",IF(H45=4,"B+",IF(H45=5,"A"))))) -> A | H45: 5 | I45: ='Safety overall result'!P36 -> Safety IIP has been followed-up, and review/re-thinking has not been done, also, issued/OFI have been extracted, resulting in safety activities have evolved. And, these activities have been standardized to keep it going. (Safety Manager) *Ask Manager (not safety)
C46: Integration/ Incorporation | D46: ・品質経営活動に供する組織とリソース | E46: 工場の管理体制 | F46: Budget | G46: =IF(H46=1,"C",IF(H46=2,"B-",IF(H46=3,"B",IF(H46=4,"B+",IF(H46=5,"A"))))) -> C | H46: 1 | I46: ='Safety overall result'!H39 -> Budget for recurrence prevention, RA countermeasure, and working hours (human resource) is not enough. (Safety Manager) *Ask Manager (not safety)
G47: =IF(H47=1,"C",IF(H47=2,"B-",IF(H47=3,"B",IF(H47=4,"B+",IF(H47=5,"A"))))) -> B- | H47: 2 | I47: ='Safety overall result'!J39 -> There is a lack of budget for either recurrence prevention, RA countermeasure, and working hours(human resource). (Safety Manager)
G48: =IF(H48=1,"C",IF(H48=2,"B-",IF(H48=3,"B",IF(H48=4,"B+",IF(H48=5,"A"))))) -> B | H48: 3 | I48: ='Safety overall result'!L39 -> Budget for recurrence prevention, RA countermeasure, and working hours (human resource) is prepared enough as plan. (Safety Manager) *Ask Manager (not safety)
G49: =IF(H49=1,"C",IF(H49=2,"B-",IF(H49=3,"B",IF(H49=4,"B+",IF(H49=5,"A"))))) -> B+ | H49: 4 | I49: ='Safety overall result'!N39 -> Budget is used for recurrence prevention, RA countermeasure, and any other activities as planed. (Safety Manager) *Ask Manager (not safety)
G50: =IF(H50=1,"C",IF(H50=2,"B-",IF(H50=3,"B",IF(H50=4,"B+",IF(H50=5,"A"))))) -> A | H50: 5 | I50: ='Safety overall result'!P39 -> Budget is prepared even for sudden accidents. Or, in case of sudden accidents, additional budget is obtained, and recurrence prevention, RA countermeasure, and any other activities are implemented ahead of schedule. (Safety Manager)
F56: 文書管理 | I56: 回答者は、最新の政府が発行した安全要求を提示できる。
F58: 変更管理 | I58: 変更の起案者、審議者、承認者が任命されている。また、それぞれの役割・責任が定義されている。
I59: 変更管理が規定された手順があり、法令確認のステップが含まれている。
F60: マネジメントコミットメント
F62: 緊急事態計画 | I62: 自工場の緊急時対応手順の安全に関わるものは、安全機能により法令順守が確認されている。
I63: 緊急時の対応者に期待されること、緊急時の役割に関し、文書化されている。
F64: コミュニケーション | I64: 安全担当課長が、工場内で安全に関するコミュニケーションを行っているか確認する（法的要求事項、4M変更、標準改訂等）。

Sheet Safety SV
C3: Solidification 5 items | D3: 評価するポイント | E3: 評価項目 | F3: Secondary Categoty | G3: Score | H3: Point | I3: Criteria | J3: Judge
C4: Issue solving | D4: ・課題解決のスピードとレベル ・深層・真因の深堀、しくみ構築と運用 | E4: 災害対応、類災対策 | F4: Recurrence Prevention | G4: =IF(H4=1,"C",IF(H4=2,"B-",IF(H4=3,"B",IF(H4=4,"B+",IF(H4=5,"A"))))) -> C | H4: 1 | I4: ='Safety overall result'!H11 -> There is evidence that actions have been taken to prevent recurring incidents. And SVs can explain it. And also, confirm at least one example at GENBA. (System: Safety Manager: No.30) *Ask SVs
G5: =IF(H5=1,"C",IF(H5=2,"B-",IF(H5=3,"B",IF(H5=4,"B+",IF(H5=5,"A"))))) -> B | H5: 3 | I5: ='Safety overall result'!L11 -> The safety manager can explain what actions are required for recurrence prevention when occuring a safety accicdent. (System: Safety Manager: No.86) *Ask SVs
G6: =IF(H6=1,"C",IF(H6=2,"B-",IF(H6=3,"B",IF(H6=4,"B+",IF(H6=5,"A"))))) -> A | H6: 5 | I6: ='Safety overall result'!P11 -> The safety leader can explain how such reviews are completed and why that method(s) is effective, providing feedback to SBU and assisting in determining countermeasures. (Example: Share more valid safety measreus than measures proposed by GBS/SBU) (System: Safety Manager: No.140) *Ask SVs
F7: Injury Reporting | G7: =IF(H7=1,"C",IF(H7=2,"B-",IF(H7=3,"B",IF(H7=4,"B+",IF(H7=5,"A"))))) -> A | H7: 5 | I7: ='Safety overall result'!P12 -> Past countermeasures have been re-checked its implementation status periodically. *At least, need to check its progress within 1 year. (Safety Manager)
C8: Risk Management | D8: ・品質経営不具合の兆候管理 ・探索・発信情報の管理分析力 | E8: RA (兆候管理からの 改善) | F8: RA Progress | G8: =IF(H8=1,"C",IF(H8=2,"B-",IF(H8=3,"B",IF(H8=4,"B+",IF(H8=5,"A"))))) -> C | H8: 1 | I8: ='Safety overall result'!H14 -> There is evidence that the required risk assessments have been done or there is a plan to complete. (System: Safety Manager: No.28) *Ask SVs
G9: =IF(H9=1,"C",IF(H9=2,"B-",IF(H9=3,"B",IF(H9=4,"B+",IF(H9=5,"A"))))) -> B- | H9: 2 | I9: ='Safety overall result'!J14 -> There is a risk tracking that lists specific risks on site. (System: Safety Manager: No.50) *Ask SVs
G10: =IF(H10=1,"C",IF(H10=2,"B-",IF(H10=3,"B",IF(H10=4,"B+",IF(H10=5,"A"))))) -> B | H10: 3 | I10: ='Safety overall result'!L14 -> There is at least one control prescribed for each risk identified. These controls are either administrative or technical by nature. The remaining risks are post & written in the work standard. (System: Safety Manager: No.90) *Ask SVs
G11: =IF(H11=1,"C",IF(H11=2,"B-",IF(H11=3,"B",IF(H11=4,"B+",IF(H11=5,"A"))))) -> A | H11: 5 | I11: ='Safety overall result'!P14 -> The respondent can show evidence of at least one review performed in the past 12 months where the risk assessment result/process was improved based on external best practice. (System: Safety Manager: No.154) *Ask SVs
F12: Equipment RA | G12: =IF(H12=1,"C",IF(H12=2,"B-",IF(H12=3,"B",IF(H12=4,"B+",IF(H12=5,"A"))))) -> C | H12: 1 | I12: ='Safety overall result'!H15 -> There is a plan for Machine RA. (Safety Manager)
G13: =IF(H13=1,"C",IF(H13=2,"B-",IF(H13=3,"B",IF(H13=4,"B+",IF(H13=5,"A"))))) -> B- | H13: 2 | I13: ='Safety overall result'!J15 -> There is a plan for hardware countermeasures, but there is a delay in the plan. *No corrective plan for the delay. (Safety Manager)
G14: =IF(H14=1,"C",IF(H14=2,"B-",IF(H14=3,"B",IF(H14=4,"B+",IF(H14=5,"A"))))) -> B | H14: 3 | I14: ='Safety overall result'!L15 -> There is a plan for hardware countermeasures , and it is on-going to the plan. Or, there is a delay but corrective plan has been made for it, and it is on-going. (Safety Manager)
G15: =IF(H15=1,"C",IF(H15=2,"B-",IF(H15=3,"B",IF(H15=4,"B+",IF(H15=5,"A"))))) -> B+ | H15: 4 | I15: ='Safety overall result'!N15 -> There is a plan for hardware contermeasures, and progressing ahead of the plan, but not yet completed. (Safety Manager)
G16: =IF(H16=1,"C",IF(H16=2,"B-",IF(H16=3,"B",IF(H16=4,"B+",IF(H16=5,"A"))))) -> A | H16: 5 | I16: ='Safety overall result'!P15 -> All contermeasures have been completed. *all risks that could be countered by hardware have been reduced by hardware. (Safety Manager)
F17: Task RA | G17: =IF(H17=1,"C",IF(H17=2,"B-",IF(H17=3,"B",IF(H17=4,"B+",IF(H17=5,"A"))))) -> C | H17: 1 | I17: ='Safety overall result'!H16 -> There is a plan for Task RA. (Safety Manager)
G18: =IF(H18=1,"C",IF(H18=2,"B-",IF(H18=3,"B",IF(H18=4,"B+",IF(H18=5,"A"))))) -> B- | H18: 2 | I18: ='Safety overall result'!J16 -> There is a plan for Task RA, but there is a delay in the plan. *No corrective plan for the delay. (Safety Manager)
G19: =IF(H19=1,"C",IF(H19=2,"B-",IF(H19=3,"B",IF(H19=4,"B+",IF(H19=5,"A"))))) -> B | H19: 3 | I19: ='Safety overall result'!L16 -> There is a plan for Task RA, and it is on-going to the plan. Or, there is a delay but corrective plan has been made for it, and it is on-going. (Safety Manager)
G20: =IF(H20=1,"C",IF(H20=2,"B-",IF(H20=3,"B",IF(H20=4,"B+",IF(H20=5,"A"))))) -> B+ | H20: 4 | I20: ='Safety overall result'!N16 -> There is a plan for Task RA, and progressing ahead of the plan, but not yet completed. (Safety Manager)
G21: =IF(H21=1,"C",IF(H21=2,"B-",IF(H21=3,"B",IF(H21=4,"B+",IF(H21=5,"A"))))) -> A | H21: 5 | I21: ='Safety overall result'!P16 -> All task RA have been completed. (Safety Manager)
F22: LOTO management | G22: =IF(H22=1,"C",IF(H22=2,"B-",IF(H22=3,"B",IF(H22=4,"B+",IF(H22=5,"A"))))) -> C | H22: 1 | I22: SVs lack clarity on which operations require LOTO, unclear list. (SVs)
G23: =IF(H23=1,"C",IF(H23=2,"B-",IF(H23=3,"B",IF(H23=4,"B+",IF(H23=5,"A"))))) -> B- | H23: 2 | I23: SVs can explain LOTO operation/can't do LOTO, but unclear for SOP/APM for task, which can't apply LOTO or no implementation onsite (SVs)
G24: =IF(H24=1,"C",IF(H24=2,"B-",IF(H24=3,"B",IF(H24=4,"B+",IF(H24=5,"A"))))) -> B | H24: 3 | I24: SVs can explain which operation needs LOTO in their own process. There's list of task (production, maintenance), which can/can't do LOTO, SOP has been already prepared and proper application of APM (e.g., orange tag) where LOTO cannot be applied (SVs)
G25: =IF(H25=1,"C",IF(H25=2,"B-",IF(H25=3,"B",IF(H25=4,"B+",IF(H25=5,"A"))))) -> B+ | H25: 4 | I25: SVs actively ensure operators understand and follow LOTO and APM rules, regularly refresh knowledge, and verify compliance before starting tasks (SVs)
G26: =IF(H26=1,"C",IF(H26=2,"B-",IF(H26=3,"B",IF(H26=4,"B+",IF(H26=5,"A"))))) -> A | H26: 5 | I26: Department/Section has a culture where SVs not only apply LOTO/APM consistently but also lead cross-functional learning, share best practices, and continuously improve SOPs to prevent energy hazards across all operations (SVs)
F27: Training | G27: =IF(H27=1,"C",IF(H27=2,"B-",IF(H27=3,"B",IF(H27=4,"B+",IF(H27=5,"A"))))) -> C | H27: 1 | I27: ='Safety overall result'!H20 -> Safety trainings have been given to workers when new hired and/or trasfered. (SVs)
G28: =IF(H28=1,"C",IF(H28=2,"B-",IF(H28=3,"B",IF(H28=4,"B+",IF(H28=5,"A"))))) -> B- | H28: 2 | I28: ='Safety overall result'!J20 -> Safety training meets regional legal requirement. (SVs)
G29: =IF(H29=1,"C",IF(H29=2,"B-",IF(H29=3,"B",IF(H29=4,"B+",IF(H29=5,"A"))))) -> B | H29: 3 | I29: ='Safety overall result'!L20 -> Operators can work alone after their skill/knowledge is validated by the site's criteria. (SVs)
G30: =IF(H30=1,"C",IF(H30=2,"B-",IF(H30=3,"B",IF(H30=4,"B+",IF(H30=5,"A"))))) -> B+ | H30: 4 | I30: ='Safety overall result'!N20 -> Skill/knowledge training is managed by IIP for all operaters, and its criteria is clear. Also, their skill/knowledge is followed up until they achieve 100% (SVs)
G31: =IF(H31=1,"C",IF(H31=2,"B-",IF(H31=3,"B",IF(H31=4,"B+",IF(H31=5,"A"))))) -> A | H31: 5 | I31: ='Safety overall result'!P20 -> All operators understanding is confirmed periodically, and the confirmation step is standardized. (SVs)
C32: Business Strategy Adjustment | D32: ・Cpk COPQ分析での基盤強化 ・VC・階層を俯瞰した品質経営担保 | E32: マネジメントシステム運用 | F32: Policy/ Purpose/ Target | G32: =IF(H32=1,"C",IF(H32=2,"B-",IF(H32=3,"B",IF(H32=4,"B+",IF(H32=5,"A"))))) -> B- | H32: 2 | I32: ='Safety overall result'!J21 -> OH&S policy has been established at site. And the manager can explain it. (System: Plant Manager: No.9) (Mgr + SV)
G33: =IF(H33=1,"C",IF(H33=2,"B-",IF(H33=3,"B",IF(H33=4,"B+",IF(H33=5,"A"))))) -> B | H33: 3 | I33: ='Safety overall result'!L21 -> Management can describe and explain the site's OH&S objectives and goals. (Mgr + SV)
G34: =IF(H34=1,"C",IF(H34=2,"B-",IF(H34=3,"B",IF(H34=4,"B+",IF(H34=5,"A"))))) -> B+ | H34: 4 | I34: ='Safety overall result'!N21 -> The plan contains goals to be achieved which are relevant to the incidents and risks identified by the SBU. (Mgr + SV)
F35: Safety Patrol/Monitoring | G35: =IF(H35=1,"C",IF(H35=2,"B-",IF(H35=3,"B",IF(H35=4,"B+",IF(H35=5,"A"))))) -> C | H35: 1 | I35: There's only general/same issue of patrol/monitoring e.g. no cleaning, improper parking cart etc. without law compliance/risk point finding and/or no follow up. (Mgr, SV)
G36: =IF(H36=1,"C",IF(H36=2,"B-",IF(H36=3,"B",IF(H36=4,"B+",IF(H36=5,"A"))))) -> B- | H36: 2 | I36: Risks, non-compliance, or unsafe behaviors are identified but follow up only after being highlighted by audits, incidents. (Mgr, SV)
G37: =IF(H37=1,"C",IF(H37=2,"B-",IF(H37=3,"B",IF(H37=4,"B+",IF(H37=5,"A"))))) -> B | H37: 3 | I37: The patroller identify risk/non-compliance/unsafe behavior during patrol/monitoring and measure has been followed up until completion (Mgr, SV)
G38: =IF(H38=1,"C",IF(H38=2,"B-",IF(H38=3,"B",IF(H38=4,"B+",IF(H38=5,"A"))))) -> B+ | H38: 4 | I38: Patrollers/section actively engage responsible persons, track corrective actions, and verify effectiveness to ensure risks are fully mitigated. (Mgr, SV)
G39: =IF(H39=1,"C",IF(H39=2,"B-",IF(H39=3,"B",IF(H39=4,"B+",IF(H39=5,"A"))))) -> A | H39: 5 | I39: The patrol/monitoring process not only eliminate identified risks but also drive cross-functional learning among section, and a culture where everyone proactively prevents unsafe behaviors (Mgr, SV)
C40: Independency and Continuity | D40: ・品質経営知識と意識、活動定着 | E40: 規定項目の自律的実行 | F40: 3S | G40: =IF(H40=1,"C",IF(H40=2,"B-",IF(H40=3,"B",IF(H40=4,"B+",IF(H40=5,"A"))))) -> B- | H40: 2 | I40: ='Safety overall result'!J28 -> There is an officially appointed 3S leader on site. There is evidence of 3S inspections and recommended actions to improve 3S. (System: Safety Manager: No.44+45) (SV)
F41: Autonomous KY | G41: C | H41: 1 | I41: ='Safety overall result'!#REF! -> #REF!
F42: KYT/ Practical KYT | G42: =IF(H42=1,"C",IF(H42=2,"B-",IF(H42=3,"B",IF(H42=4,"B+",IF(H42=5,"A"))))) -> C | H42: 1 | I42: ='Safety overall result'!H29 -> KYT has not been implemented. (Safety Manager) *Ask SVs
G43: =IF(H43=1,"C",IF(H43=2,"B-",IF(H43=3,"B",IF(H43=4,"B+",IF(H43=5,"A"))))) -> B- | H43: 2 | I43: ='Safety overall result'!J29 -> There is evidence of a defined KY process that been communicated with all staff at least once in the past year. (System: Manager: No.26)
G44: =IF(H44=1,"C",IF(H44=2,"B-",IF(H44=3,"B",IF(H44=4,"B+",IF(H44=5,"A"))))) -> B | H44: 3 | I44: ='Safety overall result'!L29 -> There is an officially appointed KY leader and KY representatives on site. KYT records show that everyone (all teammates and temporary staff) completed KYT monthly
G45: =IF(H45=1,"C",IF(H45=2,"B-",IF(H45=3,"B",IF(H45=4,"B+",IF(H45=5,"A"))))) -> B+ | H45: 4 | I45: ='Safety overall result'!N29 -> KY is performed by everyone onsite (at workstation, equipment, machine, office) The results from KYT/KY onsite used to develop new safety rules or adjust old rules or improvement of safety measures for hazards((risk mitigation/administrative measures)
G46: =IF(H46=1,"C",IF(H46=2,"B-",IF(H46=3,"B",IF(H46=4,"B+",IF(H46=5,"A"))))) -> A | H46: 5 | I46: ='Safety overall result'!P29 -> The KYT activity is evaluated and opportunity for inprovement is discussed with the plant manager annually. (System: Safety Manager: No.113)
F47: Safety Rule | G47: =IF(H47=1,"C",IF(H47=2,"B-",IF(H47=3,"B",IF(H47=4,"B+",IF(H47=5,"A"))))) -> B- | H47: 2 | I47: ='Safety overall result'!J31 -> The respondent can clearly indicate how Site Safety Rules are reviewed and improved. (System: Safety Manager: No.41) (SV)
G48: =IF(H48=1,"C",IF(H48=2,"B-",IF(H48=3,"B",IF(H48=4,"B+",IF(H48=5,"A"))))) -> B+ | H48: 4 | I48: ='Safety overall result'!N31 -> Line-management conducts floor observations(e.g. site tours) and provide feedbacks to teammates to ensure adherence to safety rules, such as procedures, standards, etc. (Leadership: SVs: No.9) (SV)
F54: 文書管理 | I54: 回答者は、最新の政府が発行した安全要求を提示できる。
F56: 変更管理 | I56: 変更の起案者、審議者、承認者が任命されている。また、それぞれの役割・責任が定義されている。
I57: 変更管理が規定された手順があり、法令確認のステップが含まれている。
F58: マネジメントコミットメント
F60: 緊急事態計画 | I60: 自工場の緊急時対応手順の安全に関わるものは、安全機能により法令順守が確認されている。
I61: 緊急時の対応者に期待されること、緊急時の役割に関し、文書化されている。
F62: コミュニケーション | I62: 安全担当課長が、工場内で安全に関するコミュニケーションを行っているか確認する（法的要求事項、4M変更、標準改訂等）。

Sheet Safety Operator
C3: Solidification 5 items | D3: 評価するポイント | E3: 評価項目 | F3: Secondary Categoty | G3: Score | H3: Point | I3: Criteria | J3: Judge | N3: (Memo) Reason of judgement
C4: Issue solving | D4: ・課題解決のスピードとレベル ・深層・真因の深堀、しくみ構築と運用 | E4: 災害対応、類災対策 | F4: Information Sharing | G4: =IF(H4=1,"C",IF(H4=2,"B-",IF(H4=3,"B",IF(H4=4,"B+",IF(H4=5,"A"))))) -> C | H4: 1 | I4: ='Safety overall result'!H10 -> All teammates stated that, at least, safety manager and site leadership representative (e.g. plant manager, department manager, line manager) was involved in the root cause analysis process when a serious incident(lost-time-injury, etc.) occurred. (Leadership: Operator: No.5)
G5: =IF(H5=1,"C",IF(H5=2,"B-",IF(H5=3,"B",IF(H5=4,"B+",IF(H5=5,"A"))))) -> B- | H5: 2 | I5: ='Safety overall result'!J10 -> All teammates can state that they are informed of recent safety incidents (injury, near-miss, etc.) in their areas and actions have been taken to address these. (Teammate Engagement: Operator: No.7)
G6: =IF(H6=1,"C",IF(H6=2,"B-",IF(H6=3,"B",IF(H6=4,"B+",IF(H6=5,"A"))))) -> B | H6: 3 | I6: ='Safety overall result'!L10 -> All teammates say that they are well informed and can explain how the information* communicated contributes to their safety. (System: Operator: No.64) *information: injury, near-miss etc.
G7: =IF(H7=1,"C",IF(H7=2,"B-",IF(H7=3,"B",IF(H7=4,"B+",IF(H7=5,"A"))))) -> B+ | H7: 4 | I7: ='Safety overall result'!N10 -> Teammates can provide examples of accidents which occurred on other facilities and how that information was obtained. (System: Operator: No.110)
G8: =IF(H8=1,"C",IF(H8=2,"B-",IF(H8=3,"B",IF(H8=4,"B+",IF(H8=5,"A"))))) -> A | H8: 5 | I8: ='Safety overall result'!P10 -> H&S risks/measures of other departments have been shared at the safety meeting in your department. (Teammate Engagement: Operator: No.17)
F9: Recurrence Prevention | G9: =IF(H9=1,"C",IF(H9=2,"B-",IF(H9=3,"B",IF(H9=4,"B+",IF(H9=5,"A"))))) -> B- | H9: 2 | I9: ='Safety overall result'!J11 -> A sample of 3 teammates, at least 1 (more than 33%) said they take part in the actions required to prevent safety accidents and provide feedback if these actions are not appropriate or useful. (Teammate Engagement: Operator: No.6)
G10: =IF(H10=1,"C",IF(H10=2,"B-",IF(H10=3,"B",IF(H10=4,"B+",IF(H10=5,"A"))))) -> B+ | H10: 4 | I10: ='Safety overall result'!N11 -> All teammates stated that management had taken specific actions to address hazards they reported, and these actions have been communicated to them. (safety point of view) (Organization: Operator: No.16)
C11: Risk Management | D11: ・品質経営不具合の兆候管理 ・探索・発信情報の管理分析力 | E11: RA (兆候管理からの 改善) | F11: RA Progress | G11: =IF(H11=1,"C",IF(H11=2,"B-",IF(H11=3,"B",IF(H11=4,"B+",IF(H11=5,"A"))))) -> B+ | H11: 4 | I11: ='Safety overall result'!N14 -> The respondent is able to provide at least one recent example of bottom-up communication on hazards and risks. (System: Safety Manager: No.xx) *Ask SVs
F12: LOTO | G12: =IF(H12=1,"C",IF(H12=2,"B-",IF(H12=3,"B",IF(H12=4,"B+",IF(H12=5,"A"))))) -> C | H12: 1 | I12: ='Safety overall result'!H17 -> The basic LOTO training has been implemented anually, all operators understand basic LOTO operation. And, operator take one's own key and locks to GENBA if it is necessary. (operator)
G13: =IF(H13=1,"C",IF(H13=2,"B-",IF(H13=3,"B",IF(H13=4,"B+",IF(H13=5,"A"))))) -> B- | H13: 2 | I13: With the basic LOTO training, ECP has been trained to all operators, and they understand LOTO procedure. *ECP included in SOP, included all related energy and prepared for all LOTO device (Operator)
G14: =IF(H14=1,"C",IF(H14=2,"B-",IF(H14=3,"B",IF(H14=4,"B+",IF(H14=5,"A"))))) -> B+ | H14: 4 | I14: If the operator handle LOTO procedure regularly, he/she can explain and implement its detail procedure. If the operator do not handle LOTO, he/she can explain basic LOTO rule. (Operator)
G15: =IF(H15=1,"C",IF(H15=2,"B-",IF(H15=3,"B",IF(H15=4,"B+",IF(H15=5,"A"))))) -> A | H15: 5 | I15: Operator provide feedback or suggestions of their difficulty/improvement point of LOTO/ECP e.g. identify potential risks where LOTO should be applied and remind or guide others before unsafe conditions happen (Operator)
C16: Independency and Continuity | D16: ・品質経営知識と意識、活動定着 | E16: 規定項目の自律的実行 | F16: BSFA Training | G16: =IF(H16=1,"C",IF(H16=2,"B-",IF(H16=3,"B",IF(H16=4,"B+",IF(H16=5,"A"))))) -> C | H16: 1 | I16: ='Safety overall result'!H27 -> All teammates are taking BSFA training more than annually. (Operator)
F17: 3S | G17: =IF(H17=1,"C",IF(H17=2,"B-",IF(H17=3,"B",IF(H17=4,"B+",IF(H17=5,"A"))))) -> C | H17: 1 | I17: ='Safety overall result'!H28 -> 3S Documents are displayed in work areas, and there is evidence of this being followed. And, self-check has been implemented. (System: Operator: No.19)
G18: =IF(H18=1,"C",IF(H18=2,"B-",IF(H18=3,"B",IF(H18=4,"B+",IF(H18=5,"A"))))) -> B | H18: 3 | I18: ='Safety overall result'!L28 -> 3S standard setting: The 3S standard was set with considering of risk/rule compliance and work ability e.g. no necessary item place inside dangerous zone etc. 3S onsite implementation: All inspected work areas were cleaned (no debris on floor, no spillages) as defined in the 3S visual standard, and there were no unnecessary objects that were not currently in use in the work area. *work area: production area and office (System: Operator: No.75)
G19: =IF(H19=1,"C",IF(H19=2,"B-",IF(H19=3,"B",IF(H19=4,"B+",IF(H19=5,"A"))))) -> B+ | H19: 4 | I19: ='Safety overall result'!N28 -> 3S activity for the improvement of 3S level has been proceeded. (or Improvement of 3S level can be confirmed, or 3s level is over 4.) (System: Operator: No.105)
F20: RA | G20: =IF(H20=1,"C",IF(H20=2,"B-",IF(H20=3,"B",IF(H20=4,"B+",IF(H20=5,"A"))))) -> C | H20: 1 | I20: ='Safety overall result'!H30 -> All teammates recognize the H&S risks applicable in their areas and confirmed these were addressed in trainings. (Teammate Engagement: Operator: No.1)
G21: =IF(H21=1,"C",IF(H21=2,"B-",IF(H21=3,"B",IF(H21=4,"B+",IF(H21=5,"A"))))) -> B- | H21: 2 | I21: ='Safety overall result'!J30 -> A sample of 3 teammates could all state that they took the traning on residual risks based on the work standard. (Teammate Engagement: Operator: No.11)
G22: =IF(H22=1,"C",IF(H22=2,"B-",IF(H22=3,"B",IF(H22=4,"B+",IF(H22=5,"A"))))) -> B | H22: 3 | I22: ='Safety overall result'!L30 -> A sample of 3 teammates could all describe and explain the greatest potential H&S risks in their work, and what controls they use or are in place to mitigate these risks. (Teammate Engagement: Operator: No.13)
G23: =IF(H23=1,"C",IF(H23=2,"B-",IF(H23=3,"B",IF(H23=4,"B+",IF(H23=5,"A"))))) -> B+ | H23: 4 | I23: ='Safety overall result'!N30 -> In a sample of 3 teammates, at least one have participated RA process, and he/she could explain a full and accurate Risk Assessment. (Teammate Engagement: Operator: No.14)
G24: =IF(H24=1,"C",IF(H24=2,"B-",IF(H24=3,"B",IF(H24=4,"B+",IF(H24=5,"A"))))) -> A | H24: 5 | I24: ='Safety overall result'!P30 -> H&S risks/measures of other departments have been shared at the safety meeting in your department. (Teammate Engagement: Operator: No.17)
F25: Safety Rule | G25: =IF(H25=1,"C",IF(H25=2,"B-",IF(H25=3,"B",IF(H25=4,"B+",IF(H25=5,"A"))))) -> C | H25: 1 | I25: ='Safety overall result'!H31 -> All operators shows understanding of the applicable All Bridgestone Safety Rules in their areas. (System: Operator: No.13)
G26: =IF(H26=1,"C",IF(H26=2,"B-",IF(H26=3,"B",IF(H26=4,"B+",IF(H26=5,"A"))))) -> B | H26: 3 | I26: ='Safety overall result'!L31 -> All teammates can demonstrate knowledge of the Safety Rules and explain key points on safety in the work standard. (System: Operator: No.70)
G27: =IF(H27=1,"C",IF(H27=2,"B-",IF(H27=3,"B",IF(H27=4,"B+",IF(H27=5,"A"))))) -> A | H27: 5 | I27: ='Safety overall result'!P31 -> The respondent explains that feedback is used to make tangible changes in the Safety Rules and can give at least 1 recent example. （Examples of FB: Responsed to proposed safety rules. Teammates can work based on the safety rules, or require changes due to dificulties to work based on the rules, etc.) (System: Operator: No.128)
F34: 文書管理 | I34: 回答者は、最新の政府が発行した安全要求を提示できる。
F36: 変更管理 | I36: 変更の起案者、審議者、承認者が任命されている。また、それぞれの役割・責任が定義されている。
I37: 変更管理が規定された手順があり、法令確認のステップが含まれている。
F38: マネジメントコミットメント
F40: 緊急事態計画 | I40: 自工場の緊急時対応手順の安全に関わるものは、安全機能により法令順守が確認されている。
I41: 緊急時の対応者に期待されること、緊急時の役割に関し、文書化されている。
F42: コミュニケーション | I42: 安全担当課長が、工場内で安全に関するコミュニケーションを行っているか確認する（法的要求事項、4M変更、標準改訂等）。

Sheet Safety Instruction.
M1: 発行日： | N1: 45128
C2: Solidification Assessment Safety Instruction
C4: Site | N4: 継続：現状維持、 レベルアップ：A、B＋、Bレベルへの改善 新規：過去に指摘・提案がない
C6: Solidification 5 items | D6: Point of Evaluation | E6: Primary Categoty | F6: Secondary Categoty | G6: 3 Axes Evaluation | H6: Result | J6: 2028 Target | K6: Issues and/or Changes | L6: Instruction - Items could be Incorporated into MBP | M6: Implementation Items | N6: Category
H7: 2024 | I7: 2025 | N7: Continue | O7: Level up | P7: New
C9: Issue solving | D9: Quickness of issue solving Deep root cause analysis, standardization and implementation | E9: Cuntermeasures and Recurrence prevention | F9: Information Sharing | G9: Governance | H9: =INDEX(Data!$P$4:$AA$37,MATCH('Safety Instruction.'!$F9,Data!$Q$4:$Q$37,0),MATCH('Safety Instruction.'!$D$4,Data!$P$4:$AA$4,0)) -> #N/A | I9: ='Safety overall result'!Z10 -> A | S9: 情報展開 | T9: Information Sharing
F10: Recurrence Prevention | G10: Risk | H10: =INDEX(Data!$P$4:$AA$37,MATCH('Safety Instruction.'!$F10,Data!$Q$4:$Q$37,0),MATCH('Safety Instruction.'!$D$4,Data!$P$4:$AA$4,0)) -> #N/A | I10: ='Safety overall result'!Z11 -> A | S10: 再発防止 対策 | T10: Recurrence Prevention
F11: Injury Reporting | G11: Governance | H11: =INDEX(Data!$P$4:$AA$37,MATCH('Safety Instruction.'!$F11,Data!$Q$4:$Q$37,0),MATCH('Safety Instruction.'!$D$4,Data!$P$4:$AA$4,0)) -> #N/A | I11: ='Safety overall result'!Z12 -> A | S11: 災害報告 | T11: Injury Reporting
F12: Recurrence Prevention Process KPI | G12: Risk | H12: =INDEX(Data!$P$4:$AA$37,MATCH('Safety Instruction.'!$F12,Data!$Q$4:$Q$37,0),MATCH('Safety Instruction.'!$D$4,Data!$P$4:$AA$4,0)) -> #N/A | I12: ='Safety overall result'!Z13 -> C | S12: 類災対策 プロセスKPI | T12: Recurrence Prevention Process KPI
C13: Risk Management | D13: Symptom Management for QM defect Management and analysis of information which is explored, issued | E13: Risk Management | F13: RA Progress | G13: Risk | H13: =INDEX(Data!$P$4:$AA$37,MATCH('Safety Instruction.'!$F13,Data!$Q$4:$Q$37,0),MATCH('Safety Instruction.'!$D$4,Data!$P$4:$AA$4,0)) -> #N/A | I13: ='Safety overall result'!Z14 -> A | S13: RA評価推進 | T13: RA Progress
F14: Equipment RA | G14: Risk | H14: =INDEX(Data!$P$4:$AA$37,MATCH('Safety Instruction.'!$F14,Data!$Q$4:$Q$37,0),MATCH('Safety Instruction.'!$D$4,Data!$P$4:$AA$4,0)) -> #N/A | I14: ='Safety overall result'!Z15 -> A | S14: 設備RA プロセスKPI | T14: Equipment RA
F15: Task RA | G15: Risk | H15: =INDEX(Data!$P$4:$AA$37,MATCH('Safety Instruction.'!$F15,Data!$Q$4:$Q$37,0),MATCH('Safety Instruction.'!$D$4,Data!$P$4:$AA$4,0)) -> #N/A | I15: ='Safety overall result'!Z16 -> A | S15: 作業RA プロセスKPI | T15: Task RA
F16: LOTO | H16: =INDEX(Data!$P$4:$AA$37,MATCH('Safety Instruction.'!$F16,Data!$Q$4:$Q$37,0),MATCH('Safety Instruction.'!$D$4,Data!$P$4:$AA$4,0)) -> #N/A | I16: ='Safety overall result'!Z17 -> A | S16: LOTO 運用徹底 | T16: LOTO
F17: LOTO management | I17: ='Safety overall result'!Z18 -> A
F18: Contractor management | I18: ='Safety overall result'!Z19 -> A
F19: Training | G19: Compliance | H19: =INDEX(Data!$P$4:$AA$37,MATCH('Safety Instruction.'!$F19,Data!$Q$4:$Q$37,0),MATCH('Safety Instruction.'!$D$4,Data!$P$4:$AA$4,0)) -> #N/A | I19: ='Safety overall result'!Z20 -> A | S19: TYM/TS
C20: Business Strategy Adjustment | D20: Fundamental enhancement by Cpk and COPQ analysis QM management assurance across value chain | E20: Management System | F20: Policy/ Purpose/ Target | G20: Governance | H20: =INDEX(Data!$P$4:$AA$37,MATCH('Safety Instruction.'!$F20,Data!$Q$4:$Q$37,0),MATCH('Safety Instruction.'!$D$4,Data!$P$4:$AA$4,0)) -> #N/A | I20: ='Safety overall result'!Z21 -> A | S20: 教育訓練 | T20: Training
F21: Implementation Plan | G21: Governance | H21: =INDEX(Data!$P$4:$AA$37,MATCH('Safety Instruction.'!$F21,Data!$Q$4:$Q$37,0),MATCH('Safety Instruction.'!$D$4,Data!$P$4:$AA$4,0)) -> #N/A | I21: ='Safety overall result'!Z22 -> A | S21: 方針・目的・目標 | T21: Policy/ Purpose/ Target
F22: Audit | G22: Governance | H22: =INDEX(Data!$P$4:$AA$37,MATCH('Safety Instruction.'!$F22,Data!$Q$4:$Q$37,0),MATCH('Safety Instruction.'!$D$4,Data!$P$4:$AA$4,0)) -> #N/A | I22: ='Safety overall result'!Z23 -> A | S22: 実施計画 | T22: Implementation Plan
F23: Working std. (Review/Revise) | I23: ='Safety overall result'!Z24 -> A
F24: TS/TYM (Trouble management) | I24: ='Safety overall result'!Z25 -> A
F25: Safety Patrol/Monitoring | I25: ='Safety overall result'!Z26 -> A
C26: Independency and Continuity | D26: Awareness and knowledge for QM | E26: Independent implementation of BSFA | F26: BSFA Training | G26: Compliance | H26: =INDEX(Data!$P$4:$AA$37,MATCH('Safety Instruction.'!$F26,Data!$Q$4:$Q$37,0),MATCH('Safety Instruction.'!$D$4,Data!$P$4:$AA$4,0)) -> #N/A | I26: ='Safety overall result'!Z27 -> A | S26: 監査 | T26: Audit
F27: 3S | G27: Risk | H27: =INDEX(Data!$P$4:$AA$37,MATCH('Safety Instruction.'!$F27,Data!$Q$4:$Q$37,0),MATCH('Safety Instruction.'!$D$4,Data!$P$4:$AA$4,0)) -> #N/A | I27: ='Safety overall result'!Z28 -> A | S27: BS共通安全 規定項目 教育 | T27: BSFA Training
F28: KYT/ Practical KYT | G28: Compliance | H28: =INDEX(Data!$P$4:$AA$37,MATCH('Safety Instruction.'!$F28,Data!$Q$4:$Q$37,0),MATCH('Safety Instruction.'!$D$4,Data!$P$4:$AA$4,0)) -> #N/A | I28: ='Safety overall result'!Z29 -> A | S28: 3S | T28: 3S
F29: RA | G29: Risk | H29: =INDEX(Data!$P$4:$AA$37,MATCH('Safety Instruction.'!$F29,Data!$Q$4:$Q$37,0),MATCH('Safety Instruction.'!$D$4,Data!$P$4:$AA$4,0)) -> #N/A | I29: ='Safety overall result'!Z30 -> A | S29: 自律的KY ・改善 | T29: Autonomously KY
F30: Safety Rule | G30: Compliance | H30: =INDEX(Data!$P$4:$AA$37,MATCH('Safety Instruction.'!$F30,Data!$Q$4:$Q$37,0),MATCH('Safety Instruction.'!$D$4,Data!$P$4:$AA$4,0)) -> #N/A | I30: ='Safety overall result'!Z31 -> A | S30: RA | T30: RA
F31: 4M Change Management | G31: Risk | H31: =INDEX(Data!$P$4:$AA$37,MATCH('Safety Instruction.'!$F31,Data!$Q$4:$Q$37,0),MATCH('Safety Instruction.'!$D$4,Data!$P$4:$AA$4,0)) -> #N/A | I31: ='Safety overall result'!Z32 -> A | S31: 安全ルール | T31: Safety Rule
F32: Management System: P | G32: Governance | H32: =INDEX(Data!$P$4:$AA$37,MATCH('Safety Instruction.'!$F32,Data!$Q$4:$Q$37,0),MATCH('Safety Instruction.'!$D$4,Data!$P$4:$AA$4,0)) -> #N/A | I32: ='Safety overall result'!Z33 -> A | S32: 4M変更管理 | T32: 4M Change Management
F33: Management System: D | G33: Governance | H33: =INDEX(Data!$P$4:$AA$37,MATCH('Safety Instruction.'!$F33,Data!$Q$4:$Q$37,0),MATCH('Safety Instruction.'!$D$4,Data!$P$4:$AA$4,0)) -> #N/A | I33: ='Safety overall result'!Z34 -> A | S33: 【モデル工場】 P | T33: Management System: P
F34: Management System: C | G34: Governance | H34: =INDEX(Data!$P$4:$AA$37,MATCH('Safety Instruction.'!$F34,Data!$Q$4:$Q$37,0),MATCH('Safety Instruction.'!$D$4,Data!$P$4:$AA$4,0)) -> #N/A | I34: ='Safety overall result'!Z35 -> A | S34: 【モデル工場】 D | T34: Management System: D
F35: Management System: A | G35: Governance | H35: =INDEX(Data!$P$4:$AA$37,MATCH('Safety Instruction.'!$F35,Data!$Q$4:$Q$37,0),MATCH('Safety Instruction.'!$D$4,Data!$P$4:$AA$4,0)) -> #N/A | I35: ='Safety overall result'!Z36 -> A | S35: 【モデル工場】 C | T35: Management System: C
C36: Integration/ Incorporation | D36: Resource and Organization for QM | E36: Plant Management | F36: Safety Organization | G36: Governance | H36: =INDEX(Data!$P$4:$AA$37,MATCH('Safety Instruction.'!$F36,Data!$Q$4:$Q$37,0),MATCH('Safety Instruction.'!$D$4,Data!$P$4:$AA$4,0)) -> #N/A | I36: ='Safety overall result'!Z37 -> A | S36: 【モデル工場】 A | T36: Management System: A
F37: SE | G37: Governance | H37: =INDEX(Data!$P$4:$AA$37,MATCH('Safety Instruction.'!$F37,Data!$Q$4:$Q$37,0),MATCH('Safety Instruction.'!$D$4,Data!$P$4:$AA$4,0)) -> #N/A | I37: ='Safety overall result'!Z38 -> A | S37: 安全組織 | T37: Safety Organization
F38: Budget | G38: Governance | H38: =INDEX(Data!$P$4:$AA$37,MATCH('Safety Instruction.'!$F38,Data!$Q$4:$Q$37,0),MATCH('Safety Instruction.'!$D$4,Data!$P$4:$AA$4,0)) -> #N/A | I38: ='Safety overall result'!Z39 -> A | S38: 安全担当
S39: SE | T39: SE
S40: 安全専任 職長
S41: 予算確保 | T41: Budget

Sheet DP cal.
B2: Legend
C3: : Items from Safety Maturity Assessment
C4: : Items that is newly added for solidification assessment | E4: 合計中項目： | F4: =COUNTA(E15:E39) -> 25
E5: 合計設問数： | F5: =COUNTA(F15:N39) -> 217
B6: Judgement Criteria
C7: ・各項目ごとの最低点を取る Pick the lowest score from each items
C8: ・各項目は、直近1年間の取り組み状況から判断する Time scope is one year from evaluating
C9: ・技能員を対象とした設問は、原則として各係・工程から1名以上選出して評価する。 Questions for operators, need to have interview at least one person from production department. | N9: Ver_1:2023/3/31作成
C10: ・計画対比の進捗状況について評価する設問は、評価実施時点での計画対比実施状況を見て判断する In case of question that is asking its progress, that should be evaluated at the day of evaluation. | N10: Ver_2:2024/3/19作成
N11: Ver_3:2025/4/1作成
C12: Solidification 5 items | D12: Safety/ DP | E12: Secondary Category | F12: Current Issues Disposition | H12: Potential Risk Prevention | L12: Proactive Prevention | N12: Independent Quality Management | Q12: 安全/ 防災 | R12: 判定記入 | W12: スコア | X12: 評価 | Y12: 3軸分類
F13: 1 | G13: Judge | H13: 2 | I13: Judge | J13: 3 | K13: Judge | L13: 4 | M13: Judge | N13: 5 | O13: Judge | R13: 1 | S13: 2 | T13: 3 | U13: 4 | V13: 5
F14: C | H14: B- | J14: B | L14: B+ | N14: A | R14: C | S14: B- | T14: B | U14: B+ | V14: A
C15: Issue solving | D15: DP | E15: Information Sharing | F15: All teammates stated that, at least, safety manager and site leadership representative (e.g. plant manager, department manager, line manager) was involved in the root cause analysis process when a serious incident(fire incidents, etc.) occurred. (Leadership: Operator: No.5) | G15: ='DP operator'!J4 -> Yes | H15: All teammates can state that they are informed of recent D.P. related incidents (fire, near-miss, etc.) in their areas and actions have been taken to address these. *If there has been no DP incident since the start of employment, we will confirm DP incidents that have occurred at your site in the past. (Teammate Engagement: Operator: No.7) | I15: ='DP operator'!J5 -> Yes | J15: All teammates say that they are well informed and can explain how the information communicated contributes to secure their fire prevention. (System: Operator: No.64) *information: fire, smoke, near-miss, etc. *If there has been no DP incident since the start of employment, we will confirm DP incidents that have occurred at your site in the past. | K15: ='DP operator'!J6 -> Yes | L15: Teammates can provide examples of fire accidents which occurred on other facilities and how that information was obtained. (System: Operator: No.110) | M15: ='DP operator'!J7 -> Yes | N15: DP risks/measures of other site or other departments have been shared at the safety meeting in your department. (Teammate Engagement: Operator: No.17) | O15: ='DP operator'!J8 -> Yes | Q15: 防災 | R15: =G15 -> Yes | S15: =I15 -> Yes | T15: =K15 -> Yes | U15: =M15 -> Yes | V15: =O15 -> Yes | W15: =IF(R15="No",1,IF(S15="No",1,IF(T15="No",2,IF(U15="No",3,IF(V15="No",4,5))))) -> 5 | X15: =IF(W15<2,"C",IF(W15<3,"B-",IF(W15<4,"B",IF(W15<5,"B+",IF(W15=5,"A",""))))) -> A | Y15: ガバナンス
D16: DP | E16: Recurrence Prevention | F16: There is evidence that actions have been taken to prevent recurring incidents. And SVs can explain it. (System: Safety Manager: No.30) *ask SVs | G16: ='DP SV'!J4 -> Yes | H16: A sample of 3 teammates, at least 1 (more than 33%) said they take part in the actions required to prevent DP accidents and provide feedback if these actions are not appropriate or useful. *If there has been no DP incident since the start of employment, a sample of 3 teammates, at least 1 (more than 33%) commented on the need for improvement based on the problems and defects of DP. (Teammate Engagement: Operator: No.6) | I16: ='DP operator'!J9 -> Yes | J16: SVs can explain what actions are required for recurrence prevention when occurring a DP accident.(SV can explain that measures are taken in terms of prevention, detection, and protection from the analysis.) In addition, SVs can explain how to prevent recurrence of accidents that occurred in their own processes. (System: Safety Manager: No.86) *Ask SVs | K16: ='DP SV'!J5 -> Yes | L16: All teammates stated that management had taken specific actions to address hazards they reported, and these actions have been communicated to them. (DP point of view) (Organization: Operator: No.16) | M16: ='DP operator'!J10 -> Yes | N16: SVs can explain how such reviews are completed and why that method(s) is effective by 4M change exmples and so on, providing feedback to SBU and assisting in determining countermeasures. (Example: Share more valid safety measures than measures proposed by GBS/SBU) *Subject to the countermeasures from DP incident, Near miss and defect information raised by operator. (System: Safety Manager: No.140) *Ask SVs Manager: No.140) *Ask SVs | O16: ='DP SV'!J6 -> No | Q16: 防災 | R16: =G16 -> Yes | S16: =I16 -> Yes | T16: =K16 -> Yes | U16: =M16 -> Yes | V16: =O16 -> No | W16: =IF(R16="No",1,IF(S16="No",1,IF(T16="No",2,IF(U16="No",3,IF(V16="No",4,5))))) -> 4 | X16: =IF(W16<2,"C",IF(W16<3,"B-",IF(W16<4,"B",IF(W16<5,"B+",IF(W16=5,"A",""))))) -> B+ | Y16: リスク
D17: DP | E17: Fire Reporting | F17: Issuing fire report with SBU's support. (DP Manager) | G17: ='DP manager'!J4 -> Yes | H17: Fire report is issued by plant, but there was a delay in the due date in the guideline. (DP Manager) | I17: ='DP manager'!J5 -> Yes | J17: Fire report is issued by plant, within the due date that is standardized in the guideline. And root cause analysis and its countermeasure has been completed and these report is issued within the due date as the guideline. (DP Manager) | K17: ='DP manager'!J6 -> Yes | L17: Fire report is issued by plant, within the due date that is standardized in the guideline. And root cause analysis and its countermeasure has been completed and these report is issued within the due date as the guideline. Also, the countermeasure has been expanded to similar machines/tasks. After the countermeasure is completed, the report to SBU has been issued. (DP Manager) | M17: ='DP manager'!J7 -> Yes | N17: Past countermeasures have been re-checked its implementation status periodically. (Subject to DP incidents that have occurred in the past at site or their workplace.) *At least, need to check its progress within 1 year. (Safety Manager) *Also ask SVs | O17: ='DP manager'!J8 -> Yes | Q17: 防災 | R17: =G17 -> Yes | S17: =I17 -> Yes | T17: =K17 -> Yes | U17: =M17 -> Yes | V17: =O17 -> Yes | W17: =IF(R17="No",1,IF(S17="No",1,IF(T17="No",2,IF(U17="No",3,IF(V17="No",4,5))))) -> 5 | X17: =IF(W17<2,"C",IF(W17<3,"B-",IF(W17<4,"B",IF(W17<5,"B+",IF(W17=5,"A",""))))) -> A | Y17: ガバナンス
D18: DP | E18: Recurrence Prevention Process KPI | F18: There is no plan for countermeasures from outside of plant. *"Countermeasure" in this part means that is issued from BSJ7310 (DP Manager) | G18: ='DP manager'!J9 -> Yes | H18: There is a plan for countermeasure, but there is a delay in the plan. *No corrective plan for delay. (DP Manager) | I18: ='DP manager'!J10 -> Yes | J18: There is a plan for countermeasure, and it is on-going to the plan, but not yet completed. Or, there is a delay but corrective plan has been made for it, and it is on-going. (DP Manager) | K18: ='DP manager'!J11 -> Yes | L18: There is a plan for countermeasure, and progressing ahead of the plan, but not yet completed. (DP Manager) | M18: ='DP manager'!J12 -> No | N18: All countermeasures have been completed. (DP Manager) | O18: ='DP manager'!J13 -> No | Q18: 防災 | R18: =G18 -> Yes | S18: =I18 -> Yes | T18: =K18 -> Yes | U18: =M18 -> No | V18: =O18 -> No | W18: =IF(R18="No",1,IF(S18="No",1,IF(T18="No",2,IF(U18="No",3,IF(V18="No",4,5))))) -> 3 | X18: =IF(W18<2,"C",IF(W18<3,"B-",IF(W18<4,"B",IF(W18<5,"B+",IF(W18=5,"A",""))))) -> B | Y18: リスク
C19: Risk Management | D19: DP | E19: Fire RA Progress | F19: There is a plan for BSJP Tire ver. fire prevention RA. (DP Manager) | G19: ='DP manager'!J14 -> Yes | H19: There is a plan for BSJP Tire ver. fire prevention RA, but there is a delay in the plan. *No corrective plan for the delay. (DP Manager) | I19: ='DP manager'!J15 -> Yes | J19: There is a plan for BSJP Tire ver. fire prevention RA, and it is on-going to the plan. Or, there is a delay but corrective plan has been made for it, and it is on-going. Or, all Fire RA have been completed. *Confirm the contents of the assessment sheet. (DP Manager) | K19: ='DP manager'!J16 -> Yes | L19: The result of BSJP Tire ver. fire prevention RA have been shared in the plant. *Operators are informed of risk and countermeasure for gross risk III/IV. If there is no Risk III/IV, they are informed that there is none. *If BSJP Tire ver. fire prevention RA is being assessed, the deployment status of IMD ver. Fire RA is confirmed. (DP Manager) *Ask SVs | M19: ='DP SV'!J8 -> No | N19: The result of BSJP Tire ver. fire prevention RA have been shared in the plant, and all teammates have been understood. *Operators are informed of risk and countermeasure for gross risk III/IV. If there is no risk III/IV, operators understand the high risk area in their plant or process in Risk I/II. *If BSJP Tire ver. fire prevention RA is being assessed, the deployment status of IMD ver. Fire RA is confirmed. (Operators) | O19: ='DP operator'!J11 -> No | Q19: 防災 | R19: =G19 -> Yes | S19: =I19 -> Yes | T19: =K19 -> Yes | U19: =M19 -> No | V19: =O19 -> No | W19: =IF(R19="No",1,IF(S19="No",1,IF(T19="No",2,IF(U19="No",3,IF(V19="No",4,5))))) -> 3 | X19: =IF(W19<2,"C",IF(W19<3,"B-",IF(W19<4,"B",IF(W19<5,"B+",IF(W19=5,"A",""))))) -> B | Y19: リスク
D20: DP | E20: Fire RA | F20: There is no countermeasure plan for the detected risks by Fire RA. (DP Manager) | G20: ='DP manager'!J17 -> Yes | H20: There is a plan for countermeasures for the fire risk, but there is a delay in the plan. *No corrective plan for the delay. (DP Manager) | I20: ='DP manager'!J18 -> Yes | J20: There is a plan for countermeasures for the fire risk, and it is on-going to the plan. Or, there is a delay but corrective plan has been made for it, and it is on-going. (DP Manager) | K20: ='DP manager'!J19 -> Yes | L20: There is a plan for countermeasures for the fire risk, and progressing ahead of the plan, but not yet completed. (DP Manager) | M20: ='DP manager'!J20 -> No | N20: All countermeasures for fire risk III and IV have been completed. Or, there is no fire risk III and IV. (DP Manager) | O20: ='DP manager'!J21 -> No | Q20: 防災 | R20: =G20 -> Yes | S20: =I20 -> Yes | T20: =K20 -> Yes | U20: =M20 -> No | V20: =O20 -> No | W20: =IF(R20="No",1,IF(S20="No",1,IF(T20="No",2,IF(U20="No",3,IF(V20="No",4,5))))) -> 3 | X20: =IF(W20<2,"C",IF(W20<3,"B-",IF(W20<4,"B",IF(W20<5,"B+",IF(W20=5,"A",""))))) -> B | Y20: リスク
D21: DP | E21: DP Inspection | F21: Inspection items (based on legal requirements) are determined at plant and there is a plan for inspection. (DP Manager) | G21: ='DP manager'!J22 -> Yes | H21: Inspection items (based on legal requirements) are determined at plant and there is a plan for inspection, but there is a delay in the plan. *No corrective plan for the delay. (DP Manager) | I21: ='DP manager'!J23 -> Yes | J21: Inspection items (based on legal requirements) are determined at site and there is a plan for inspection. It is on-going to the plan. There is evidence that inspections were conducted as planned. Or, there is a delay but corrective plan has been made for it, and it is on-going. (DP Manager) | K21: ='DP manager'!J24 -> Yes | L21: The inspection defects have been shared in the plant through meetings, etc. (DP Manager) | M21: ='DP manager'!J25 -> Yes | N21: There are cases that inspection items (including standards and procedures) were reviewed based on the inspection results. (DP Manager) | O21: ='DP manager'!J26 -> Yes | Q21: 防災 | R21: =G21 -> Yes | S21: =I21 -> Yes | T21: =K21 -> Yes | U21: =M21 -> Yes | V21: =O21 -> Yes | W21: =IF(R21="No",1,IF(S21="No",1,IF(T21="No",2,IF(U21="No",3,IF(V21="No",4,5))))) -> 5 | X21: =IF(W21<2,"C",IF(W21<3,"B-",IF(W21<4,"B",IF(W21<5,"B+",IF(W21=5,"A",""))))) -> A | Y21: リスク
D22: DP | E22: Electrical Wiring Inspection | F22: Inspection to find defect wiring has not been comducted by 7 seven visual check points. Or, there is no plan to conduct it. (including such as; outlet, plug, over capacity, tangled cords, electric drum) (DP manager) | G22: ='DP manager'!J27 -> Yes | H22: Inspection has been conducted, there is a plan for it, but there is a delay in the plant. Also, defects have been countered immediately. *Need to validate at least one in GENBA. (DP manager) | I22: ='DP manager'!J28 -> Yes | J22: There is a plan for countermeasure from defect wiring insepection, and it is on-going to the plan. Or, there is a delay but corrective plan has been made for it, and it is on-going. *Confirm inspection record of electrical wiring (DP Manager) | K22: ='DP manager'!J29 -> Yes | L22: There is a plan for countermeasure from defect wiring insepection, and progressing ahead of the plan, but not yet completed. (DP manager) | M22: ='DP manager'!J30 -> Yes | N22: Based on the result of electrical wiring inspection, there is no defect that should be countered. (All countermeasures has been completed and the defects are not detected.) (DP manager) *At least one GENBA should be validated. | O22: ='DP manager'!J31 -> Yes | Q22: 防災 | R22: =G22 -> Yes | S22: =I22 -> Yes | T22: =K22 -> Yes | U22: =M22 -> Yes | V22: =O22 -> Yes | W22: =IF(R22="No",1,IF(S22="No",1,IF(T22="No",2,IF(U22="No",3,IF(V22="No",4,5))))) -> 5 | X22: =IF(W22<2,"C",IF(W22<3,"B-",IF(W22<4,"B",IF(W22<5,"B+",IF(W22=5,"A",""))))) -> A | Y22: リスク
D23: DP | E23: Noise patrol | F23: Noise patrol has not been comducted, or, there is no plan to conduct it. (DP manager) | G23: ='DP manager'!J32 -> Yes | H23: Noise patrol has been conducted, there is a plan for it, but there is a delay in the plan. *Need to validate at least one case in GENBA. (DP manager) | I23: ='DP manager'!J33 -> Yes | J23: There is a plan for countermeasure from noise insepection, and it is on-going to the plan. Or, there is a delay but corrective plan has been made for it, and it is on-going. Or, all Fire RA have been completed. (DP Manager) | K23: ='DP manager'!J34 -> Yes | L23: There is a plan for countermeasure from noise insepection, and progressing ahead of the plan, but not yet completed. (DP manager) | M23: ='DP manager'!J35 -> Yes | N23: Based on the result of noise patrol, there is no defect that should be countered. (All countermeasures has been completed and the defects are not detected.) (DP manager) *At least one GENBA should be validated. | O23: ='DP manager'!J36 -> Yes | Q23: 防災 | R23: =G23 -> Yes | S23: =I23 -> Yes | T23: =K23 -> Yes | U23: =M23 -> Yes | V23: =O23 -> Yes | W23: =IF(R23="No",1,IF(S23="No",1,IF(T23="No",2,IF(U23="No",3,IF(V23="No",4,5))))) -> 5 | X23: =IF(W23<2,"C",IF(W23<3,"B-",IF(W23<4,"B",IF(W23<5,"B+",IF(W23=5,"A",""))))) -> A | Y23: リスク
C24: Business Strategy Adjustment | D24: DP | E24: Policy/ Purpose/ Target | F24: DP policy/target has not been issued. (DP Manager) | G24: ='DP manager'!J37 -> Yes | H24: Management can describe and explain the site's OH&S objectives and goals. (System: Manager: No.66) *Ask Manager (not safety) | I24: ='Manager(DP)'!J4 -> Yes | J24: Management can describe and explain the site's OH&S objectives and goals. (System: Manager: No.66) *Ask Manager (not safety) | K24: ='Manager(DP)'!J5 -> Yes | L24: The plan contains goals to be achieved which are relevant to the incidents and risks identified by the SBU. (System: Manager: No.98) *Ask Manager (not safety) | M24: ='Manager(DP)'!J6 -> Yes | N24: There is evidence of OH&S benchmarking with other sites. (System: DP Manager: No.123) | O24: ='DP manager'!J38 -> Yes | Q24: 防災 | R24: =G24 -> Yes | S24: =I24 -> Yes | T24: =K24 -> Yes | U24: =M24 -> Yes | V24: =O24 -> Yes | W24: =IF(R24="No",1,IF(S24="No",1,IF(T24="No",2,IF(U24="No",3,IF(V24="No",4,5))))) -> 5 | X24: =IF(W24<2,"C",IF(W24<3,"B-",IF(W24<4,"B",IF(W24<5,"B+",IF(W24=5,"A",""))))) -> A | Y24: ガバナンス
D25: DP | E25: Implementation Plan | F25: DP policy/target has not been issued. (DP Manager) | G25: ='DP manager'!J39 -> Yes | H25: DP KPIs are tracked at plant, department and line level. To solve issues on DP, site leadership follow DP KPIs, and give directions to review the DP program if necessary. (Leadership: Plant Manager: No.6) *Ask Manager (not safety) | I25: ='Manager(DP)'!J7 -> Yes | J25: DP KPIs are tracked at plant, department and line level. To solve issues on DP, site leadership follow DP KPIs, and give directions to review the DP program if necessary. (Leadership: Plant Manager: No.6) *Ask Manager (not safety) | K25: ='Manager(DP)'!J8 -> Yes | L25: DP KPIs are tracked positively at plant, department and line level - using "Leading indicators"(e.g. Completion rate of training, result of inspection, etc.) Site leadership follow not only lagging indicator(e.g. # of fires), but also leading indicators, and give directions to review and/or improve DP programs if necessary. (Leadership: Plant Manager: No.14) *Ask Manager (not safety) | M25: ='Manager(DP)'!J9 -> No | N25: The Plant Manager can describe his/her DP strategy and its goals, and how it will be implemented and the goals achieved. And, the strategy has been reviewed quarterly - its progress, validity. Also, revision/instruction for the strategy result have been implemented by plant manager. (Leadership: Plant manager: No.21) *Ask Manager (not safety) | O25: ='Manager(DP)'!J10 -> No | Q25: 防災 | R25: =G25 -> Yes | S25: =I25 -> Yes | T25: =K25 -> Yes | U25: =M25 -> No | V25: =O25 -> No | W25: =IF(R25="No",1,IF(S25="No",1,IF(T25="No",2,IF(U25="No",3,IF(V25="No",4,5))))) -> 3 | X25: =IF(W25<2,"C",IF(W25<3,"B-",IF(W25<4,"B",IF(W25<5,"B+",IF(W25=5,"A",""))))) -> B | Y25: ガバナンス
D26: DP | E26: Audit | F26: Internal audit has not been conducted. (DP Manager) | G26: ='DP manager'!J40 -> Yes | H26: Internal audit has been conducted, but its result have not been shared in plant. (DP Manager) | I26: ='DP manager'!J41 -> Yes | J26: Internal audit has been conducted, and its result have been shared in plant including managers. (DP Manager) | K26: ='DP manager'!J42 -> Yes | L26: Based on the result of internal audit, making a plan for KAIZEN, and it is implemented as a plan. (DP Manager) | M26: ='DP manager'!J43 -> Yes | N26: There is no non-conformity (Major/Minor) in QM audit. (DP Manager) | O26: ='DP manager'!J44 -> No | Q26: 防災 | R26: =G26 -> Yes | S26: =I26 -> Yes | T26: =K26 -> Yes | U26: =M26 -> Yes | V26: =O26 -> No | W26: =IF(R26="No",1,IF(S26="No",1,IF(T26="No",2,IF(U26="No",3,IF(V26="No",4,5))))) -> 4 | X26: =IF(W26<2,"C",IF(W26<3,"B-",IF(W26<4,"B",IF(W26<5,"B+",IF(W26=5,"A",""))))) -> B+ | Y26: ガバナンス
C27: Independency and Continuity | D27: DP | E27: 3S *DP perspective (for flammable/combastible material storage) | F27: 3S Documents are displayed in flammable/combastible material storage, chemical storage and paint strage, and there is evidence of this being followed. And, self-check has been implemented. (System: Operator: No.19) | G27: ='DP operator'!J12 -> Yes | H27: There is an officially appointed 3S leader on site. There is evidence of 3S inspections and recommended actions to improve 3S. *3S promotion organization for own process is clear. The group members and group leader are appointed. (System: Safety Manager: No.44+45) *Ask SVs | I27: ='DP SV'!J9 -> Yes | J27: The 3S Visual Standard was prepared and all inspected work areas were cleaned (no debris on floor, no spillages) as defined in the 3S visual standard, and there were no unnecessary objects that were not currently in use in the work area. *work area: production area and office (System: Operator: No.75) | K27: ='DP operator'!J13 -> Yes | L27: 3S activity for the improvement of 3S level has been proceeded. (or Improvement of 3S level can be confirmed, or 3s level is over 4.) (System: Operator: No.105) | M27: ='DP operator'!J14 -> Yes | N27: The best practices on 3S have been gathered from other plants/industry, and it has been incorporated into the site procedure. or There is a evidence of the comparison with other plants. (System: DP Manager: No.133) | O27: ='DP manager'!J45 -> No | Q27: 防災 | R27: =G27 -> Yes | S27: =I27 -> Yes | T27: =K27 -> Yes | U27: =M27 -> Yes | V27: =O27 -> No | W27: =IF(R27="No",1,IF(S27="No",1,IF(T27="No",2,IF(U27="No",3,IF(V27="No",4,5))))) -> 4 | X27: =IF(W27<2,"C",IF(W27<3,"B-",IF(W27<4,"B",IF(W27<5,"B+",IF(W27=5,"A",""))))) -> B+ | Y27: リスク
D28: DP | E28: KYT/ Practical KYT *DP point of view | F28: KYT has not been implemented. (Safety Manager) *Ask SVs | G28: ='DP SV'!J10 -> Yes | H28: There is evidence of a defined KY process that been communicated with all staff at least once in the past year. (System: Manager: No.26) *Ask SVs | I28: ='DP SV'!J11 -> Yes | J28: There is an officially appointed KY leader and KY representatives on site. (System: Manager: No.55) *Ask SVs | K28: ='DP SV'!J12 -> Yes | L28: KYT records show that all teammates and temporary staff have submitted a KYT within the last 3 months. KYT records indicate that KYT is completed periodically in accordance with SBU and/or site standard by everyone on site. (System: Safety Manager: No.83+112) *Ask SVs | M28: ='DP SV'!J13 -> Yes | N28: The KYT activity is evaluated and opportunity for improvement is discussed with the plant manager annually. *SVs can indicate improvements for next year's activities based on comments and advice from plant manager. (System: Safety Manager: No.113) *Ask SVs | O28: ='DP SV'!J14 -> Yes | Q28: 防災 | R28: =G28 -> Yes | S28: =I28 -> Yes | T28: =K28 -> Yes | U28: =M28 -> Yes | V28: =O28 -> Yes | W28: =IF(R28="No",1,IF(S28="No",1,IF(T28="No",2,IF(U28="No",3,IF(V28="No",4,5))))) -> 5 | X28: =IF(W28<2,"C",IF(W28<3,"B-",IF(W28<4,"B",IF(W28<5,"B+",IF(W28=5,"A",""))))) -> A | Y28: 順守推進
D29: DP | E29: Autonomous KY *DP point of view | F29: Autonomously KY has not been conducted. (SVs) | G29: ='DP SV'!J15 -> Yes | H29: Autonomously KY has been conducted but it is conducted by group. (not individual) (Operator) | I29: ='DP operator'!J15 -> Yes | J29: All teammates conduct autonomously KY everyday, decide KY point and its action to avoid. (need to check evidence) (Operator) | K29: ='DP operator'!J16 -> Yes | L29: SVs or leaders conduct GENBA patrol to confirm autonomously KY result, and instruct teammates if needed. (Operator) | M29: ='DP operator'!J17 -> Yes | N29: Visualized the reslut of autonomously KY (making a map), promoted KAIZEN activity besed on the result. Operators can explain an example of KAIZEN activity that is based on autononously KY. *update safety rule, machinery update, etc. *if the site has the system to manage bottom up KAIZEN cycle as from KY activity, this item could be judged "Yes" (Operator) | O29: ='DP operator'!J18 -> No | Q29: 防災 | R29: =G29 -> Yes | S29: =I29 -> Yes | T29: =K29 -> Yes | U29: =M29 -> Yes | V29: =O29 -> No | W29: =IF(R29="No",1,IF(S29="No",1,IF(T29="No",2,IF(U29="No",3,IF(V29="No",4,5))))) -> 4 | X29: =IF(W29<2,"C",IF(W29<3,"B-",IF(W29<4,"B",IF(W29<5,"B+",IF(W29=5,"A",""))))) -> B+ | Y29: リスク
D30: DP | E30: Common Fire Prevention Rule | F30: All teammates have not been received training of Common Fire Prevention Rule. (SVs) | G30: ='DP SV'!J16 -> Yes | H30: All teammates have been received the training once a year. (Operator) | I30: ='DP operator'!J19 -> No | J30: All teammates understand Common Fire Prevention Rule, and can explain what is the point of it in SOP to prevent fire.(At least 2 items) (Operator) | K30: ='DP operator'!J20 -> No | L30: Managers and SVs check GENBA by patrol or something to make teammates follow Common Fire Prevention Rule. And, give teammates feedback to operators. *Confirmation of records indicating that checks and feedback have been conducted. (SVs) | M30: ='DP SV'!J17 -> Yes | N30: All teammates can explain an example of KAIZEN activity from DP point of view. *For example; - Update SOP to follow the DP rule. - Hardware update to follow the DP rule. (Operator) | O30: ='DP operator'!J21 -> Yes | Q30: 防災 | R30: =G30 -> Yes | S30: =I30 -> No | T30: =K30 -> No | U30: =M30 -> Yes | V30: =O30 -> Yes | W30: =IF(R30="No",1,IF(S30="No",1,IF(T30="No",2,IF(U30="No",3,IF(V30="No",4,5))))) -> 1 | X30: =IF(W30<2,"C",IF(W30<3,"B-",IF(W30<4,"B",IF(W30<5,"B+",IF(W30=5,"A",""))))) -> C | Y30: 順守推進
D31: DP | E31: Fire Fighting | F31: Fire extinguisher trainings have not been given. 【Disaster prevention department】 ※In case that fire extinguisher training is given, the judgement is "Yes". In case that fire extinguisher training is not given, the judgement is "No". | G31: ='DP manager'!J46 -> Yes | H31: Fire extinguisher training has been given only to limited (not all) employees in facility. Water spraying drill have been given only to limited (not all) self -firefighting members in facility. 【Disaster prevention department】 | I31: ='DP manager'!J47 -> Yes | J31: Fire extinguisher training and education are given to all employees in facility once or more every year. And Water spraying drill are given to all employees appointed as self-firefighting members in facility once or more every year. 【Disaster prevention department】 | K31: ='DP manager'!J48 -> Yes | L31: Water spraying drill and education are also given to employees who are not self-firefighting members in facility once or more every year. 【Disaster prevention department】 | M31: ='DP manager'!J49 -> Yes | N31: The site plan and carry out practical training for irregular situation such as fire at night, electric power outage, fire in holiday, sudden fire. 【Disaster prevention department】 | O31: ='DP manager'!J50 -> Yes | Q31: 防災 | R31: =G31 -> Yes | S31: =I31 -> Yes | T31: =K31 -> Yes | U31: =M31 -> Yes | V31: =O31 -> Yes | W31: =IF(R31="No",1,IF(S31="No",1,IF(T31="No",2,IF(U31="No",3,IF(V31="No",4,5))))) -> 5 | X31: =IF(W31<2,"C",IF(W31<3,"B-",IF(W31<4,"B",IF(W31<5,"B+",IF(W31=5,"A",""))))) -> A | Y31: 順守推進
D32: DP | E32: Hot Work | F32: There is no standard for hot work or hot work equipment is used without advance application, advance check*, assignment of fire watcher or checking residual fire after work. (If any one of them has defect, the judgement is "No".) *Check presence of combustibles/flammable materials, preparation of fire extinguisher/water in bucket, prevention of spread of sparks, etc. 【Disaster prevention department】 | G32: ='DP manager'!J51 -> Yes | H32: There are standards for hot work and hot work equipment is used with advance application. However there is defect in advance check, assignment of fire watcher, checking residual fire after work, or 3S etc. 【Disaster prevention department】 | I32: ='DP manager'!J52 -> Yes | J32: Hot work is controlled in accordance with the standards. ※Check min. 1 site of construction area, periodic repair area or designated hot work area. 【Disaster prevention department】 | K32: ='DP manager'!J53 -> Yes | L32: Hot work at designated hot work area is controlled in accordance with the standards. 3S is conducted as 3S visual standards (MAP, position, number of things, cleaning level etc.) or 3S level is assessed as point 4 or more. ※Check min. 1 internal production site. 【supervisor】 | M32: ='DP SV'!J18 -> Yes | N32: Hot work at designated hot work area is controlled in accordance with the standards. 3S is conducted as 3S visual standards and best practices of other sites/industries are used for thier own improvement. (Or 3S level is assessed as point 5.) ※Confirm the improvement at min. 1 internal production site. 【supervisor】 | O32: ='DP SV'!J19 -> Yes | Q32: 防災 | R32: =G32 -> Yes | S32: =I32 -> Yes | T32: =K32 -> Yes | U32: =M32 -> Yes | V32: =O32 -> Yes | W32: =IF(R32="No",1,IF(S32="No",1,IF(T32="No",2,IF(U32="No",3,IF(V32="No",4,5))))) -> 5 | X32: =IF(W32<2,"C",IF(W32<3,"B-",IF(W32<4,"B",IF(W32<5,"B+",IF(W32=5,"A",""))))) -> A | Y32: 順守推進
D33: DP | E33: Inspection/ clean-up of mobile equipment | F33: Mobile equipment are not inspected/cleaned regularly. Or the inspection is carried out but there is no plan to solve the problems. (SVs) | G33: ='DP SV'!J20 -> Yes | H33: The inspection is carried out and measures to solve the problems are planned, but the plan is delayed. Using the equipment that have a ploblem is prohibited. *The daily inspection includes an item to check the socket part not only on the forklift side but also on the charger side. (SVs) | I33: ='DP SV'!J21 -> Yes | J33: There is the plan to solve the problems and the measures are conducted as planed. If there is a problem with mobile equipment, using it is prohibited. If the plan is delayed with adequate reason, it is reviewed and the measures are conducted according to the reviewed plan. (The measure is on-going.) 3S is conducted as the 3S standards. (SVs) | K33: ='DP SV'!J22 -> Yes | L33: When the problems are found, they are prohibited to use immediately, or the plan of the measure is developed and moved forward. *If the measure is conducted on the same day, it will be judged as the same as the move forward. (SVs) | M33: ='DP SV'!J23 -> Yes | N33: There is no problem or all problems have already been solved. (SVs) | O33: ='DP SV'!J24 -> Yes | Q33: 防災 | R33: =G33 -> Yes | S33: =I33 -> Yes | T33: =K33 -> Yes | U33: =M33 -> Yes | V33: =O33 -> Yes | W33: =IF(R33="No",1,IF(S33="No",1,IF(T33="No",2,IF(U33="No",3,IF(V33="No",4,5))))) -> 5 | X33: =IF(W33<2,"C",IF(W33<3,"B-",IF(W33<4,"B",IF(W33<5,"B+",IF(W33=5,"A",""))))) -> A | Y33: 順守推進
D34: DP | E34: Compliance of standards and inspection for gasoline cement houses and Warehouse storing flammable materials | F34: Gasoline cement houses and flammable material storages are not inspected regularly. Or the inspection is carried out but there is no plan to solve the problems. The standards of lock-up, pass system or controls* are not complied. (If any one of them has defect, the judgement is "No".) *Control of required number, prevention of accumulation/spread, control of flammable gas/humidity/static electricity, strict prohibition of fire etc. Example: Gasoline, toluene, alcohol, diesel oil, and other liquids with a flash point of less than 60°C (DP Manager) | G34: ='DP manager'!J54 -> Yes | H34: The inspection is carried out and measures to solve the problems are planned, but the plan is delayed. The standards of lock-up, pass system or controls are complied. ※The plan is not reviewed to catch up. ※Check min. 1 site where the inspection was carried out. (DP Manager) | I34: ='DP manager'!J55 -> Yes | J34: There is the plan to solve the problems and the measures are conducted as planed. If the plan is delayed with adequate reason, it is reviewed and the measures are conducted according to the reviewed plan. (The measure is on-going.) The standards of lock-up, pass system and controls are complied. (DP Manager) | K34: ='DP manager'!J56 -> Yes | L34: When the problems are found, they are solved immediately. If it is temporary measure, permanent measure is planned and the plan is moved forward . The standards of lock-up, pass system and controls are complied. 【Disaster prevention department】 | M34: ='DP manager'!J57 -> Yes | N34: There is no problem or all problems have already been solved and the defects are not detected. The standards of lock-up, pass system and controls are complied. ※Confirm min. 1 example of the completed measures on-site. 【Disaster prevention department】 | O34: ='DP manager'!J58 -> Yes | Q34: 防災 | R34: =G34 -> Yes | S34: =I34 -> Yes | T34: =K34 -> Yes | U34: =M34 -> Yes | V34: =O34 -> Yes | W34: =IF(R34="No",1,IF(S34="No",1,IF(T34="No",2,IF(U34="No",3,IF(V34="No",4,5))))) -> 5 | X34: =IF(W34<2,"C",IF(W34<3,"B-",IF(W34<4,"B",IF(W34<5,"B+",IF(W34=5,"A",""))))) -> A | Y34: 順守推進
D35: DP | E35: Control of specified combustibles handling areas | F35: Specified combustibles handling areas are not inspected regularly. Or the inspection is carried out but there is no plan to solve the problems. There is no 3S visual standard (MAP, position, number of things, cleaning level etc.) or 3S is not conducted as the 3S standards. (If any one of them has defect, the judgement is "No".) Example: Combustible cutting oil and Machine oil storage, and waste materials storage (DP Manager) | G35: ='DP manager'!J59 -> Yes | H35: The inspection is carried out and measures to solve the problems are planned, but the plan is delayed. 3S is conducted as the 3S standards. ※The plan is not reviewed to catch up. ※Check min. 1 site where the inspection was carried out. (DP Manager) | I35: ='DP manager'!J60 -> Yes | J35: There is the plan to solve the problems and the measures are conducted as planed. If the plan is delayed with adequate reason, it is reviewed and the measures are conducted according to the reviewed plan. (The measure is on-going.) 3S is conducted as the 3S standards. (DP Manager) | K35: ='DP manager'!J61 -> Yes | L35: When the problems are found, they are solved immediately or the plan of the measure is developed and moved forward. 3S is conducted as the 3S standards. (DP Manager) | M35: ='DP manager'!J62 -> Yes | N35: There is no problem or all problems have already been solved and the defects are not detected. 3S is conducted as the 3S standards. ※Confirm min. 1 example of the completed measures on-site. (DP Manager) | O35: ='DP manager'!J63 -> Yes | Q35: 防災 | R35: =G35 -> Yes | S35: =I35 -> Yes | T35: =K35 -> Yes | U35: =M35 -> Yes | V35: =O35 -> Yes | W35: =IF(R35="No",1,IF(S35="No",1,IF(T35="No",2,IF(U35="No",3,IF(V35="No",4,5))))) -> 5 | X35: =IF(W35<2,"C",IF(W35<3,"B-",IF(W35<4,"B",IF(W35<5,"B+",IF(W35=5,"A",""))))) -> A | Y35: 順守推進
D36: DP | E36: Inspection of unattended areas | F36: Unattended areas are not inspected regularly. Or the inspection is carried out but there is no plan to solve the problems. Firefighting equipment (fire alarms, fire-extinguishing equipment) at unattended areas has defect. (If any one of them has defect, the judgement is "No".) ※Confirm where is designated as unattended areas in the site. (DP Manager) | G36: ='DP manager'!J64 -> Yes | H36: The inspection is carried out and measures to solve the problems are planned, but the plan is delayed. Firefighting equipment at unattended areas has no defect. ※The plan is not reviewed to catch up. ※Check min. 1 site where the inspection was carried out. (DP Manager) | I36: ='DP manager'!J65 -> Yes | J36: There is the plan to solve the problems and the measures are conducted as planed. If the plan is delayed with adequate reason, it is reviewed and the measures are conducted according to the reviewed plan. (The measure is on-going.) Firefighting equipment at unattended areas has no defect. (DP Manager) | K36: ='DP manager'!J66 -> Yes | L36: When the problems are found, the plan of the measure is developed and moved forward. (The measure is in-going.) Firefighting equipment at unattended areas has no defect. (DP Manager) | M36: ='DP manager'!J67 -> Yes | N36: There is no problem or all problems have already been solved and the defects are not detected. ※Check min. 1 example of the completed measures on-site. (DP Manager) | O36: ='DP manager'!J68 -> Yes | Q36: 防災 | R36: =G36 -> Yes | S36: =I36 -> Yes | T36: =K36 -> Yes | U36: =M36 -> Yes | V36: =O36 -> Yes | W36: =IF(R36="No",1,IF(S36="No",1,IF(T36="No",2,IF(U36="No",3,IF(V36="No",4,5))))) -> 5 | X36: =IF(W36<2,"C",IF(W36<3,"B-",IF(W36<4,"B",IF(W36<5,"B+",IF(W36=5,"A",""))))) -> A | Y36: 順守推進
D37: 防災 | E37: Carbon MUST items Selfcheck | F37: Carbon MUST items have been self-checked based on annual plan. And, there is a plan for detected non-conformity items in the selfcheck. (SVs) | H37: There is plans for the selfcheck and countermeasure, but there in a delay in the plan. *there is no corrective action for the delay. (SVs) | J37: There is a plan for countermeasure from the selfcheck, and it is on-going to the plan. Or, there is a delay but corrective plan has been made for it, and it is on-going. (SVs) | L37: There is a plan for countermeasure from the selfcheck, and progressing ahead of the plan, but not yet completed. (SVs) | N37: Self-check has been completed as a plan, and there is no defect or all findings have beem solved. *At least one GENBA validation required (SVs) | Q37: 防災 | Y37: 順守推進
D38: 防災 | E38: Carbon MUST items Training | F38: カーボンMUSTにかかわる従業員にカーボンMUSTの教育を実施している。 【職長】 ※教育を実施している場合は”YES” していない場合は”No”で評価 | H38: カーボンMUSTにかかわる従業員に年1回以上、教育を100％実施している（新人教育を含む）_x000B_【技能員】 | J38: カーボンMUSTにかかわる従業員が、カーボンMUSTを理解し、作業標準内でのカーボンMUSTに関するポイントを説明することができる。_x000B_【技能員】 | L38: カーボンMUSTルールに関するポイントが順守されるように、製造課長・主任・職長は巡回等の現場確認を行い、技能員へ巡回結果のフィードバックを行っている。 _x000B_【職長】 | N38: カーボンMUSTにかかわる従業員が、自分の提案で、カーボンMUSTに関連する改善を行った事例を、少なくとも1つ示すことができる。_x000B_【技能員】 | Q38: 防災 | Y38: 順守推進
C39: Integration/ Incorporation | D39: DP | E39: DP Organization | F39: There is a EHS manager. (DP manager) | G39: ='DP manager'!J69 -> Yes | H39: There is a EHS manager but he/she has multiple role. (DP manager) | I39: ='DP manager'!J70 -> Yes | J39: Safety/DP Manager's role is exclusive duty in plant. (Safety/DP Manager is managing only safety and DP, and no any other jobs are assigned.) And, a safety staff is asigned in plant. (DP Manager) | K39: ='DP manager'!J71 -> Yes | L39: Safety/DP Manager's role is exclusive duty in plant. (Safety/DP Manager is managing only safety and DP, and no any other jobs are assigned.) And, a safety staff's role also exclusive duty. (DP Manager) | M39: ='DP manager'!J72 -> Yes | N39: Safety/DP Manager's role is exclusive duty in plant. (Safety/DP Manager is managing only safety and DP, and no any other jobs are assigned.) And, his/her experiece is more than three years. (DP Manager) | O39: ='DP manager'!J73 -> Yes | Q39: 防災 | R39: =G39 -> Yes | S39: =I39 -> Yes | T39: =K39 -> Yes | U39: =M39 -> Yes | V39: =O39 -> Yes | W39: =IF(R39="No",1,IF(S39="No",1,IF(T39="No",2,IF(U39="No",3,IF(V39="No",4,5))))) -> 5 | X39: =IF(W39<2,"C",IF(W39<3,"B-",IF(W39<4,"B",IF(W39<5,"B+",IF(W39=5,"A",""))))) -> A | Y39: ガバナンス
D40: DP | E40: Legal lisence | Q40: 防災
D41: DP | E41: Budget | F41: Budget for recurrence prevention, RA countermeasure, and working hours (human resource) is not enough. (DP Manager) *Ask Manager (not safety) | G41: ='Manager(DP)'!J11 -> Yes | H41: There is a lack of budget for either recurrence prevention, RA countermeasure, and working hours(human resource). (DP Manager) *Ask Manager (not safety) | I41: ='Manager(DP)'!J12 -> No | J41: Budget for recurrence prevention, RA countermeasure, and working hours (human resource) is prepared enough as plan. (DP Manager) *Ask Manager (not safety) | K41: ='Manager(DP)'!J13 -> No | L41: Budget is used for recurrence prevention, RA countermeasure, and any other activities as planed. (DP Manager) *Ask Manager (not safety) | M41: ='Manager(DP)'!J14 -> No | N41: Budget is prepared even for sudden accidents. Or, in case of sudden accidents, additional budget is obtained, and recurrence prevention, RA countermeasure, and any other activities are implemented ahead of schedule. (DP Manager) | O41: ='Manager(DP)'!J15 -> No | Q41: 防災 | R41: =G41 -> Yes | S41: =I41 -> No | T41: =K41 -> No | U41: =M41 -> No | V41: =O41 -> No | W41: =IF(R41="No",1,IF(S41="No",1,IF(T41="No",2,IF(U41="No",3,IF(V41="No",4,5))))) -> 1 | X41: =IF(W41<2,"C",IF(W41<3,"B-",IF(W41<4,"B",IF(W41<5,"B+",IF(W41=5,"A",""))))) -> C | Y41: ガバナンス
E45: 文書管理 | F45: 回答者は、最新の政府が発行した安全要求を提示できる。 | H45: 管理者は、必須の安全文書とそうでないものをリストで提示できる。 | J45: 全ての安全衛生に関する事業所の標準は管理者がいる。また、3人の回答者は、割り当てられた安全文書がどのように最新版管理されているか説明できる。 | L45: 安全衛生に関する文書・記録の一覧表は定期的に見直されて最新版管理されている。（不要な重複の廃棄・文書管理者の更新・表示形式の統一） | N45: 他事業所/業界の文書管理に関する好事例を入手し、自拠点へ落とし込みしていることを確認できる。または、他事業所と比較した結果がある。
H46: 不足している文書がないかの確認、（あれば）入手するための実施計画が記録で確認できる。 | J46: 安全衛生に関する文書・記録の管理一覧表があり、管理者によって確認・承認されている。
E47: 変更管理 | F47: 変更の起案者、審議者、承認者が任命されている。また、それぞれの役割・責任が定義されている。 | H47: 変更の起案者・審議者・承認者は、変更管理(4M変更）の教育を受けている。また、その記録がある。 | J47: 回答者は、起案された変更がどのように審議されるか説明できる。また、事業所の安全ルール・作業標準が提案内容と共に分析されている。 ３つの変更事例で、安全に関する審議と承認が確認できる。 | L47: RAは、変更管理手順の一部となっており、変更に伴う潜在的なリスク分析を行うことがRAおよび変更記録から確認できる。 | N47: 過去6か月の変更管理要求の50%のサンプルチェックにおいて、類似の変更時に他事業所で顕在化した危険源・リスク、他事業所のベストプラクティスが含まれている。
F48: 変更管理が規定された手順があり、法令確認のステップが含まれている。 | L48: 変更管理手順において、実行された未然防止の管理を提示できる。
E49: マネジメントコミットメント | H49: 少なくとも3人の技能員は、危険源や（改善の）機会を報告時に、叱責・報復が無い、またはそれを禁止するルールがある と回答した。
J50: 回答者は、自身に関係する安全の目標、どのような貢献がなされるか、説明できる。【主任】 | N50: 他事業所の変更管理に関する好事例を入手し、自拠点へ落とし込みしていることを確認できる。または、他事業所と比較した結果がある。
E51: 緊急事態計画 | F51: 自工場の緊急時対応手順の安全に関わるものは、安全機能により法令順守が確認されている。 | H51: 過去1年間、緊急事態訓練の記録がある、また訓練のレビューが完了している。 | J51: 複数のシナリオが策定されている。 | L51: 合理的に予見可能な緊急事態が特定され、訓練もそれに基づいて全てのシフトで実施されている。また、緊急事態対応手順が文書化されているか。 | N51: 回答者は、緊急事態の対応手順について、他工場の好事例を取り入れたり工夫していることを示すことができる。または、他事業所と比較した結果がある。
F52: 緊急時の対応者に期待されること、緊急時の役割に関し、文書化されている。 | H52: 緊急時対応手順は、直近の訓練レビューに基づき、更新されている。 | J52: 緊急時対応計画は、対応者が従うべき明確なルールおよびガイダンスを含んでいる。
E53: コミュニケーション | F53: 安全担当課長が、工場内で安全に関するコミュニケーションを行っているか確認する（法的要求事項、4M変更、標準改訂等）。 | H53: 入社時の安全関連の教育において、災害発生状況、重大リスクおよびその低減方法が含まれているかどうか確認する。 | J53: 技能員は、安全関連の課題（災害・ヒヤリ・不具合など）を発見した際に、だれに報告すべきかを知っているか確認する。 | L53: 技能員は、災害・ヒヤリ・不具合を管理者に報告した後、管理者からその対応について報告を受けているかどうか確認する。 | N53: 技能員が、安全に関する改善活動を行う際は、自身/自部署だけでなく、小集団・CFTで行っているかどうか確認する。
J54: 安全に関する標準は、有効性が評価され、必要に応じて改善されているかどうか確認する。 （安全に関する標準が協議/審議・及び審議意見が反映されているかどうか）

Sheet DP manager
C3: Solidification 5 items | D3: 評価するポイント | E3: 評価項目 | F3: Score | G3: Point | H3: Secondary Categoty | I3: Criteria | J3: Judge
C4: Issue solving | F4: =IF(G4=1,"C",IF(G4=2,"B-",IF(G4=3,"B",IF(G4=4,"B+",IF(G4=5,"A"))))) -> C | G4: 1 | H4: Fire reporting | I4: ='DP cal.'!F17 -> Issuing fire report with SBU's support. (DP Manager)
F5: =IF(G5=1,"C",IF(G5=2,"B-",IF(G5=3,"B",IF(G5=4,"B+",IF(G5=5,"A"))))) -> B- | G5: 2 | I5: ='DP cal.'!H17 -> Fire report is issued by plant, but there was a delay in the due date in the guideline. (DP Manager)
F6: =IF(G6=1,"C",IF(G6=2,"B-",IF(G6=3,"B",IF(G6=4,"B+",IF(G6=5,"A"))))) -> B | G6: 3 | I6: ='DP cal.'!J17 -> Fire report is issued by plant, within the due date that is standardized in the guideline. And root cause analysis and its countermeasure has been completed and these report is issued within the due date as the guideline. (DP Manager)
F7: =IF(G7=1,"C",IF(G7=2,"B-",IF(G7=3,"B",IF(G7=4,"B+",IF(G7=5,"A"))))) -> B+ | G7: 4 | I7: ='DP cal.'!L17 -> Fire report is issued by plant, within the due date that is standardized in the guideline. And root cause analysis and its countermeasure has been completed and these report is issued within the due date as the guideline. Also, the countermeasure has been expanded to similar machines/tasks. After the countermeasure is completed, the report to SBU has been issued. (DP Manager)
F8: =IF(G8=1,"C",IF(G8=2,"B-",IF(G8=3,"B",IF(G8=4,"B+",IF(G8=5,"A"))))) -> A | G8: 5 | I8: ='DP cal.'!N17 -> Past countermeasures have been re-checked its implementation status periodically. (Subject to DP incidents that have occurred in the past at site or their workplace.) *At least, need to check its progress within 1 year. (Safety Manager) *Also ask SVs
F9: =IF(G9=1,"C",IF(G9=2,"B-",IF(G9=3,"B",IF(G9=4,"B+",IF(G9=5,"A"))))) -> C | G9: 1 | H9: Recurrence Prevention Process KPI | I9: ='DP cal.'!F18 -> There is no plan for countermeasures from outside of plant. *"Countermeasure" in this part means that is issued from BSJ7310 (DP Manager)
F10: =IF(G10=1,"C",IF(G10=2,"B-",IF(G10=3,"B",IF(G10=4,"B+",IF(G10=5,"A"))))) -> B- | G10: 2 | I10: ='DP cal.'!H18 -> There is a plan for countermeasure, but there is a delay in the plan. *No corrective plan for delay. (DP Manager)
F11: =IF(G11=1,"C",IF(G11=2,"B-",IF(G11=3,"B",IF(G11=4,"B+",IF(G11=5,"A"))))) -> B | G11: 3 | I11: ='DP cal.'!J18 -> There is a plan for countermeasure, and it is on-going to the plan, but not yet completed. Or, there is a delay but corrective plan has been made for it, and it is on-going. (DP Manager)
F12: =IF(G12=1,"C",IF(G12=2,"B-",IF(G12=3,"B",IF(G12=4,"B+",IF(G12=5,"A"))))) -> B+ | G12: 4 | I12: ='DP cal.'!L18 -> There is a plan for countermeasure, and progressing ahead of the plan, but not yet completed. (DP Manager)
F13: =IF(G13=1,"C",IF(G13=2,"B-",IF(G13=3,"B",IF(G13=4,"B+",IF(G13=5,"A"))))) -> A | G13: 5 | I13: ='DP cal.'!N18 -> All countermeasures have been completed. (DP Manager)
C14: Risk Management | F14: =IF(G14=1,"C",IF(G14=2,"B-",IF(G14=3,"B",IF(G14=4,"B+",IF(G14=5,"A"))))) -> C | G14: 1 | H14: Fire RA Progress | I14: ='DP cal.'!F19 -> There is a plan for BSJP Tire ver. fire prevention RA. (DP Manager)
F15: =IF(G15=1,"C",IF(G15=2,"B-",IF(G15=3,"B",IF(G15=4,"B+",IF(G15=5,"A"))))) -> B- | G15: 2 | I15: ='DP cal.'!H19 -> There is a plan for BSJP Tire ver. fire prevention RA, but there is a delay in the plan. *No corrective plan for the delay. (DP Manager)
F16: =IF(G16=1,"C",IF(G16=2,"B-",IF(G16=3,"B",IF(G16=4,"B+",IF(G16=5,"A"))))) -> B | G16: 3 | I16: ='DP cal.'!J19 -> There is a plan for BSJP Tire ver. fire prevention RA, and it is on-going to the plan. Or, there is a delay but corrective plan has been made for it, and it is on-going. Or, all Fire RA have been completed. *Confirm the contents of the assessment sheet. (DP Manager)
F17: =IF(G17=1,"C",IF(G17=2,"B-",IF(G17=3,"B",IF(G17=4,"B+",IF(G17=5,"A"))))) -> C | G17: 1 | H17: Fire RA | I17: ='DP cal.'!F20 -> There is no countermeasure plan for the detected risks by Fire RA. (DP Manager)
F18: =IF(G18=1,"C",IF(G18=2,"B-",IF(G18=3,"B",IF(G18=4,"B+",IF(G18=5,"A"))))) -> B- | G18: 2 | I18: ='DP cal.'!H20 -> There is a plan for countermeasures for the fire risk, but there is a delay in the plan. *No corrective plan for the delay. (DP Manager)
F19: =IF(G19=1,"C",IF(G19=2,"B-",IF(G19=3,"B",IF(G19=4,"B+",IF(G19=5,"A"))))) -> B | G19: 3 | I19: ='DP cal.'!J20 -> There is a plan for countermeasures for the fire risk, and it is on-going to the plan. Or, there is a delay but corrective plan has been made for it, and it is on-going. (DP Manager)
F20: =IF(G20=1,"C",IF(G20=2,"B-",IF(G20=3,"B",IF(G20=4,"B+",IF(G20=5,"A"))))) -> B+ | G20: 4 | I20: ='DP cal.'!L20 -> There is a plan for countermeasures for the fire risk, and progressing ahead of the plan, but not yet completed. (DP Manager)
F21: =IF(G21=1,"C",IF(G21=2,"B-",IF(G21=3,"B",IF(G21=4,"B+",IF(G21=5,"A"))))) -> A | G21: 5 | I21: ='DP cal.'!N20 -> All countermeasures for fire risk III and IV have been completed. Or, there is no fire risk III and IV. (DP Manager)
F22: =IF(G22=1,"C",IF(G22=2,"B-",IF(G22=3,"B",IF(G22=4,"B+",IF(G22=5,"A"))))) -> C | G22: 1 | H22: DP Inspection | I22: ='DP cal.'!F21 -> Inspection items (based on legal requirements) are determined at plant and there is a plan for inspection. (DP Manager)
F23: =IF(G23=1,"C",IF(G23=2,"B-",IF(G23=3,"B",IF(G23=4,"B+",IF(G23=5,"A"))))) -> B- | G23: 2 | I23: ='DP cal.'!H21 -> Inspection items (based on legal requirements) are determined at plant and there is a plan for inspection, but there is a delay in the plan. *No corrective plan for the delay. (DP Manager)
F24: =IF(G24=1,"C",IF(G24=2,"B-",IF(G24=3,"B",IF(G24=4,"B+",IF(G24=5,"A"))))) -> B | G24: 3 | I24: ='DP cal.'!J21 -> Inspection items (based on legal requirements) are determined at site and there is a plan for inspection. It is on-going to the plan. There is evidence that inspections were conducted as planned. Or, there is a delay but corrective plan has been made for it, and it is on-going. (DP Manager)
F25: =IF(G25=1,"C",IF(G25=2,"B-",IF(G25=3,"B",IF(G25=4,"B+",IF(G25=5,"A"))))) -> B+ | G25: 4 | I25: ='DP cal.'!L21 -> The inspection defects have been shared in the plant through meetings, etc. (DP Manager)
F26: =IF(G26=1,"C",IF(G26=2,"B-",IF(G26=3,"B",IF(G26=4,"B+",IF(G26=5,"A"))))) -> A | G26: 5 | I26: ='DP cal.'!N21 -> There are cases that inspection items (including standards and procedures) were reviewed based on the inspection results. (DP Manager)
F27: =IF(G27=1,"C",IF(G27=2,"B-",IF(G27=3,"B",IF(G27=4,"B+",IF(G27=5,"A"))))) -> C | G27: 1 | H27: Electrical Wiring Inspection | I27: ='DP cal.'!F22 -> Inspection to find defect wiring has not been comducted by 7 seven visual check points. Or, there is no plan to conduct it. (including such as; outlet, plug, over capacity, tangled cords, electric drum) (DP manager)
F28: =IF(G28=1,"C",IF(G28=2,"B-",IF(G28=3,"B",IF(G28=4,"B+",IF(G28=5,"A"))))) -> B- | G28: 2 | I28: ='DP cal.'!H22 -> Inspection has been conducted, there is a plan for it, but there is a delay in the plant. Also, defects have been countered immediately. *Need to validate at least one in GENBA. (DP manager)
F29: =IF(G29=1,"C",IF(G29=2,"B-",IF(G29=3,"B",IF(G29=4,"B+",IF(G29=5,"A"))))) -> B | G29: 3 | I29: ='DP cal.'!J22 -> There is a plan for countermeasure from defect wiring insepection, and it is on-going to the plan. Or, there is a delay but corrective plan has been made for it, and it is on-going. *Confirm inspection record of electrical wiring (DP Manager)
F30: =IF(G30=1,"C",IF(G30=2,"B-",IF(G30=3,"B",IF(G30=4,"B+",IF(G30=5,"A"))))) -> B+ | G30: 4 | I30: ='DP cal.'!L22 -> There is a plan for countermeasure from defect wiring insepection, and progressing ahead of the plan, but not yet completed. (DP manager) | K30: Need to condict and apply the result to the government
F31: =IF(G31=1,"C",IF(G31=2,"B-",IF(G31=3,"B",IF(G31=4,"B+",IF(G31=5,"A"))))) -> A | G31: 5 | I31: ='DP cal.'!N22 -> Based on the result of electrical wiring inspection, there is no defect that should be countered. (All countermeasures has been completed and the defects are not detected.) (DP manager) *At least one GENBA should be validated.
F32: =IF(G32=1,"C",IF(G32=2,"B-",IF(G32=3,"B",IF(G32=4,"B+",IF(G32=5,"A"))))) -> C | G32: 1 | H32: Noise patrol | I32: ='DP cal.'!F23 -> Noise patrol has not been comducted, or, there is no plan to conduct it. (DP manager)
F33: =IF(G33=1,"C",IF(G33=2,"B-",IF(G33=3,"B",IF(G33=4,"B+",IF(G33=5,"A"))))) -> B- | G33: 2 | I33: ='DP cal.'!H23 -> Noise patrol has been conducted, there is a plan for it, but there is a delay in the plan. *Need to validate at least one case in GENBA. (DP manager)
F34: =IF(G34=1,"C",IF(G34=2,"B-",IF(G34=3,"B",IF(G34=4,"B+",IF(G34=5,"A"))))) -> B | G34: 3 | I34: ='DP cal.'!J23 -> There is a plan for countermeasure from noise insepection, and it is on-going to the plan. Or, there is a delay but corrective plan has been made for it, and it is on-going. Or, all Fire RA have been completed. (DP Manager)
F35: =IF(G35=1,"C",IF(G35=2,"B-",IF(G35=3,"B",IF(G35=4,"B+",IF(G35=5,"A"))))) -> B+ | G35: 4 | I35: ='DP cal.'!L23 -> There is a plan for countermeasure from noise insepection, and progressing ahead of the plan, but not yet completed. (DP manager)
F36: =IF(G36=1,"C",IF(G36=2,"B-",IF(G36=3,"B",IF(G36=4,"B+",IF(G36=5,"A"))))) -> A | G36: 5 | I36: ='DP cal.'!N23 -> Based on the result of noise patrol, there is no defect that should be countered. (All countermeasures has been completed and the defects are not detected.) (DP manager) *At least one GENBA should be validated.
C37: Business Strategy Adjustment | F37: =IF(G37=1,"C",IF(G37=2,"B-",IF(G37=3,"B",IF(G37=4,"B+",IF(G37=5,"A"))))) -> C | G37: 1 | H37: Policy/ Purpose/ Target | I37: ='DP cal.'!F24 -> DP policy/target has not been issued. (DP Manager)
F38: =IF(G38=1,"C",IF(G38=2,"B-",IF(G38=3,"B",IF(G38=4,"B+",IF(G38=5,"A"))))) -> A | G38: 5 | I38: ='DP cal.'!N24 -> There is evidence of OH&S benchmarking with other sites. (System: DP Manager: No.123)
F39: =IF(G39=1,"C",IF(G39=2,"B-",IF(G39=3,"B",IF(G39=4,"B+",IF(G39=5,"A"))))) -> C | G39: 1 | H39: Implementation Plan | I39: ='DP cal.'!F25 -> DP policy/target has not been issued. (DP Manager)
F40: =IF(G40=1,"C",IF(G40=2,"B-",IF(G40=3,"B",IF(G40=4,"B+",IF(G40=5,"A"))))) -> C | G40: 1 | H40: Audit | I40: ='DP cal.'!F26 -> Internal audit has not been conducted. (DP Manager)
F41: =IF(G41=1,"C",IF(G41=2,"B-",IF(G41=3,"B",IF(G41=4,"B+",IF(G41=5,"A"))))) -> B- | G41: 2 | I41: ='DP cal.'!H26 -> Internal audit has been conducted, but its result have not been shared in plant. (DP Manager)
F42: =IF(G42=1,"C",IF(G42=2,"B-",IF(G42=3,"B",IF(G42=4,"B+",IF(G42=5,"A"))))) -> B | G42: 3 | I42: ='DP cal.'!J26 -> Internal audit has been conducted, and its result have been shared in plant including managers. (DP Manager)
F43: =IF(G43=1,"C",IF(G43=2,"B-",IF(G43=3,"B",IF(G43=4,"B+",IF(G43=5,"A"))))) -> B+ | G43: 4 | I43: ='DP cal.'!L26 -> Based on the result of internal audit, making a plan for KAIZEN, and it is implemented as a plan. (DP Manager)
F44: =IF(G44=1,"C",IF(G44=2,"B-",IF(G44=3,"B",IF(G44=4,"B+",IF(G44=5,"A"))))) -> A | G44: 5 | I44: ='DP cal.'!N26 -> There is no non-conformity (Major/Minor) in QM audit. (DP Manager)
C45: Independency and Continuity | F45: =IF(G45=1,"C",IF(G45=2,"B-",IF(G45=3,"B",IF(G45=4,"B+",IF(G45=5,"A"))))) -> A | G45: 5 | H45: 3S *DP perspective (for flammable/combastible material storage) | I45: ='DP cal.'!N27 -> The best practices on 3S have been gathered from other plants/industry, and it has been incorporated into the site procedure. or There is a evidence of the comparison with other plants. (System: DP Manager: No.133)
F46: =IF(G46=1,"C",IF(G46=2,"B-",IF(G46=3,"B",IF(G46=4,"B+",IF(G46=5,"A"))))) -> C | G46: 1 | H46: Fire Fighting | I46: ='DP cal.'!F31 -> Fire extinguisher trainings have not been given. 【Disaster prevention department】 ※In case that fire extinguisher training is given, the judgement is "Yes". In case that fire extinguisher training is not given, the judgement is "No".
F47: =IF(G47=1,"C",IF(G47=2,"B-",IF(G47=3,"B",IF(G47=4,"B+",IF(G47=5,"A"))))) -> B- | G47: 2 | I47: ='DP cal.'!H31 -> Fire extinguisher training has been given only to limited (not all) employees in facility. Water spraying drill have been given only to limited (not all) self -firefighting members in facility. 【Disaster prevention department】
F48: =IF(G48=1,"C",IF(G48=2,"B-",IF(G48=3,"B",IF(G48=4,"B+",IF(G48=5,"A"))))) -> B | G48: 3 | I48: ='DP cal.'!J31 -> Fire extinguisher training and education are given to all employees in facility once or more every year. And Water spraying drill are given to all employees appointed as self-firefighting members in facility once or more every year. 【Disaster prevention department】
F49: =IF(G49=1,"C",IF(G49=2,"B-",IF(G49=3,"B",IF(G49=4,"B+",IF(G49=5,"A"))))) -> B+ | G49: 4 | I49: ='DP cal.'!L31 -> Water spraying drill and education are also given to employees who are not self-firefighting members in facility once or more every year. 【Disaster prevention department】
F50: =IF(G50=1,"C",IF(G50=2,"B-",IF(G50=3,"B",IF(G50=4,"B+",IF(G50=5,"A"))))) -> A | G50: 5 | I50: ='DP cal.'!N31 -> The site plan and carry out practical training for irregular situation such as fire at night, electric power outage, fire in holiday, sudden fire. 【Disaster prevention department】
F51: =IF(G51=1,"C",IF(G51=2,"B-",IF(G51=3,"B",IF(G51=4,"B+",IF(G51=5,"A"))))) -> C | G51: 1 | H51: Hot Work | I51: ='DP cal.'!F32 -> There is no standard for hot work or hot work equipment is used without advance application, advance check*, assignment of fire watcher or checking residual fire after work. (If any one of them has defect, the judgement is "No".) *Check presence of combustibles/flammable materials, preparation of fire extinguisher/water in bucket, prevention of spread of sparks, etc. 【Disaster prevention department】
F52: =IF(G52=1,"C",IF(G52=2,"B-",IF(G52=3,"B",IF(G52=4,"B+",IF(G52=5,"A"))))) -> B- | G52: 2 | I52: ='DP cal.'!H32 -> There are standards for hot work and hot work equipment is used with advance application. However there is defect in advance check, assignment of fire watcher, checking residual fire after work, or 3S etc. 【Disaster prevention department】
F53: =IF(G53=1,"C",IF(G53=2,"B-",IF(G53=3,"B",IF(G53=4,"B+",IF(G53=5,"A"))))) -> B | G53: 3 | I53: ='DP cal.'!J32 -> Hot work is controlled in accordance with the standards. ※Check min. 1 site of construction area, periodic repair area or designated hot work area. 【Disaster prevention department】
F54: =IF(G54=1,"C",IF(G54=2,"B-",IF(G54=3,"B",IF(G54=4,"B+",IF(G54=5,"A"))))) -> C | G54: 1 | H54: Compliance of standards and inspection for gasoline cement houses and Warehouse storing flammable materials | I54: ='DP cal.'!F34 -> Gasoline cement houses and flammable material storages are not inspected regularly. Or the inspection is carried out but there is no plan to solve the problems. The standards of lock-up, pass system or controls* are not complied. (If any one of them has defect, the judgement is "No".) *Control of required number, prevention of accumulation/spread, control of flammable gas/humidity/static electricity, strict prohibition of fire etc. Example: Gasoline, toluene, alcohol, diesel oil, and other liquids with a flash point of less than 60°C (DP Manager)
F55: =IF(G55=1,"C",IF(G55=2,"B-",IF(G55=3,"B",IF(G55=4,"B+",IF(G55=5,"A"))))) -> B- | G55: 2 | I55: ='DP cal.'!H34 -> The inspection is carried out and measures to solve the problems are planned, but the plan is delayed. The standards of lock-up, pass system or controls are complied. ※The plan is not reviewed to catch up. ※Check min. 1 site where the inspection was carried out. (DP Manager)
F56: =IF(G56=1,"C",IF(G56=2,"B-",IF(G56=3,"B",IF(G56=4,"B+",IF(G56=5,"A"))))) -> B | G56: 3 | I56: ='DP cal.'!J34 -> There is the plan to solve the problems and the measures are conducted as planed. If the plan is delayed with adequate reason, it is reviewed and the measures are conducted according to the reviewed plan. (The measure is on-going.) The standards of lock-up, pass system and controls are complied. (DP Manager)
F57: =IF(G57=1,"C",IF(G57=2,"B-",IF(G57=3,"B",IF(G57=4,"B+",IF(G57=5,"A"))))) -> B+ | G57: 4 | I57: ='DP cal.'!L34 -> When the problems are found, they are solved immediately. If it is temporary measure, permanent measure is planned and the plan is moved forward . The standards of lock-up, pass system and controls are complied. 【Disaster prevention department】
F58: =IF(G58=1,"C",IF(G58=2,"B-",IF(G58=3,"B",IF(G58=4,"B+",IF(G58=5,"A"))))) -> A | G58: 5 | I58: ='DP cal.'!N34 -> There is no problem or all problems have already been solved and the defects are not detected. The standards of lock-up, pass system and controls are complied. ※Confirm min. 1 example of the completed measures on-site. 【Disaster prevention department】
F59: =IF(G59=1,"C",IF(G59=2,"B-",IF(G59=3,"B",IF(G59=4,"B+",IF(G59=5,"A"))))) -> C | G59: 1 | H59: Control of specified combustibles handling areas | I59: ='DP cal.'!F35 -> Specified combustibles handling areas are not inspected regularly. Or the inspection is carried out but there is no plan to solve the problems. There is no 3S visual standard (MAP, position, number of things, cleaning level etc.) or 3S is not conducted as the 3S standards. (If any one of them has defect, the judgement is "No".) Example: Combustible cutting oil and Machine oil storage, and waste materials storage (DP Manager)
F60: =IF(G60=1,"C",IF(G60=2,"B-",IF(G60=3,"B",IF(G60=4,"B+",IF(G60=5,"A"))))) -> B- | G60: 2 | I60: ='DP cal.'!H35 -> The inspection is carried out and measures to solve the problems are planned, but the plan is delayed. 3S is conducted as the 3S standards. ※The plan is not reviewed to catch up. ※Check min. 1 site where the inspection was carried out. (DP Manager)
F61: =IF(G61=1,"C",IF(G61=2,"B-",IF(G61=3,"B",IF(G61=4,"B+",IF(G61=5,"A"))))) -> B | G61: 3 | I61: ='DP cal.'!J35 -> There is the plan to solve the problems and the measures are conducted as planed. If the plan is delayed with adequate reason, it is reviewed and the measures are conducted according to the reviewed plan. (The measure is on-going.) 3S is conducted as the 3S standards. (DP Manager)
F62: =IF(G62=1,"C",IF(G62=2,"B-",IF(G62=3,"B",IF(G62=4,"B+",IF(G62=5,"A"))))) -> B+ | G62: 4 | I62: ='DP cal.'!L35 -> When the problems are found, they are solved immediately or the plan of the measure is developed and moved forward. 3S is conducted as the 3S standards. (DP Manager)
F63: =IF(G63=1,"C",IF(G63=2,"B-",IF(G63=3,"B",IF(G63=4,"B+",IF(G63=5,"A"))))) -> A | G63: 5 | I63: ='DP cal.'!N35 -> There is no problem or all problems have already been solved and the defects are not detected. 3S is conducted as the 3S standards. ※Confirm min. 1 example of the completed measures on-site. (DP Manager)
F64: =IF(G64=1,"C",IF(G64=2,"B-",IF(G64=3,"B",IF(G64=4,"B+",IF(G64=5,"A"))))) -> C | G64: 1 | H64: Inspection of unattended areas | I64: ='DP cal.'!F36 -> Unattended areas are not inspected regularly. Or the inspection is carried out but there is no plan to solve the problems. Firefighting equipment (fire alarms, fire-extinguishing equipment) at unattended areas has defect. (If any one of them has defect, the judgement is "No".) ※Confirm where is designated as unattended areas in the site. (DP Manager)
F65: =IF(G65=1,"C",IF(G65=2,"B-",IF(G65=3,"B",IF(G65=4,"B+",IF(G65=5,"A"))))) -> B- | G65: 2 | I65: ='DP cal.'!H36 -> The inspection is carried out and measures to solve the problems are planned, but the plan is delayed. Firefighting equipment at unattended areas has no defect. ※The plan is not reviewed to catch up. ※Check min. 1 site where the inspection was carried out. (DP Manager)
F66: =IF(G66=1,"C",IF(G66=2,"B-",IF(G66=3,"B",IF(G66=4,"B+",IF(G66=5,"A"))))) -> B | G66: 3 | I66: ='DP cal.'!J36 -> There is the plan to solve the problems and the measures are conducted as planed. If the plan is delayed with adequate reason, it is reviewed and the measures are conducted according to the reviewed plan. (The measure is on-going.) Firefighting equipment at unattended areas has no defect. (DP Manager)
F67: =IF(G67=1,"C",IF(G67=2,"B-",IF(G67=3,"B",IF(G67=4,"B+",IF(G67=5,"A"))))) -> B+ | G67: 4 | I67: ='DP cal.'!L36 -> When the problems are found, the plan of the measure is developed and moved forward. (The measure is in-going.) Firefighting equipment at unattended areas has no defect. (DP Manager)
F68: =IF(G68=1,"C",IF(G68=2,"B-",IF(G68=3,"B",IF(G68=4,"B+",IF(G68=5,"A"))))) -> A | G68: 5 | I68: ='DP cal.'!N36 -> There is no problem or all problems have already been solved and the defects are not detected. ※Check min. 1 example of the completed measures on-site. (DP Manager)
C69: Integration/ Incorporation | F69: =IF(G69=1,"C",IF(G69=2,"B-",IF(G69=3,"B",IF(G69=4,"B+",IF(G69=5,"A"))))) -> C | G69: 1 | H69: DP Organization | I69: ='DP cal.'!F39 -> There is a EHS manager. (DP manager)
F70: =IF(G70=1,"C",IF(G70=2,"B-",IF(G70=3,"B",IF(G70=4,"B+",IF(G70=5,"A"))))) -> B- | G70: 2 | I70: ='DP cal.'!H39 -> There is a EHS manager but he/she has multiple role. (DP manager)
F71: =IF(G71=1,"C",IF(G71=2,"B-",IF(G71=3,"B",IF(G71=4,"B+",IF(G71=5,"A"))))) -> B | G71: 3 | I71: ='DP cal.'!J39 -> Safety/DP Manager's role is exclusive duty in plant. (Safety/DP Manager is managing only safety and DP, and no any other jobs are assigned.) And, a safety staff is asigned in plant. (DP Manager)
F72: =IF(G72=1,"C",IF(G72=2,"B-",IF(G72=3,"B",IF(G72=4,"B+",IF(G72=5,"A"))))) -> B+ | G72: 4 | I72: ='DP cal.'!L39 -> Safety/DP Manager's role is exclusive duty in plant. (Safety/DP Manager is managing only safety and DP, and no any other jobs are assigned.) And, a safety staff's role also exclusive duty. (DP Manager)
F73: =IF(G73=1,"C",IF(G73=2,"B-",IF(G73=3,"B",IF(G73=4,"B+",IF(G73=5,"A"))))) -> A | G73: 5 | I73: ='DP cal.'!N39 -> Safety/DP Manager's role is exclusive duty in plant. (Safety/DP Manager is managing only safety and DP, and no any other jobs are assigned.) And, his/her experiece is more than three years. (DP Manager)
F74: =IF(G74=1,"C",IF(G74=2,"B-",IF(G74=3,"B",IF(G74=4,"B+",IF(G74=5,"A"))))) -> C | G74: 1 | H74: Legal lisence | I74: ='DP cal.'!G40 -> 0
F75: =IF(G75=1,"C",IF(G75=2,"B-",IF(G75=3,"B",IF(G75=4,"B+",IF(G75=5,"A"))))) -> B- | G75: 2 | I75: ='DP cal.'!H40 -> 0
F76: =IF(G76=1,"C",IF(G76=2,"B-",IF(G76=3,"B",IF(G76=4,"B+",IF(G76=5,"A"))))) -> B | G76: 3 | I76: ='DP cal.'!J40 -> 0
F77: =IF(G77=1,"C",IF(G77=2,"B-",IF(G77=3,"B",IF(G77=4,"B+",IF(G77=5,"A"))))) -> B+ | G77: 4 | I77: ='DP cal.'!L40 -> 0
F78: =IF(G78=1,"C",IF(G78=2,"B-",IF(G78=3,"B",IF(G78=4,"B+",IF(G78=5,"A"))))) -> A | G78: 5 | I78: ='DP cal.'!N40 -> 0
H88: 文書管理 | I88: 回答者は、最新の政府が発行した安全要求を提示できる。
H90: 変更管理 | I90: 変更の起案者、審議者、承認者が任命されている。また、それぞれの役割・責任が定義されている。
I91: 変更管理が規定された手順があり、法令確認のステップが含まれている。
H92: マネジメントコミットメント
H94: 緊急事態計画 | I94: 自工場の緊急時対応手順の安全に関わるものは、安全機能により法令順守が確認されている。
I95: 緊急時の対応者に期待されること、緊急時の役割に関し、文書化されている。
H96: コミュニケーション | I96: 安全担当課長が、工場内で安全に関するコミュニケーションを行っているか確認する（法的要求事項、4M変更、標準改訂等）。

Sheet Manager(DP)
C3: Solidification 5 items | D3: 評価するポイント | E3: 評価項目 | F3: Score | G3: Point | H3: Secondary Categoty | I3: Criteria | J3: Judge
C4: Business Strategy Adjustment | F4: =IF(G4=1,"C",IF(G4=2,"B-",IF(G4=3,"B",IF(G4=4,"B+",IF(G4=5,"A"))))) -> B- | G4: 2 | H4: Policy/ Purpose/ Target | I4: ='DP cal.'!H24 -> Management can describe and explain the site's OH&S objectives and goals. (System: Manager: No.66) *Ask Manager (not safety)
F5: =IF(G5=1,"C",IF(G5=2,"B-",IF(G5=3,"B",IF(G5=4,"B+",IF(G5=5,"A"))))) -> B | G5: 3 | I5: ='DP cal.'!J24 -> Management can describe and explain the site's OH&S objectives and goals. (System: Manager: No.66) *Ask Manager (not safety)
F6: =IF(G6=1,"C",IF(G6=2,"B-",IF(G6=3,"B",IF(G6=4,"B+",IF(G6=5,"A"))))) -> B+ | G6: 4 | I6: ='DP cal.'!L24 -> The plan contains goals to be achieved which are relevant to the incidents and risks identified by the SBU. (System: Manager: No.98) *Ask Manager (not safety)
F7: =IF(G7=1,"C",IF(G7=2,"B-",IF(G7=3,"B",IF(G7=4,"B+",IF(G7=5,"A"))))) -> B- | G7: 2 | H7: Implementation Plan | I7: ='DP cal.'!H25 -> DP KPIs are tracked at plant, department and line level. To solve issues on DP, site leadership follow DP KPIs, and give directions to review the DP program if necessary. (Leadership: Plant Manager: No.6) *Ask Manager (not safety)
F8: =IF(G8=1,"C",IF(G8=2,"B-",IF(G8=3,"B",IF(G8=4,"B+",IF(G8=5,"A"))))) -> B | G8: 3 | I8: ='DP cal.'!J25 -> DP KPIs are tracked at plant, department and line level. To solve issues on DP, site leadership follow DP KPIs, and give directions to review the DP program if necessary. (Leadership: Plant Manager: No.6) *Ask Manager (not safety)
F9: =IF(G9=1,"C",IF(G9=2,"B-",IF(G9=3,"B",IF(G9=4,"B+",IF(G9=5,"A"))))) -> B+ | G9: 4 | I9: ='DP cal.'!L25 -> DP KPIs are tracked positively at plant, department and line level - using "Leading indicators"(e.g. Completion rate of training, result of inspection, etc.) Site leadership follow not only lagging indicator(e.g. # of fires), but also leading indicators, and give directions to review and/or improve DP programs if necessary. (Leadership: Plant Manager: No.14) *Ask Manager (not safety)
F10: =IF(G10=1,"C",IF(G10=2,"B-",IF(G10=3,"B",IF(G10=4,"B+",IF(G10=5,"A"))))) -> A | G10: 5 | I10: ='DP cal.'!N25 -> The Plant Manager can describe his/her DP strategy and its goals, and how it will be implemented and the goals achieved. And, the strategy has been reviewed quarterly - its progress, validity. Also, revision/instruction for the strategy result have been implemented by plant manager. (Leadership: Plant manager: No.21) *Ask Manager (not safety)
C11: Integration/ Incorporation | F11: =IF(G11=1,"C",IF(G11=2,"B-",IF(G11=3,"B",IF(G11=4,"B+",IF(G11=5,"A"))))) -> C | G11: 1 | H11: Budget | I11: ='DP cal.'!F41 -> Budget for recurrence prevention, RA countermeasure, and working hours (human resource) is not enough. (DP Manager) *Ask Manager (not safety)
F12: =IF(G12=1,"C",IF(G12=2,"B-",IF(G12=3,"B",IF(G12=4,"B+",IF(G12=5,"A"))))) -> B- | G12: 2 | I12: ='DP cal.'!H41 -> There is a lack of budget for either recurrence prevention, RA countermeasure, and working hours(human resource). (DP Manager) *Ask Manager (not safety)
F13: =IF(G13=1,"C",IF(G13=2,"B-",IF(G13=3,"B",IF(G13=4,"B+",IF(G13=5,"A"))))) -> B | G13: 3 | I13: ='DP cal.'!J41 -> Budget for recurrence prevention, RA countermeasure, and working hours (human resource) is prepared enough as plan. (DP Manager) *Ask Manager (not safety)
F14: =IF(G14=1,"C",IF(G14=2,"B-",IF(G14=3,"B",IF(G14=4,"B+",IF(G14=5,"A"))))) -> B+ | G14: 4 | I14: ='DP cal.'!L41 -> Budget is used for recurrence prevention, RA countermeasure, and any other activities as planed. (DP Manager) *Ask Manager (not safety)
F15: =IF(G15=1,"C",IF(G15=2,"B-",IF(G15=3,"B",IF(G15=4,"B+",IF(G15=5,"A"))))) -> A | G15: 5 | I15: ='DP cal.'!N41 -> Budget is prepared even for sudden accidents. Or, in case of sudden accidents, additional budget is obtained, and recurrence prevention, RA countermeasure, and any other activities are implemented ahead of schedule. (DP Manager)

Sheet DP SV
C3: Solidification 5 items | D3: 評価するポイント | E3: 評価項目 | F3: Score | G3: Point | H3: Secondary Categoty | I3: Criteria | J3: Judge
C4: Issue solving | F4: =IF(G4=1,"C",IF(G4=2,"B-",IF(G4=3,"B",IF(G4=4,"B+",IF(G4=5,"A"))))) -> C | G4: 1 | H4: Recurrence Prevention | I4: ='DP cal.'!F16 -> There is evidence that actions have been taken to prevent recurring incidents. And SVs can explain it. (System: Safety Manager: No.30) *ask SVs
F5: =IF(G5=1,"C",IF(G5=2,"B-",IF(G5=3,"B",IF(G5=4,"B+",IF(G5=5,"A"))))) -> B | G5: 3 | I5: ='DP cal.'!J16 -> SVs can explain what actions are required for recurrence prevention when occurring a DP accident.(SV can explain that measures are taken in terms of prevention, detection, and protection from the analysis.) In addition, SVs can explain how to prevent recurrence of accidents that occurred in their own processes. (System: Safety Manager: No.86) *Ask SVs
F6: =IF(G6=1,"C",IF(G6=2,"B-",IF(G6=3,"B",IF(G6=4,"B+",IF(G6=5,"A"))))) -> A | G6: 5 | I6: ='DP cal.'!N16 -> SVs can explain how such reviews are completed and why that method(s) is effective by 4M change exmples and so on, providing feedback to SBU and assisting in determining countermeasures. (Example: Share more valid safety measures than measures proposed by GBS/SBU) *Subject to the countermeasures from DP incident, Near miss and defect information raised by operator. (System: Safety Manager: No.140) *Ask SVs Manager: No.140) *Ask SVs
F7: =IF(G7=1,"C",IF(G7=2,"B-",IF(G7=3,"B",IF(G7=4,"B+",IF(G7=5,"A"))))) -> A | G7: 5 | H7: Fire Reporting | I7: ='DP cal.'!N17 -> Past countermeasures have been re-checked its implementation status periodically. (Subject to DP incidents that have occurred in the past at site or their workplace.) *At least, need to check its progress within 1 year. (Safety Manager) *Also ask SVs
